{
  "prompt": "What if gravity reversed for one hour each day?",
  "completion": "Okay, let's dive into the wonderfully chaotic and potentially terrifying thought experiment of gravity reversing for one hour each day. This is a classic science fiction",
  "model_id": "gemma3-4b-it",
  "preset": "ACTIVE_MANIFOLD",
  "completion_tokens": 30,
  "input_tokens": 20,
  "gen_time_sec": 5.58374810218811,
  "phi": 0.9957388043403625,
  "zone": "math",
  "zone_weights": {
    "math": 0.9340081673705258,
    "logic_a": 0.05064823314571292,
    "logic_b": 0.011589930533580525,
    "creative": 0.0037513940674527746,
    "synthesis": 2.2739169527253427e-06
  },
  "zone_entropy": 0.41475734530404884,
  "kurtosis": 2373.8623046875,
  "token_diversity_input": 0.8,
  "loops_run": 1,
  "entropy": 1.4140625
}