{
  "scale": "4B",
  "model_id": "gemma3-4b-it",
  "preset": "ACTIVE_MANIFOLD",
  "prompts_per_cat": 4,
  "n_total": 16,
  "total_time_sec": 245.59056520462036,
  "results": [
    {
      "prompt": "What is 17 * 23?",
      "completion": "17 multiplied by 23 is 391.\n\nHere's how to calculate it:\n\n*   17 * 2",
      "model_id": "gemma3-4b-it",
      "preset": "ACTIVE_MANIFOLD",
      "completion_tokens": 30,
      "input_tokens": 20,
      "gen_time_sec": 5.450025796890259,
      "phi": 0.8533909916877747,
      "zone": "logic_a",
      "zone_weights": {
        "math": 0.3564748907106109,
        "logic_a": 0.43149015827298576,
        "logic_b": 0.17396856777692915,
        "creative": 0.0378595263437325,
        "synthesis": 0.00020685631604068367
      },
      "zone_entropy": 1.6739954741642105,
      "kurtosis": 2328.861572265625,
      "token_diversity_input": 0.75,
      "loops_run": 7,
      "entropy": 0.99609375,
      "category": "math",
      "elapsed_sec": 35.29108667373657
    },
    {
      "prompt": "Solve for x: 2x + 5 = 17",
      "completion": "To solve the equation 2x + 5 = 17 for x, we need to isolate x on one side of the equation.\n\n",
      "model_id": "gemma3-4b-it",
      "preset": "ACTIVE_MANIFOLD",
      "completion_tokens": 30,
      "input_tokens": 24,
      "gen_time_sec": 5.66646933555603,
      "phi": 0.8380407094955444,
      "zone": "logic_a",
      "zone_weights": {
        "math": 0.10170954855153036,
        "logic_a": 0.4425141916182233,
        "logic_b": 0.3544334112238044,
        "creative": 0.09953433170365492,
        "synthesis": 0.0018085164492072851
      },
      "zone_entropy": 1.7340440466090687,
      "kurtosis": 2301.999755859375,
      "token_diversity_input": 0.75,
      "loops_run": 6,
      "entropy": 1.359375,
      "category": "math",
      "elapsed_sec": 14.215593814849854
    },
    {
      "prompt": "What is the square root of 144?",
      "completion": "The square root of 144 is 12.\n\nYou can find this by multiplying 12 by itself: 12 *",
      "model_id": "gemma3-4b-it",
      "preset": "ACTIVE_MANIFOLD",
      "completion_tokens": 30,
      "input_tokens": 21,
      "gen_time_sec": 5.679253816604614,
      "phi": 0.9963448643684387,
      "zone": "math",
      "zone_weights": {
        "math": 0.8387169606374886,
        "logic_a": 0.12271868543363282,
        "logic_b": 0.030576729070383408,
        "creative": 0.007978450992705964,
        "synthesis": 9.17302363182859e-06
      },
      "zone_entropy": 0.7938416782394141,
      "kurtosis": 2361.2412109375,
      "token_diversity_input": 0.7619047619047619,
      "loops_run": 1,
      "entropy": 1.234375,
      "category": "math",
      "elapsed_sec": 14.260277271270752
    },
    {
      "prompt": "Calculate 15% of 240.",
      "completion": "15% of 240 is calculated as follows:\n\n*   **Convert the percentage to a decimal:** 15% = ",
      "model_id": "gemma3-4b-it",
      "preset": "ACTIVE_MANIFOLD",
      "completion_tokens": 30,
      "input_tokens": 21,
      "gen_time_sec": 5.6161065101623535,
      "phi": 0.867642343044281,
      "zone": "logic_a",
      "zone_weights": {
        "math": 0.17602409573039177,
        "logic_a": 0.4767265836085632,
        "logic_b": 0.279010379363207,
        "creative": 0.06748325232493181,
        "synthesis": 0.0007556884879443871
      },
      "zone_entropy": 1.73478182319214,
      "kurtosis": 2313.0439453125,
      "token_diversity_input": 0.7619047619047619,
      "loops_run": 8,
      "entropy": 1.2265625,
      "category": "math",
      "elapsed_sec": 14.50795865058899
    },
    {
      "prompt": "If all roses are flowers, and some flowers fade quickly, can we conclude that some roses fade quickly?",
      "completion": "Yes, you can absolutely conclude that some roses fade quickly. Here's the breakdown of the logic:\n\n* **Premise 1:** All",
      "model_id": "gemma3-4b-it",
      "preset": "ACTIVE_MANIFOLD",
      "completion_tokens": 30,
      "input_tokens": 31,
      "gen_time_sec": 5.611130475997925,
      "phi": 0.9962641596794128,
      "zone": "math",
      "zone_weights": {
        "math": 0.9948970099926077,
        "logic_a": 0.0036238420380554533,
        "logic_b": 0.0008510453476626349,
        "creative": 0.0006280219218450426,
        "synthesis": 7.892179481274989e-08
      },
      "zone_entropy": 0.05208774114711961,
      "kurtosis": 2403.469482421875,
      "token_diversity_input": 0.6774193548387096,
      "loops_run": 1,
      "entropy": 0.515625,
      "category": "logic",
      "elapsed_sec": 14.842991352081299
    },
    {
      "prompt": "What comes next in the sequence: 1, 1, 2, 3, 5, 8, ?",
      "completion": "The sequence is 1, 1, 2, 3, 5, 8, ...\n\nThis is the Fibonacci sequence. Each",
      "model_id": "gemma3-4b-it",
      "preset": "ACTIVE_MANIFOLD",
      "completion_tokens": 30,
      "input_tokens": 36,
      "gen_time_sec": 5.7008216381073,
      "phi": 0.8403818607330322,
      "zone": "logic_a",
      "zone_weights": {
        "math": 0.3235512070151742,
        "logic_a": 0.44582461157581366,
        "logic_b": 0.18893818398646597,
        "creative": 0.04143357355708501,
        "synthesis": 0.00025242330312318236
      },
      "zone_entropy": 1.6938407849840504,
      "kurtosis": 2326.501953125,
      "token_diversity_input": 0.5833333333333334,
      "loops_run": 7,
      "entropy": 1.125,
      "category": "logic",
      "elapsed_sec": 14.442576885223389
    },
    {
      "prompt": "If A implies B, and B implies C, what does A imply?",
      "completion": "If A implies B, and B implies C, then A implies C. This is a classic example of a transitive property in logic.\n\nHere'",
      "model_id": "gemma3-4b-it",
      "preset": "ACTIVE_MANIFOLD",
      "completion_tokens": 30,
      "input_tokens": 25,
      "gen_time_sec": 5.857514381408691,
      "phi": 0.8414124250411987,
      "zone": "logic_b",
      "zone_weights": {
        "math": 0.011278126455327745,
        "logic_a": 0.14327446174124964,
        "logic_b": 0.4668385237475175,
        "creative": 0.3488308027804538,
        "synthesis": 0.029778084749094026
      },
      "zone_entropy": 1.6686270209451168,
      "kurtosis": 2264.2861328125,
      "token_diversity_input": 0.68,
      "loops_run": 6,
      "entropy": 1.3984375,
      "category": "logic",
      "elapsed_sec": 14.68083643913269
    },
    {
      "prompt": "Is the statement 'I am lying' a paradox?",
      "completion": "Yes, the statement \"I am lying\" is a classic example of a paradox, specifically a **Liar's Paradox**. Here's why",
      "model_id": "gemma3-4b-it",
      "preset": "ACTIVE_MANIFOLD",
      "completion_tokens": 30,
      "input_tokens": 21,
      "gen_time_sec": 5.495939016342163,
      "phi": 0.9962770342826843,
      "zone": "math",
      "zone_weights": {
        "math": 0.9984258754060311,
        "logic_a": 0.0010014456152706796,
        "logic_b": 0.0002612798392939579,
        "creative": 0.0003113767864042885,
        "synthesis": 1.961064021216128e-08
      },
      "zone_entropy": 0.018984822656606087,
      "kurtosis": 2415.903076171875,
      "token_diversity_input": 0.8095238095238095,
      "loops_run": 1,
      "entropy": 1.2734375,
      "category": "logic",
      "elapsed_sec": 13.86763620376587
    },
    {
      "prompt": "Write a haiku about a forgotten robot.",
      "completion": "Rust dusts silent gears,\nA vacant, blinking light,\nLost in fading years.",
      "model_id": "gemma3-4b-it",
      "preset": "ACTIVE_MANIFOLD",
      "completion_tokens": 20,
      "input_tokens": 19,
      "gen_time_sec": 3.6075222492218018,
      "phi": 0.9551105499267578,
      "zone": "creative",
      "zone_weights": {
        "math": 0.0017630148988142466,
        "logic_a": 0.028453975497693237,
        "logic_b": 0.2868041765378298,
        "creative": 0.5665752462670617,
        "synthesis": 0.1164035861874974
      },
      "zone_entropy": 1.504602307002831,