{
  "prompt": "Invent a word for the feeling of a Sunday afternoon in autumn.",
  "completion": "Okay, this is a fun challenge! Here are a few options for a word capturing the feeling of a Sunday afternoon in autumn, with explanations of their",
  "model_id": "gemma3-4b-it",
  "preset": "ACTIVE_MANIFOLD",
  "completion_tokens": 30,
  "input_tokens": 23,
  "gen_time_sec": 5.531140327453613,
  "phi": 0.8475068211555481,
  "zone": "math",
  "zone_weights": {
    "math": 0.5290270215709834,
    "logic_a": 0.33633255044135235,
    "logic_b": 0.11048135437522046,
    "creative": 0.02408030203795298,
    "synthesis": 7.877090621113029e-05
  },
  "zone_entropy": 1.496338439135372,
  "kurtosis": 2339.798583984375,
  "token_diversity_input": 0.782608695652174,
  "loops_run": 7,
  "entropy": 1.28125
}