{
  "prompt": "What comes next in the sequence: 1, 1, 2, 3, 5, 8, ?",
  "completion": "The sequence is 1, 1, 2, 3, 5, 8, ...\n\nThis is the Fibonacci sequence. Each",
  "model_id": "gemma3-4b-it",
  "preset": "ACTIVE_MANIFOLD",
  "completion_tokens": 30,
  "input_tokens": 36,
  "gen_time_sec": 5.7008216381073,
  "phi": 0.8403818607330322,
  "zone": "logic_a",
  "zone_weights": {
    "math": 0.3235512070151742,
    "logic_a": 0.44582461157581366,
    "logic_b": 0.18893818398646597,
    "creative": 0.04143357355708501,
    "synthesis": 0.00025242330312318236
  },
  "zone_entropy": 1.6938407849840504,
  "kurtosis": 2326.501953125,
  "token_diversity_input": 0.5833333333333334,
  "loops_run": 7,
  "entropy": 1.125
}