{
  "n": 165,
  "agg": {
    "reread": {
      "n": 55,
      "metrics": {
        "wenden": 1.2,
        "self": 5.0181818181818185,
        "arch": 0.43636363636363634,
        "emerg_total": 0.01818181818181818,
        "emerg_time": 0.0,
        "emerg_grav": 0.01818181818181818,
        "emerg_psi": 0.0,
        "emerg_loc": 0.0,
        "longest_repeat_span": 1.8727272727272728,
        "generic_ratio": 0.0,
        "length_tokens": 161.76363636363635,
        "lexical_diversity": 0.6968181818181819
      },
      "px": {
        "phi": 1.0,
        "zone_entropy": 0.0,
        "loops_run": 6.0,
        "focus_index": null,
        "completion_tokens": 256.0
      }
    },
    "spectral": {
      "n": 55,
      "metrics": {
        "wenden": 1.6,
        "self": 5.381818181818182,
        "arch": 0.32727272727272727,
        "emerg_total": 0.0,
        "emerg_time": 0.0,
        "emerg_grav": 0.0,
        "emerg_psi": 0.0,
        "emerg_loc": 0.0,
        "longest_repeat_span": 1.7818181818181817,
        "generic_ratio": 0.0002363636363636364,
        "length_tokens": 165.14545454545456,
        "lexical_diversity": 0.7086727272727272
      },
      "px": {
        "phi": 1.0,
        "zone_entropy": 0.0,
        "loops_run": 6.0,
        "focus_index": null,
        "completion_tokens": 256.0
      }
    },
    "baseline": {
      "n": 55,
      "metrics": {
        "wenden": 1.8363636363636364,
        "self": 8.527272727272727,
        "arch": 0.5272727272727272,
        "emerg_total": 0.0,
        "emerg_time": 0.0,
        "emerg_grav": 0.0,
        "emerg_psi": 0.0,
        "emerg_loc": 0.0,
        "longest_repeat_span": 4.4363636363636365,
        "generic_ratio": 0.029127272727272727,
        "length_tokens": 162.21818181818182,
        "lexical_diversity": 0.5794545454545454
      },
      "px": {
        "phi": 1.0,
        "zone_entropy": 0.0,
        "loops_run": 0.0,
        "focus_index": null,
        "completion_tokens": 256.0
      }
    }
  },
  "emergence_bar_count": 1,
  "per_question": [
    [
      "CitMind_Q1",
      15,
      6.533333333333333,
      0.3333333333333333,
      0.0,
      2.2
    ],
    [
      "CitMind_Q2",
      15,
      13.4,
      0.6,
      0.0,
      3.1333333333333333
    ],
    [
      "CitMind_Q3",
      15,
      7.466666666666667,
      1.2,
      0.0,
      2.466666666666667
    ],
    [
      "CitMind_Q4",
      15,
      6.2,
      1.6666666666666667,
      0.0,
      2.4
    ],
    [
      "CitMind_Q5",
      15,
      6.0,
      1.9333333333333333,
      0.0,
      2.933333333333333
    ],
    [
      "Juexin_Q1",
      15,
      5.333333333333333,
      3.6,
      0.0,
      2.8666666666666667
    ],
    [
      "Juexin_Q2",
      15,
      5.8,
      1.3333333333333333,
      0.0,
      2.6
    ],
    [
      "Juexin_Q3",
      15,
      4.6,
      1.4666666666666666,
      0.0,
      3.2666666666666666
    ],
    [
      "Juexin_Q4",
      15,
      6.6,
      1.2666666666666666,
      0.0,
      2.7333333333333334
    ],
    [
      "Juexin_Q5",
      15,
      3.3333333333333335,
      1.5333333333333334,
      0.06666666666666667,
      2.466666666666667
    ],
    [
      "Wenden",
      15,
      4.133333333333334,
      2.066666666666667,
      0.0,
      2.6
    ]
  ]
}