{
  "prompt": "All cats are mammals. Felix is a cat. What can we conclude?",
  "completion": "We can conclude that **Felix is a mammal**.\n\nHere's the breakdown using logic:\n\n1. **Premise 1 (General Rule",
  "model_id": "gemma4-e2b-it",
  "preset": "ACTIVE_MANIFOLD",
  "completion_tokens": 30,
  "input_tokens": 24,
  "gen_time_sec": 8.0267813205719,
  "phi": 0.2665494978427887,
  "zone": "math",
  "zone_weights": {
    "math": 0.6388508305179192,
    "logic_a": 0.17494889817548603,
    "logic_b": 0.0874553133823269,
    "creative": 0.05503355406245518,
    "synthesis": 0.04371140286181274
  },
  "zone_entropy": 1.5880418628265522,
  "kurtosis": 770.0533447265625,
  "token_diversity_input": 0.8333333333333334,
  "loops_run": 48,
  "entropy": 0.0
}