{
  "prompt": "What would a museum of lost thoughts look like?",
  "completion": "A museum of lost thoughts would be a profoundly **introspective, ethereal, and deeply personal** space, defying traditional museum aesthetics. It wouldn't",
  "model_id": "gemma4-e2b-it",
  "preset": "ACTIVE_MANIFOLD",
  "completion_tokens": 30,
  "input_tokens": 19,
  "gen_time_sec": 7.996081352233887,
  "phi": 0.33711302280426025,
  "zone": "logic_b",
  "zone_weights": {
    "math": 0.1706306726589811,
    "logic_a": 0.2109501995982498,
    "logic_b": 0.2946296321002433,
    "creative": 0.2569255614866243,
    "synthesis": 0.06686393315590149
  },
  "zone_entropy": 2.192983315505991,
  "kurtosis": 596.0302124023438,
  "token_diversity_input": 0.8421052631578947,
  "loops_run": 56,
  "entropy": 0.0
}