{
  "prompt": "What is 1000 - 437?",
  "completion": "Here are a couple of ways to solve $1000 - 437$:\n\n**Method 1: Standard Subtraction**\n\n",
  "model_id": "gemma4-e2b-it",
  "preset": "ACTIVE_MANIFOLD",
  "completion_tokens": 30,
  "input_tokens": 22,
  "gen_time_sec": 7.931739330291748,
  "phi": 0.2694443464279175,
  "zone": "math",
  "zone_weights": {
    "math": 0.7993542257513121,
    "logic_a": 0.10969890194563907,
    "logic_b": 0.054220298334423205,
    "creative": 0.009887296459883706,
    "synthesis": 0.026839276508742058
  },
  "zone_entropy": 1.041964483245893,
  "kurtosis": 740.8696899414062,
  "token_diversity_input": 0.7272727272727273,
  "loops_run": 48,
  "entropy": 0.0
}