{
  "prompt": "What is the logical negation of 'All swans are white'?",
  "completion": "The logical negation of \"All swans are white\" is:\n\n**\"There is at least one swan that is not white.\"**\n\nHere'",
  "model_id": "gemma4-e2b-it",
  "preset": "ACTIVE_MANIFOLD",
  "completion_tokens": 30,
  "input_tokens": 21,
  "gen_time_sec": 7.736605405807495,
  "phi": 0.26035118103027344,
  "zone": "math",
  "zone_weights": {
    "math": 0.7861360041996878,
    "logic_a": 0.1155412709818266,
    "logic_b": 0.05777064046786915,
    "creative": 0.011666766037457166,
    "synthesis": 0.028885317313157893
  },
  "zone_entropy": 1.092910381649757,
  "kurtosis": 848.9797973632812,
  "token_diversity_input": 0.8571428571428571,
  "loops_run": 48,
  "entropy": 0.0
}