{
  "prompt": "If all roses are flowers, and some flowers fade quickly, can we conclude that some roses fade quickly?",
  "completion": "**No, we cannot conclude that some roses fade quickly.**\n\nHere's why:\n\n* **Premise 1:** All roses are flowers",
  "model_id": "gemma4-e2b-it",
  "preset": "ACTIVE_MANIFOLD",
  "completion_tokens": 30,
  "input_tokens": 30,
  "gen_time_sec": 7.949941158294678,
  "phi": 0.2666934132575989,
  "zone": "math",
  "zone_weights": {
    "math": 0.647383153632639,
    "logic_a": 0.21880727817535542,
    "logic_b": 0.08628259077307254,
    "creative": 0.018468475524811387,
    "synthesis": 0.02905850089412159
  },
  "zone_entropy": 1.4454801368457746,
  "kurtosis": 692.098388671875,
  "token_diversity_input": 0.7,
  "loops_run": 48,
  "entropy": 0.0
}