{
  "prompt": "Write a toast given at the end of the universe.",
  "completion": "## A Toast at the End of the Universe\n\n**(The setting is vast, silent, perhaps a final, shimmering expanse of nothingness. The tone",
  "model_id": "gemma4-e2b-it",
  "preset": "ACTIVE_MANIFOLD",
  "completion_tokens": 30,
  "input_tokens": 20,
  "gen_time_sec": 8.094438552856445,
  "phi": 0.3398056626319885,
  "zone": "logic_b",
  "zone_weights": {
    "math": 0.2047571273026569,
    "logic_a": 0.30832709001357306,
    "logic_b": 0.3107521120851133,
    "creative": 0.1322544190173694,
    "synthesis": 0.04390925058128753
  },
  "zone_entropy": 2.0998418562200394,
  "kurtosis": 622.5056762695312,
  "token_diversity_input": 0.8,
  "loops_run": 56,
  "entropy": 0.0
}