{
  "prompt": "If f(x) = 2x + 1, what is f(5)?",
  "completion": "The given function is:\n$$f(x) = 2x + 1$$\n\nTo find $f(5)$, we need to",
  "model_id": "gemma4-e2b-it",
  "preset": "ACTIVE_MANIFOLD",
  "completion_tokens": 30,
  "input_tokens": 28,
  "gen_time_sec": 7.754971504211426,
  "phi": 0.3378050923347473,
  "zone": "math",
  "zone_weights": {
    "math": 0.3687604802666136,
    "logic_a": 0.16917805765290247,
    "logic_b": 0.27826343906886825,
    "creative": 0.1540548560501305,
    "synthesis": 0.029743165961485157
  },
  "zone_entropy": 2.0444846400575813,
  "kurtosis": 609.4767456054688,
  "token_diversity_input": 0.75,
  "loops_run": 56,
  "entropy": 0.0
}