{
  "prompt": "Write a short poem about the last star going out.",
  "completion": "A final ember, soft and deep,\nWhere ancient, silent secrets sleep.\nThe velvet curtain starts to fray,\nAs one bright jewel slips",
  "model_id": "gemma4-e2b-it",
  "preset": "ACTIVE_MANIFOLD",
  "completion_tokens": 30,
  "input_tokens": 20,
  "gen_time_sec": 8.307146549224854,
  "phi": 0.26653677225112915,
  "zone": "math",
  "zone_weights": {
    "math": 0.5844459467061068,
    "logic_a": 0.202934268460082,
    "logic_b": 0.09519682600906773,
    "creative": 0.07244397095030412,
    "synthesis": 0.04497898687443938
  },
  "zone_entropy": 1.718402740270505,
  "kurtosis": 715.0908203125,
  "token_diversity_input": 0.85,
  "loops_run": 48,
  "entropy": 0.0
}