{
  "prompt": "How do rivers shape civilizations?",
  "completion": "Rivers are arguably one of the most fundamental forces in the shaping of human civilization. From the earliest settlements to the development of complex societies, rivers have served",
  "model_id": "gemma4-e2b-it",
  "preset": "ACTIVE_MANIFOLD",
  "completion_tokens": 30,
  "input_tokens": 15,
  "gen_time_sec": 7.932787656784058,
  "phi": 0.33791452646255493,
  "zone": "logic_b",
  "zone_weights": {
    "math": 0.1223260041144293,
    "logic_a": 0.26704511726678426,
    "logic_b": 0.32869619746566797,
    "creative": 0.22564361652069895,
    "synthesis": 0.05628906363241942
  },
  "zone_entropy": 2.1253999110735227,
  "kurtosis": 608.3052978515625,
  "token_diversity_input": 0.8,
  "loops_run": 56,
  "entropy": 0.0
}