{
  "prompt": "Compute the sum 1+2+...+100.",
  "completion": "Here are a few ways to compute the sum $1 + 2 + \\dots + 100$.\n\nThis is the sum of an",
  "model_id": "gemma4-e2b-it",
  "preset": "ACTIVE_MANIFOLD",
  "completion_tokens": 30,
  "input_tokens": 21,
  "gen_time_sec": 7.889592170715332,
  "phi": 0.2663973271846771,
  "zone": "math",
  "zone_weights": {
    "math": 0.45416527675479046,
    "logic_a": 0.33290358567909206,
    "logic_b": 0.1554237456095895,
    "creative": 0.03161290836807094,
    "synthesis": 0.02589448258845683
  },
  "zone_entropy": 1.7568802317510144,
  "kurtosis": 663.5799560546875,
  "token_diversity_input": 0.7619047619047619,
  "loops_run": 48,
  "entropy": 0.0
}