{
  "prompt": "How does the structure of a cell resemble a city?",
  "completion": "The analogy between the structure of a cell and a city is a very common and effective way to understand the complex organization of a biological system. Both are",
  "model_id": "gemma4-e2b-it",
  "preset": "ACTIVE_MANIFOLD",
  "completion_tokens": 30,
  "input_tokens": 20,
  "gen_time_sec": 8.039970636367798,
  "phi": 0.33653995394706726,
  "zone": "synthesis",
  "zone_weights": {
    "math": 0.26854446442180624,
    "logic_a": 0.12407144587159717,
    "logic_b": 0.06203572293631842,
    "creative": 0.02728831500618149,
    "synthesis": 0.5180600507640963
  },
  "zone_entropy": 1.7650438289568122,
  "kurtosis": 357.9091491699219,
  "token_diversity_input": 0.8,
  "loops_run": 56,
  "entropy": 0.0
}