{
  "prompt": "What is the relationship between sleep and creativity?",
  "completion": "The relationship between sleep and creativity is **complex, multifaceted, and highly significant**. While there's no single, simple formula, extensive research suggests that",
  "model_id": "gemma4-e2b-it",
  "preset": "ACTIVE_MANIFOLD",
  "completion_tokens": 30,
  "input_tokens": 18,
  "gen_time_sec": 7.995270013809204,
  "phi": 0.25799447298049927,
  "zone": "math",
  "zone_weights": {
    "math": 0.685992702437478,
    "logic_a": 0.16575072059073206,
    "logic_b": 0.07952621418182598,
    "creative": 0.030315228445834383,
    "synthesis": 0.03841513334412929
  },
  "zone_entropy": 1.4267782133847817,
  "kurtosis": 722.9710083007812,
  "token_diversity_input": 0.8333333333333334,
  "loops_run": 48,
  "entropy": 0.0
}