{
  "prompt": "What is the value of pi to 2 decimal places?",
  "completion": "The value of pi ($\\pi$) to 2 decimal places is **3.14**.",
  "model_id": "gemma4-e2b-it",
  "preset": "ACTIVE_MANIFOLD",
  "completion_tokens": 20,
  "input_tokens": 21,
  "gen_time_sec": 5.2858991622924805,
  "phi": 0.2651498019695282,
  "zone": "math",
  "zone_weights": {
    "math": 0.7331078851446375,
    "logic_a": 0.14042379336122573,
    "logic_b": 0.07021190152596013,
    "creative": 0.021150471043469066,
    "synthesis": 0.03510594792470604
  },
  "zone_entropy": 1.2824231933964074,
  "kurtosis": 849.2214965820312,
  "token_diversity_input": 0.8571428571428571,
  "loops_run": 48,
  "entropy": 0.0
}