{
  "prompt": "Invent a new color and describe its emotional weight.",
  "completion": "## Introducing: **Aetherglow**\n\n**Visual Description:**\n\nAetherglow is a color that exists at the intersection of deep indigo and shimmering",
  "model_id": "gemma4-e2b-it",
  "preset": "ACTIVE_MANIFOLD",
  "completion_tokens": 30,
  "input_tokens": 19,
  "gen_time_sec": 8.339281797409058,
  "phi": 0.2651427090167999,
  "zone": "math",
  "zone_weights": {
    "math": 0.5874959806126318,
    "logic_a": 0.21595203450034753,
    "logic_b": 0.09698765612155148,
    "creative": 0.05605823682350814,
    "synthesis": 0.043506090941960944
  },
  "zone_entropy": 1.684589650672538,
  "kurtosis": 706.9910278320312,
  "token_diversity_input": 0.8421052631578947,
  "loops_run": 48,
  "entropy": 0.0
}