{
  "prompt": "How do games and stories share narrative structure?",
  "completion": "Games and stories, despite their different mediums (interactive vs. linear), share a fundamental reliance on **narrative structure** to engage an audience, convey",
  "model_id": "gemma4-e2b-it",
  "preset": "ACTIVE_MANIFOLD",
  "completion_tokens": 30,
  "input_tokens": 18,
  "gen_time_sec": 8.088743448257446,
  "phi": 0.2604926824569702,
  "zone": "math",
  "zone_weights": {
    "math": 0.4494855010052019,
    "logic_a": 0.28083012727818524,
    "logic_b": 0.11782006364255863,
    "creative": 0.10647765638231069,
    "synthesis": 0.04538665069174341
  },
  "zone_entropy": 1.943177344206195,
  "kurtosis": 692.7492065429688,
  "token_diversity_input": 0.8333333333333334,
  "loops_run": 48,
  "entropy": 0.0
}