{
  "prompt": "If a triangle has sides 3, 4, 5, what is its area?",
  "completion": "Here's how to find the area of a triangle with sides 3, 4, and 5:\n\n**1. Identify the type",
  "model_id": "gemma4-e2b-it",
  "preset": "ACTIVE_MANIFOLD",
  "completion_tokens": 30,
  "input_tokens": 28,
  "gen_time_sec": 7.970566511154175,
  "phi": 0.270428329706192,
  "zone": "math",
  "zone_weights": {
    "math": 0.7603333746895817,
    "logic_a": 0.13910677960026913,
    "logic_b": 0.061380069329432296,
    "creative": 0.012014004543467079,
    "synthesis": 0.027165770837249584
  },
  "zone_entropy": 1.161496381331233,
  "kurtosis": 711.42919921875,
  "token_diversity_input": 0.75,
  "loops_run": 48,
  "entropy": 0.0
}