{
  "prompt": "What can dance teach us about mathematics?",
  "completion": "The connection between dance and mathematics is often subtle, intuitive, and deeply rooted in the **patterns, structures, and relationships** that underpin both disciplines.",
  "model_id": "gemma4-e2b-it",
  "preset": "ACTIVE_MANIFOLD",
  "completion_tokens": 30,
  "input_tokens": 17,
  "gen_time_sec": 7.879367113113403,
  "phi": 0.2584681212902069,
  "zone": "math",
  "zone_weights": {
    "math": 0.45316496888519014,
    "logic_a": 0.30641703704171425,
    "logic_b": 0.12654604678322737,
    "creative": 0.06953733232032322,
    "synthesis": 0.04433461396954503
  },
  "zone_entropy": 1.884487149902805,
  "kurtosis": 687.0751953125,
  "token_diversity_input": 0.8235294117647058,
  "loops_run": 48,
  "entropy": 0.0
}