{
  "prompt": "Invent a holiday and describe how it is celebrated.",
  "completion": "## The Festival of Lumina\n\n**Concept:** The Festival of Lumina is a celebration of **inner light, shared hope, and the triumph of",
  "model_id": "gemma4-e2b-it",
  "preset": "ACTIVE_MANIFOLD",
  "completion_tokens": 30,
  "input_tokens": 19,
  "gen_time_sec": 8.313777923583984,
  "phi": 0.33778923749923706,
  "zone": "logic_b",
  "zone_weights": {
    "math": 0.2029355309888308,
    "logic_a": 0.253951503674041,
    "logic_b": 0.3186239674213124,
    "creative": 0.17577410285261286,
    "synthesis": 0.04871489406320287
  },
  "zone_entropy": 2.1480958177343203,
  "kurtosis": 610.753662109375,
  "token_diversity_input": 0.8421052631578947,
  "loops_run": 56,
  "entropy": 0.0
}