{
  "prompt": "What is the relationship between mathematics and music?",
  "completion": "The relationship between mathematics and music is **deep, intricate, and multifaceted**. They are not just separate disciplines; they are fundamentally intertwined, with mathematical principles",
  "model_id": "gemma4-e2b-it",
  "preset": "ACTIVE_MANIFOLD",
  "completion_tokens": 30,
  "input_tokens": 18,
  "gen_time_sec": 7.874577045440674,
  "phi": 0.25656232237815857,
  "zone": "math",
  "zone_weights": {
    "math": 0.6952359287558227,
    "logic_a": 0.1585894250883281,
    "logic_b": 0.07793620734430104,
    "creative": 0.0298235809973684,
    "synthesis": 0.038414856814179735
  },
  "zone_entropy": 1.4046022188653642,
  "kurtosis": 733.0564575195312,
  "token_diversity_input": 0.8333333333333334,
  "loops_run": 48,
  "entropy": 0.0
}