{
  "prompt": "What is the relationship between language and thought?",
  "completion": "The relationship between language and thought is one of the most profound and long-standing questions in philosophy, linguistics, psychology, and cognitive science. There is",
  "model_id": "gemma4-e2b-it",
  "preset": "ACTIVE_MANIFOLD",
  "completion_tokens": 30,
  "input_tokens": 18,
  "gen_time_sec": 7.922170639038086,
  "phi": 0.2625313401222229,
  "zone": "math",
  "zone_weights": {
    "math": 0.5021851037041648,
    "logic_a": 0.3052189621997876,
    "logic_b": 0.12377300535060214,
    "creative": 0.033365320875409506,
    "synthesis": 0.03545760687003607
  },
  "zone_entropy": 1.729166700171025,
  "kurtosis": 680.6895141601562,
  "token_diversity_input": 0.8333333333333334,
  "loops_run": 48,
  "entropy": 0.0
}