{
  "prompt": "How many degrees are in a triangle?",
  "completion": "There are **180 degrees** in a triangle.",
  "model_id": "gemma4-e2b-it",
  "preset": "ACTIVE_MANIFOLD",
  "completion_tokens": 13,
  "input_tokens": 17,
  "gen_time_sec": 3.7144615650177,
  "phi": 0.268783837556839,
  "zone": "math",
  "zone_weights": {
    "math": 0.5853194217337109,
    "logic_a": 0.24101291135523417,
    "logic_b": 0.10003579405543922,
    "creative": 0.03511145548037392,
    "synthesis": 0.03852041637524183
  },
  "zone_entropy": 1.629927686651187,
  "kurtosis": 695.2820434570312,
  "token_diversity_input": 0.8235294117647058,
  "loops_run": 48,
  "entropy": 0.0
}