{
  "prompt": "What is the smell of a forgotten promise?",
  "completion": "The smell of a forgotten promise is a complex and evocative blend, not a single scent, but a tapestry woven from several distinct, often contradictory, notes",
  "model_id": "gemma4-e2b-it",
  "preset": "ACTIVE_MANIFOLD",
  "completion_tokens": 30,
  "input_tokens": 18,
  "gen_time_sec": 7.859506130218506,
  "phi": 0.3380807638168335,
  "zone": "logic_b",
  "zone_weights": {
    "math": 0.26211805626835377,
    "logic_a": 0.17630667529399388,
    "logic_b": 0.27935178645966025,
    "creative": 0.22635630736157794,
    "synthesis": 0.05586717361641422
  },
  "zone_entropy": 2.179412254945974,
  "kurtosis": 597.078369140625,
  "token_diversity_input": 0.8333333333333334,
  "loops_run": 56,
  "entropy": 0.0
}