{
  "prompt": "Describe a library where the books are alive.",
  "completion": "## The Verdant Archive: A Library Where Books Are Alive\n\nThe Verdant Archive is not a building of mere wood and stone; it is a",
  "model_id": "gemma4-e2b-it",
  "preset": "ACTIVE_MANIFOLD",
  "completion_tokens": 30,
  "input_tokens": 18,
  "gen_time_sec": 8.50905990600586,
  "phi": 0.26660141348838806,
  "zone": "math",
  "zone_weights": {
    "math": 0.5012031499655812,
    "logic_a": 0.24319194714176567,
    "logic_b": 0.10613364276425999,
    "creative": 0.10409117512631469,
    "synthesis": 0.0453800840020785
  },
  "zone_entropy": 1.881228188132618,
  "kurtosis": 701.1552124023438,
  "token_diversity_input": 0.8333333333333334,
  "loops_run": 48,
  "entropy": 0.0
}