{
  "prompt": "What is the next prime after 13?",
  "completion": "The next prime number after 13 is **17**.\n\nHere's why:\n\n* **13** is a prime number (",
  "model_id": "gemma4-e2b-it",
  "preset": "ACTIVE_MANIFOLD",
  "completion_tokens": 30,
  "input_tokens": 19,
  "gen_time_sec": 7.730905294418335,
  "phi": 0.26749518513679504,
  "zone": "math",
  "zone_weights": {
    "math": 0.8293329188640586,
    "logic_a": 0.0937123261555276,
    "logic_b": 0.0468561765594071,
    "creative": 0.006670497778018586,
    "synthesis": 0.02342807964298756
  },
  "zone_entropy": 0.9259767787875424,
  "kurtosis": 839.748046875,
  "token_diversity_input": 0.8421052631578947,
  "loops_run": 48,
  "entropy": 0.0
}