{
  "prompt": "What is the connection between memory and identity?",
  "completion": "The connection between **memory and identity** is profound, intricate, and fundamental to human experience. Memory is not just a passive storage system; it is",
  "model_id": "gemma4-e2b-it",
  "preset": "ACTIVE_MANIFOLD",
  "completion_tokens": 30,
  "input_tokens": 18,
  "gen_time_sec": 7.85213828086853,
  "phi": 0.2602892518043518,
  "zone": "math",
  "zone_weights": {
    "math": 0.6441191257112105,
    "logic_a": 0.17527162452473324,
    "logic_b": 0.08686785935517487,
    "creative": 0.05063220808628314,
    "synthesis": 0.043109181322598306
  },
  "zone_entropy": 1.5687598350800724,
  "kurtosis": 738.904296875,
  "token_diversity_input": 0.8333333333333334,
  "loops_run": 48,
  "entropy": 0.0
}