{
  "prompt": "How do literature and computer science inform each other?",
  "completion": "Literature and computer science, at first glance, seem like vastly different disciplines: one focused on human expression, language, and meaning, the other on logic",
  "model_id": "gemma4-e2b-it",
  "preset": "ACTIVE_MANIFOLD",
  "completion_tokens": 30,
  "input_tokens": 19,
  "gen_time_sec": 8.029377937316895,
  "phi": 0.2612192928791046,
  "zone": "math",
  "zone_weights": {
    "math": 0.6796230662603691,
    "logic_a": 0.16780622440927345,
    "logic_b": 0.0808126037955483,
    "creative": 0.032593543200242305,
    "synthesis": 0.039164561334566875
  },
  "zone_entropy": 1.4481513003642645,
  "kurtosis": 723.92041015625,
  "token_diversity_input": 0.8421052631578947,
  "loops_run": 48,
  "entropy": 0.0
}