{
  "prompt": "If A and B are both true, what is the truth value of A or B?",
  "completion": "If A and B are both true, the truth value of **A or B** is **True**.\n\nHere's why:\n\nThe \"",
  "model_id": "gemma4-e2b-it",
  "preset": "ACTIVE_MANIFOLD",
  "completion_tokens": 30,
  "input_tokens": 27,
  "gen_time_sec": 7.668408632278442,
  "phi": 0.26820263266563416,
  "zone": "math",
  "zone_weights": {
    "math": 0.8494784878174583,
    "logic_a": 0.08318186801671941,
    "logic_b": 0.04159094294624378,
    "creative": 0.004953234241868744,
    "synthesis": 0.020795465977709038
  },
  "zone_entropy": 0.8432750399772199,
  "kurtosis": 843.6184692382812,
  "token_diversity_input": 0.8148148148148148,
  "loops_run": 48,
  "entropy": 0.0
}