{
  "prompt": "What does loneliness sound like as a piece of music?",
  "completion": "Loneliness, as a piece of music, is a deeply evocative and multifaceted experience. It's not a single sound, but a complex tapestry woven",
  "model_id": "gemma4-e2b-it",
  "preset": "ACTIVE_MANIFOLD",
  "completion_tokens": 30,
  "input_tokens": 20,
  "gen_time_sec": 8.01834511756897,
  "phi": 0.25807175040245056,
  "zone": "math",
  "zone_weights": {
    "math": 0.7091272550766179,
    "logic_a": 0.152247664845011,
    "logic_b": 0.07515108303323591,
    "creative": 0.026302411040334102,
    "synthesis": 0.03717158500480102
  },
  "zone_entropy": 1.360297799564644,
  "kurtosis": 736.5228271484375,
  "token_diversity_input": 0.85,
  "loops_run": 48,
  "entropy": 0.0
}