{
  "prompt": "Describe the color of silence to someone who has never seen.",
  "completion": "Imagine a color that isn't seen with your eyes, but felt with your whole being.\n\n**Silence is not a color you look at;",
  "model_id": "gemma4-e2b-it",
  "preset": "ACTIVE_MANIFOLD",
  "completion_tokens": 30,
  "input_tokens": 21,
  "gen_time_sec": 8.297035217285156,
  "phi": 0.337836891412735,
  "zone": "logic_b",
  "zone_weights": {
    "math": 0.11361501505355633,
    "logic_a": 0.22834581207411686,
    "logic_b": 0.3055221408353658,
    "creative": 0.28382343130330756,
    "synthesis": 0.06869359973365337
  },
  "zone_entropy": 2.1467769840267685,
  "kurtosis": 597.16162109375,
  "token_diversity_input": 0.8571428571428571,
  "loops_run": 56,
  "entropy": 0.0
}