{
  "prompt": "Imagine a door that opens onto yesterday.",
  "completion": "## The Door to Yesterday\n\nThe door wasn't grand. It was just a plain, slightly warped slab of wood, the color of old parchment",
  "model_id": "gemma4-e2b-it",
  "preset": "ACTIVE_MANIFOLD",
  "completion_tokens": 30,
  "input_tokens": 17,
  "gen_time_sec": 8.211323738098145,
  "phi": 0.2677929103374481,
  "zone": "math",
  "zone_weights": {
    "math": 0.5818823210603618,
    "logic_a": 0.18430586013049088,
    "logic_b": 0.09144835283504937,
    "creative": 0.09693946904697116,
    "synthesis": 0.04542399592712674
  },
  "zone_entropy": 1.748802506314453,
  "kurtosis": 739.7581176757812,
  "token_diversity_input": 0.8235294117647058,
  "loops_run": 48,
  "entropy": 0.0
}