{
  "prompt": "What is 7 factorial?",
  "completion": "Here's how to calculate 7 factorial (written as $7!$):\n\n**Definition:**\nFactorial is the product of all positive",
  "model_id": "gemma4-e2b-it",
  "preset": "ACTIVE_MANIFOLD",
  "completion_tokens": 30,
  "input_tokens": 15,
  "gen_time_sec": 7.898262023925781,
  "phi": 0.2648543417453766,
  "zone": "math",
  "zone_weights": {
    "math": 0.5736708875354092,
    "logic_a": 0.21150083081146642,
    "logic_b": 0.09727255002917666,
    "creative": 0.0725945728225771,
    "synthesis": 0.0449611578013706
  },
  "zone_entropy": 1.7368638006014754,
  "kurtosis": 710.903076171875,
  "token_diversity_input": 0.8,
  "loops_run": 48,
  "entropy": 0.0
}