{
  "prompt": "Compare a forest ecosystem to a market economy.",
  "completion": "Comparing a **forest ecosystem** to a **market economy** involves contrasting two fundamentally different systems: one **natural, self-regulating, and based on",
  "model_id": "gemma4-e2b-it",
  "preset": "ACTIVE_MANIFOLD",
  "completion_tokens": 30,
  "input_tokens": 18,
  "gen_time_sec": 7.798612833023071,
  "phi": 0.2593865394592285,
  "zone": "math",
  "zone_weights": {
    "math": 0.7011332252291609,
    "logic_a": 0.1541123420883102,
    "logic_b": 0.07694895000645204,
    "creative": 0.029390744399130544,
    "synthesis": 0.03841473727694637
  },
  "zone_entropy": 1.3898307445860778,
  "kurtosis": 756.8255615234375,
  "token_diversity_input": 0.7777777777777778,
  "loops_run": 48,
  "entropy": 0.0
}