{
  "prompt": "What would a conversation between two shadows look like?",
  "completion": "## A Conversation Between Two Shadows\n\n**Setting:** A dimly lit, dusty corner of an old library. The air is still, thick with the scent",
  "model_id": "gemma4-e2b-it",
  "preset": "ACTIVE_MANIFOLD",
  "completion_tokens": 30,
  "input_tokens": 19,
  "gen_time_sec": 8.561217546463013,
  "phi": 0.3871442377567291,
  "zone": "synthesis",
  "zone_weights": {
    "math": 0.03837736918414484,
    "logic_a": 0.16384950465243908,
    "logic_b": 0.08198846134496786,
    "creative": 0.28072057902032904,
    "synthesis": 0.4350640847981191
  },
  "zone_entropy": 1.9408207606861858,
  "kurtosis": 486.6824035644531,
  "token_diversity_input": 0.8421052631578947,
  "loops_run": 64,
  "entropy": 0.0
}