{
  "prompt": "Compare the role of ritual in religion and in software development.",
  "completion": "## Comparing the Role of Ritual in Religion and Software Development\n\nWhile seemingly disparate, **ritual** plays a surprisingly analogous, albeit vastly different, role in",
  "model_id": "gemma4-e2b-it",
  "preset": "ACTIVE_MANIFOLD",
  "completion_tokens": 30,
  "input_tokens": 21,
  "gen_time_sec": 8.337976694107056,
  "phi": 0.3822360038757324,
  "zone": "creative",
  "zone_weights": {
    "math": 0.13202979109117266,
    "logic_a": 0.18133448269035368,
    "logic_b": 0.1768930912990528,
    "creative": 0.3699165174041078,
    "synthesis": 0.13982611651531282
  },
  "zone_entropy": 2.202006345609452,
  "kurtosis": 569.4823608398438,
  "token_diversity_input": 0.8095238095238095,
  "loops_run": 64,
  "entropy": 0.0
}