{
  "prompt": "Write a haiku about a forgotten robot.",
  "completion": "Rust on metal shell,\nSilent gears no longer turn,\nDust claims metal dreams.",
  "model_id": "gemma4-e2b-it",
  "preset": "ACTIVE_MANIFOLD",
  "completion_tokens": 19,
  "input_tokens": 18,
  "gen_time_sec": 5.1593544483184814,
  "phi": 0.26874032616615295,
  "zone": "math",
  "zone_weights": {
    "math": 0.6616602508083487,
    "logic_a": 0.1707283676625299,
    "logic_b": 0.0841696441068562,
    "creative": 0.04184662782238144,
    "synthesis": 0.04159510859988392
  },
  "zone_entropy": 1.5125904150080511,
  "kurtosis": 734.4060668945312,
  "token_diversity_input": 0.7777777777777778,
  "loops_run": 48,
  "entropy": 0.0
}