{
  "prompt": "If the butler and the gardener both claim innocence, and only one is lying, who did it?",
  "completion": "This is a classic logic puzzle! Here's how to solve it:\n\n**The Setup:**\n\n* **Two suspects:** The Butler and the",
  "model_id": "gemma4-e2b-it",
  "preset": "ACTIVE_MANIFOLD",
  "completion_tokens": 30,
  "input_tokens": 29,
  "gen_time_sec": 8.264277458190918,
  "phi": 0.33699697256088257,
  "zone": "logic_a",
  "zone_weights": {
    "math": 0.18547514885002908,
    "logic_a": 0.41957779729301137,
    "logic_b": 0.2323106895944069,
    "creative": 0.11686252919211484,
    "synthesis": 0.04577383407043775
  },
  "zone_entropy": 2.0313780442615816,
  "kurtosis": 652.447021484375,
  "token_diversity_input": 0.7931034482758621,
  "loops_run": 56,
  "entropy": 0.0
}