{
  "prompt": "If some birds cannot fly, can we say all birds fly?",
  "completion": "No, we **cannot** say all birds fly if some birds cannot fly.\n\nThis is a classic example of a logical fallacy called an **invalid",
  "model_id": "gemma4-e2b-it",
  "preset": "ACTIVE_MANIFOLD",
  "completion_tokens": 30,
  "input_tokens": 22,
  "gen_time_sec": 8.010801792144775,
  "phi": 0.33863648772239685,
  "zone": "creative",
  "zone_weights": {
    "math": 0.2780169045900824,
    "logic_a": 0.1285049611810741,
    "logic_b": 0.1768155339673466,
    "creative": 0.31230959715926027,
    "synthesis": 0.10435300210223668
  },
  "zone_entropy": 2.2003910365162045,
  "kurtosis": 575.56494140625,
  "token_diversity_input": 0.7727272727272727,
  "loops_run": 56,
  "entropy": 0.0
}