{
  "prompt": "What if gravity reversed for one hour each day?",
  "completion": "The scenario of gravity reversing for one hour each day would have **profound and chaotic consequences** across virtually every aspect of life on Earth. The severity",
  "model_id": "gemma4-e2b-it",
  "preset": "ACTIVE_MANIFOLD",
  "completion_tokens": 30,
  "input_tokens": 19,
  "gen_time_sec": 7.986515283584595,
  "phi": 0.3393525183200836,
  "zone": "logic_b",
  "zone_weights": {
    "math": 0.12806111613433185,
    "logic_a": 0.2798666322044986,
    "logic_b": 0.3301050469718971,
    "creative": 0.20814588824843971,
    "synthesis": 0.05382131544083278
  },
  "zone_entropy": 2.1199251437876394,
  "kurtosis": 611.5557861328125,
  "token_diversity_input": 0.8421052631578947,
  "loops_run": 56,
  "entropy": 0.0
}