{
  "prompt": "Describe a tree that grows dreams instead of leaves.",
  "completion": "## The Somniflora\n\nThe Somniflora is not a tree of wood and chlorophyll, but of **luminescence and whispered possibility**. It doesn",
  "model_id": "gemma4-e2b-it",
  "preset": "ACTIVE_MANIFOLD",
  "completion_tokens": 30,
  "input_tokens": 19,
  "gen_time_sec": 8.186758279800415,
  "phi": 0.3353801667690277,
  "zone": "logic_b",
  "zone_weights": {
    "math": 0.1484096465395778,
    "logic_a": 0.25041386039683194,
    "logic_b": 0.32250399624505977,
    "creative": 0.22149517832513382,
    "synthesis": 0.0571773174933967
  },
  "zone_entropy": 2.1529547341649353,
  "kurtosis": 605.5537109375,
  "token_diversity_input": 0.8421052631578947,
  "loops_run": 56,
  "entropy": 0.0
}