{
  "prompt": "What can the study of crystals teach us about patterns in music?",
  "completion": "The study of crystals, particularly their **structure, symmetry, and periodic arrangements**, offers surprisingly rich and insightful analogies for understanding **patterns in music**. While",
  "model_id": "gemma4-e2b-it",
  "preset": "ACTIVE_MANIFOLD",
  "completion_tokens": 30,
  "input_tokens": 22,
  "gen_time_sec": 7.802206039428711,
  "phi": 0.2605820894241333,
  "zone": "math",
  "zone_weights": {
    "math": 0.5745843596878073,
    "logic_a": 0.2291092947433916,
    "logic_b": 0.10009010179185127,
    "creative": 0.05320967315361736,
    "synthesis": 0.043006569623332554
  },
  "zone_entropy": 1.6991637780823645,
  "kurtosis": 702.3777465820312,
  "token_diversity_input": 0.8636363636363636,
  "loops_run": 48,
  "entropy": 0.0
}