{
  "prompt": "Imagine a letter written by a river to the sea.",
  "completion": "## A Letter from the River to the Sea\n\n**To the Vast, Unfolding Silence, the Sea,**\n\nI write to you from my",
  "model_id": "gemma4-e2b-it",
  "preset": "ACTIVE_MANIFOLD",
  "completion_tokens": 30,
  "input_tokens": 20,
  "gen_time_sec": 8.210526704788208,
  "phi": 0.3364016115665436,
  "zone": "creative",
  "zone_weights": {
    "math": 0.268552930734832,
    "logic_a": 0.12416548532242136,
    "logic_b": 0.07375161839553511,
    "creative": 0.2789158224972425,
    "synthesis": 0.25461414204996907
  },
  "zone_entropy": 2.176760547562035,
  "kurtosis": 538.9879760742188,
  "token_diversity_input": 0.8,
  "loops_run": 56,
  "entropy": 0.0
}