{
  "prompt": "What is the contrapositive of 'If P then Q'?",
  "completion": "The contrapositive of the statement \"If P then Q\" is **\"If not Q then not P\"**.\n\nHere's a quick explanation",
  "model_id": "gemma4-e2b-it",
  "preset": "ACTIVE_MANIFOLD",
  "completion_tokens": 30,
  "input_tokens": 21,
  "gen_time_sec": 7.6989426612854,
  "phi": 0.3388800323009491,
  "zone": "synthesis",
  "zone_weights": {
    "math": 0.3351230827212458,
    "logic_a": 0.09070795645157106,
    "logic_b": 0.04535418337313922,
    "creative": 0.049830880891080634,
    "synthesis": 0.4789838955629632
  },
  "zone_entropy": 1.769321334468825,
  "kurtosis": 441.3439025878906,
  "token_diversity_input": 0.8571428571428571,
  "loops_run": 56,
  "entropy": 0.0
}