{
  "prompt": "Solve 5x = 25.",
  "completion": "Here's how to solve the equation $5x = 25$:\n\n**Goal:** Isolate the variable $x$.\n\n**Method",
  "model_id": "gemma4-e2b-it",
  "preset": "ACTIVE_MANIFOLD",
  "completion_tokens": 30,
  "input_tokens": 18,
  "gen_time_sec": 7.919715404510498,
  "phi": 0.33733421564102173,
  "zone": "math",
  "zone_weights": {
    "math": 0.29271601845745565,
    "logic_a": 0.190552890653853,
    "logic_b": 0.29268219421036107,
    "creative": 0.1812834144427,
    "synthesis": 0.04276548123563035
  },
  "zone_entropy": 2.134473048186885,
  "kurtosis": 605.2596435546875,
  "token_diversity_input": 0.7222222222222222,
  "loops_run": 56,
  "entropy": 0.0
}