{
  "prompt": "Is the statement 'I am lying' a paradox?",
  "completion": "Yes, the statement \"I am lying\" is a classic example of a **paradox**, specifically a variation of the **Liar Paradox**.\n\n",
  "model_id": "gemma4-e2b-it",
  "preset": "ACTIVE_MANIFOLD",
  "completion_tokens": 30,
  "input_tokens": 20,
  "gen_time_sec": 7.872924327850342,
  "phi": 0.2706557512283325,
  "zone": "math",
  "zone_weights": {
    "math": 0.7139656513426806,
    "logic_a": 0.14868617429368933,
    "logic_b": 0.07434309323751408,
    "creative": 0.025833537134665,
    "synthesis": 0.03717154299144979
  },
  "zone_entropy": 1.3474508948274329,
  "kurtosis": 847.1486206054688,
  "token_diversity_input": 0.85,
  "loops_run": 48,
  "entropy": 0.0
}