{
  "prompt": "What is the missing number: 2, 4, 8, 16, ?, 64",
  "completion": "The missing number is **32**.\n\nHere's why:\n\nThis is a geometric sequence where each number is found by multiplying the previous number",
  "model_id": "gemma4-e2b-it",
  "preset": "ACTIVE_MANIFOLD",
  "completion_tokens": 30,
  "input_tokens": 32,
  "gen_time_sec": 7.857764720916748,
  "phi": 0.2687110900878906,
  "zone": "math",
  "zone_weights": {
    "math": 0.7441126368690248,
    "logic_a": 0.1544797688857946,
    "logic_b": 0.0639241084742006,
    "creative": 0.011848633065008909,
    "synthesis": 0.025634851705970973
  },
  "zone_entropy": 1.198481268834501,
  "kurtosis": 703.831298828125,
  "token_diversity_input": 0.625,
  "loops_run": 48,
  "entropy": 0.0
}