{
  "prompt": "What is the perimeter of a square with side 7?",
  "completion": "Here's how to find the perimeter of a square with a side length of 7:\n\n**Understanding the concept:**\nThe perimeter of a",
  "model_id": "gemma4-e2b-it",
  "preset": "ACTIVE_MANIFOLD",
  "completion_tokens": 30,
  "input_tokens": 21,
  "gen_time_sec": 7.854475736618042,
  "phi": 0.2660978138446808,
  "zone": "math",
  "zone_weights": {
    "math": 0.7418215343661099,
    "logic_a": 0.15600350181224637,
    "logic_b": 0.06443428139108809,
    "creative": 0.012003549281878686,
    "synthesis": 0.025737132148677008
  },
  "zone_entropy": 1.2051455302672835,
  "kurtosis": 703.5079345703125,
  "token_diversity_input": 0.8571428571428571,
  "loops_run": 48,
  "entropy": 0.0
}