{
  "prompt": "If A implies B, and B implies C, what does A imply?",
  "completion": "If A implies B, and B implies C, then **A implies C**.\n\nThis is a fundamental rule of logic called the **Law of Sy",
  "model_id": "gemma4-e2b-it",
  "preset": "ACTIVE_MANIFOLD",
  "completion_tokens": 30,
  "input_tokens": 24,
  "gen_time_sec": 7.63696551322937,
  "phi": 0.26492613554000854,
  "zone": "math",
  "zone_weights": {
    "math": 0.40241449704224336,
    "logic_a": 0.30093951818814185,
    "logic_b": 0.21986705424017994,
    "creative": 0.055515163605470895,
    "synthesis": 0.021263765923963947
  },
  "zone_entropy": 1.8799902250714804,
  "kurtosis": 641.3935546875,
  "token_diversity_input": 0.7083333333333334,
  "loops_run": 48,
  "entropy": 0.0
}