{
  "prompt": "Describe a city built entirely of music.",
  "completion": "## Sonaria: The City of Resonant Echoes\n\nSonaria is not built of stone and steel, but of **vibrations, frequencies",
  "model_id": "gemma4-e2b-it",
  "preset": "ACTIVE_MANIFOLD",
  "completion_tokens": 30,
  "input_tokens": 17,
  "gen_time_sec": 8.19685697555542,
  "phi": 0.3385634124279022,
  "zone": "logic_b",
  "zone_weights": {
    "math": 0.11230718438070077,
    "logic_a": 0.2602775634959974,
    "logic_b": 0.3270570816445455,
    "creative": 0.2421059099538963,
    "synthesis": 0.058252259524860066
  },
  "zone_entropy": 2.1213826754152034,
  "kurtosis": 606.2994995117188,
  "token_diversity_input": 0.8235294117647058,
  "loops_run": 56,
  "entropy": 0.0
}