{
  "prompt": "If it rains, the ground gets wet. The ground is wet. Did it rain?",
  "completion": "No, you cannot definitively say that it rained.\n\nHere's why, using logic:\n\n* **The original statement:** \"If it rains",
  "model_id": "gemma4-e2b-it",
  "preset": "ACTIVE_MANIFOLD",
  "completion_tokens": 30,
  "input_tokens": 27,
  "gen_time_sec": 7.942160367965698,
  "phi": 0.33676180243492126,
  "zone": "logic_a",
  "zone_weights": {
    "math": 0.19634874839464556,
    "logic_a": 0.35206223499338857,
    "logic_b": 0.2939113512643007,
    "creative": 0.11399356147289971,
    "synthesis": 0.04368410287476537
  },
  "zone_entropy": 2.0650243931509116,
  "kurtosis": 631.2266845703125,
  "token_diversity_input": 0.7407407407407407,
  "loops_run": 56,
  "entropy": 0.0
}