{
  "prompt": "What is 0.25 as a fraction?",
  "completion": "Here are a few ways to convert 0.25 to a fraction:\n\n**Method 1: Understanding Decimals**\n\n* The number",
  "model_id": "gemma4-e2b-it",
  "preset": "ACTIVE_MANIFOLD",
  "completion_tokens": 30,
  "input_tokens": 20,
  "gen_time_sec": 7.983891487121582,
  "phi": 0.26689180731773376,
  "zone": "math",
  "zone_weights": {
    "math": 0.7685090982197404,
    "logic_a": 0.12407813169581666,
    "logic_b": 0.06203899729536132,
    "creative": 0.014355922133340353,
    "synthesis": 0.03101784965574117
  },
  "zone_entropy": 1.1576212548002154,
  "kurtosis": 792.3497314453125,
  "token_diversity_input": 0.85,
  "loops_run": 48,
  "entropy": 0.0
}