{
  "prompt": "What is 9 squared?",
  "completion": "9 squared is **81**.",
  "model_id": "gemma4-e2b-it",
  "preset": "ACTIVE_MANIFOLD",
  "completion_tokens": 8,
  "input_tokens": 15,
  "gen_time_sec": 2.2896597385406494,
  "phi": 0.26742690801620483,
  "zone": "math",
  "zone_weights": {
    "math": 0.6938382797207312,
    "logic_a": 0.15777355571146862,
    "logic_b": 0.07832873944875494,
    "creative": 0.031138195152697654,
    "synthesis": 0.038921228966347525
  },
  "zone_entropy": 1.4121371834743992,
  "kurtosis": 742.0341796875,
  "token_diversity_input": 0.8,
  "loops_run": 48,
  "entropy": 0.0
}