{
  "prompt": "What is the syllogism called when the conclusion is hidden in the premises?",
  "completion": "The syllogism where the conclusion is hidden within the premises is generally referred to as an **entailment** or **implication** within the",
  "model_id": "gemma4-e2b-it",
  "preset": "ACTIVE_MANIFOLD",
  "completion_tokens": 30,
  "input_tokens": 25,
  "gen_time_sec": 7.850046396255493,
  "phi": 0.26332753896713257,
  "zone": "math",
  "zone_weights": {
    "math": 0.481696480731469,
    "logic_a": 0.3227580639525367,
    "logic_b": 0.14004120129221823,
    "creative": 0.02839280478919027,
    "synthesis": 0.027111448234585663
  },
  "zone_entropy": 1.7183582972094975,
  "kurtosis": 669.1697998046875,
  "token_diversity_input": 0.76,
  "loops_run": 48,
  "entropy": 0.0
}