{
  "prompt": "If all Zorps are Frims, and no Frim is a Glip, can a Zorp be a Glip?",
  "completion": "No, a Zorp cannot be a Glip.\n\nHere's the reasoning:\n\n1. **Premise 1:** All Zorps",
  "model_id": "gemma4-e2b-it",
  "preset": "ACTIVE_MANIFOLD",
  "completion_tokens": 30,
  "input_tokens": 35,
  "gen_time_sec": 8.032320261001587,
  "phi": 0.33928558230400085,
  "zone": "math",
  "zone_weights": {
    "math": 0.2729752060412486,
    "logic_a": 0.1578878123882332,
    "logic_b": 0.2587817350971255,
    "creative": 0.24803109298738127,
    "synthesis": 0.0623241524860113
  },
  "zone_entropy": 2.1849010472801487,
  "kurtosis": 592.3098754882812,
  "token_diversity_input": 0.7428571428571429,
  "loops_run": 56,
  "entropy": 0.0
}