{
  "prompt": "Solve: 3^4 = ?",
  "completion": "Here's how to solve $3^4$:\n\n**Understanding the exponent:**\n\nThe expression $3^4$ means that you need to",
  "model_id": "gemma4-e2b-it",
  "preset": "ACTIVE_MANIFOLD",
  "completion_tokens": 30,
  "input_tokens": 17,
  "gen_time_sec": 7.841144323348999,
  "phi": 0.26537105441093445,
  "zone": "math",
  "zone_weights": {
    "math": 0.4949333293989191,
    "logic_a": 0.288511512549817,
    "logic_b": 0.1189391330931529,
    "creative": 0.05493747763638867,
    "synthesis": 0.04267854632172232
  },
  "zone_entropy": 1.809113178315601,
  "kurtosis": 689.17724609375,
  "token_diversity_input": 0.8235294117647058,
  "loops_run": 48,
  "entropy": 0.0
}