{
  "prompt": "How does the architecture of a city reflect the values of its culture?",
  "completion": "The architecture of a city is far more than just a collection of buildings; it is a tangible, three-dimensional manifestation of a culture's values",
  "model_id": "gemma4-e2b-it",
  "preset": "ACTIVE_MANIFOLD",
  "completion_tokens": 30,
  "input_tokens": 23,
  "gen_time_sec": 8.020519733428955,
  "phi": 0.33440500497817993,
  "zone": "creative",
  "zone_weights": {
    "math": 0.24370633491859767,
    "logic_a": 0.14009769483086562,
    "logic_b": 0.15277342704872118,
    "creative": 0.33060809791406237,
    "synthesis": 0.13281444428775296
  },
  "zone_entropy": 2.2224623877944794,
  "kurtosis": 568.6265258789062,
  "token_diversity_input": 0.782608695652174,
  "loops_run": 56,
  "entropy": 0.0
}