{
  "prompt": "How do economic systems and ecological systems balance?",
  "completion": "The balance between **economic systems** and **ecological systems** is one of the most critical and complex challenges of our time. Essentially, it's",
  "model_id": "gemma4-e2b-it",
  "preset": "ACTIVE_MANIFOLD",
  "completion_tokens": 30,
  "input_tokens": 18,
  "gen_time_sec": 7.934022903442383,
  "phi": 0.3154582679271698,
  "zone": "math",
  "zone_weights": {
    "math": 0.3484653975813452,
    "logic_a": 0.3281578144935283,
    "logic_b": 0.16407890724676416,
    "creative": 0.07725842505498019,
    "synthesis": 0.08203945362338208
  },
  "zone_entropy": 2.0667194978317434,
  "kurtosis": 4.244462013244629,
  "token_diversity_input": 0.7777777777777778,
  "loops_run": 56,
  "entropy": 0.0
}