{
  "prompt": "Describe the texture of a lie.",
  "completion": "Describing the texture of a lie is a fascinating exercise in metaphor, as a lie is an abstract concept, not a physical object. However, we",
  "model_id": "gemma4-e2b-it",
  "preset": "ACTIVE_MANIFOLD",
  "completion_tokens": 30,
  "input_tokens": 16,
  "gen_time_sec": 7.910766363143921,
  "phi": 0.26514241099357605,
  "zone": "math",
  "zone_weights": {
    "math": 0.7298240183446798,
    "logic_a": 0.16364828159078212,
    "logic_b": 0.06717621161408355,
    "creative": 0.01291879569417857,
    "synthesis": 0.026432691756276067
  },
  "zone_entropy": 1.24027415885884,
  "kurtosis": 702.1505737304688,
  "token_diversity_input": 0.8125,
  "loops_run": 48,
  "entropy": 0.0
}