{
  "model_id": "gemma4-e2b-it",
  "mode": "Subjective",
  "px_subjective": true,
  "eta_squared": 0.1485,
  "r_squared_td": 0.0,
  "zombie_status": "ANTI-P-ZOMBIE (zone entropy NOT explained by token stats)",
  "category_entropies": {
    "math": {
      "mean": 0.42694625769923855,
      "std": 0.35639980456630843,
      "n": 20
    },
    "logic": {
      "mean": 0.40779616230664856,
      "std": 0.36192620120898744,
      "n": 20
    },
    "creative": {
      "mean": 0.15188493259517785,
      "std": 0.26934324769327533,
      "n": 20
    },
    "synthesis": {
      "mean": 0.183502656912564,
      "std": 0.22337253104055305,
      "n": 20
    }
  },
  "all_entropies": [
    0.1327645982535986,
    0.602302437383259,
    0.7833618057907678,
    0.6701216798208994,
    0.01981431134940975,
    0.9968825590299473,
    3.6410041738882484e-09,
    0.12558258627086397,
    0.11478325933528154,
    0.2830282696004625,
    0.6862727529390508,
    0.9790970040679304,
    0.13379903456201392,
    0.9774190102508082,
    0.42405185962748515,
    0.8592525934134698,
    0.3074959704044382,
    0.27703551736193643,
    0.14073183550993126,
    0.025128065372213255,
    0.4567198329994636,
    0.2111404913323911,
    0.1212149750551669,
    0.44231277756581794,
    0.11742478463699878,
    0.8472293885764867,
    3.8144674867116434e-05,
    0.8546447895107568,
    4.849839286165445e-07,
    0.02352752827063507,
    0.6033844746673658,
    0.8321066829456832,
    0.9980398474897823,
    0.1756295277034418,
    0.00011329063015196068,
    0.8946291032433428,
    0.5028649532510662,
    0.08008557117810744,
    0.851547332861631,
    0.14326926455588657,
    0.001524431269013788,
    0.0014907802438289223,
    8.080492401383979e-09,
    0.07525989639652891,
    0.4503618878577173,
    0.0008271363319590527,
    0.0003791165415888525,
    6.645347130071489e-09,
    2.3932545769460906e-08,
    0.6842785902342836,
    5.727854622163889e-07,
    0.06364827004216567,
    0.11708586553059083,
    0.01760921051670326,
    0.3515624810238537,
    3.355113498881687e-07,
    5.03658493565931e-06,
    7.58436949511583e-09,
    0.961054953532985,
    0.31261004125783565,
    0.5883850413096311,
    3.88472999763302e-09,
    1.4506548176435634e-07,
    0.12981983985624063,
    0.06619572585876315,
    0.13027028127387671,
    2.9701882985336376e-07,
    0.0002789067985024247,
    0.45806461074442406,
    0.062531581917956,
    0.11985287536460697,
    1.1723980216531648e-06,
    0.19499998816500352,
    0.3657383102256683,
    0.8057238792160578,
    0.20065342706814748,
    0.2244289046639526,
    0.0035931685244440306,
    0.007596401086732147,
    0.3119185778102101
  ],
  "all_td": [
    0,
    0,
    0,
    0,
    0,
    0,
    0,
    0,
    0,
    0,
    0,
    0,
    0,
    0,
    0,
    0,
    0,
    0,
    0,
    0,
    0,
    0,
    0,
    0,
    0,
    0,
    0,
    0,
    0,
    0,
    0,
    0,
    0,
    0,
    0,
    0,
    0,
    0,
    0,
    0,
    0,
    0,
    0,
    0,
    0,
    0,
    0,
    0,
    0,
    0,
    0,
    0,
    0,
    0,
    0,
    0,
    0,
    0,
    0,
    0,
    0,
    0,
    0,
    0,
    0,
    0,
    0,
    0,
    0,
    0,
    0,
    0,
    0,
    0,
    0,
    0,
    0,
    0,
    0,
    0
  ],
  "all_phi": [
    "tensor(0.7880, device='cuda:0')",
    "tensor(0.5468, device='cuda:0')",
    "tensor(0.7442, device='cuda:0')",
    "tensor(0.7695, device='cuda:0')",
    "tensor(0.5630, device='cuda:0')",
    "tensor(0.7538, device='cuda:0')",
    "tensor(0.7967, device='cuda:0')",
    "tensor(0.7665, device='cuda:0')",
    "tensor(0.7766, device='cuda:0')",
    "tensor(0.7682, device='cuda:0')",
    "tensor(0.5677, device='cuda:0')",
    "tensor(0.7246, device='cuda:0')",
    "tensor(0.7690, device='cuda:0')",
    "tensor(0.7341, device='cuda:0')",
    "tensor(0.7779, device='cuda:0')",
    "tensor(0.7067, device='cuda:0')",
    "tensor(0.7527, device='cuda:0')",
    "tensor(0.7657, device='cuda:0')",
    "tensor(0.7581, device='cuda:0')",
    "tensor(0.5696, device='cuda:0')",
    "tensor(0.7799, device='cuda:0')",
    "tensor(0.7655, device='cuda:0')",
    "tensor(0.7658, device='cuda:0')",
    "tensor(0.6587, device='cuda:0')",
    "tensor(0.7407, device='cuda:0')",
    "tensor(0.7749, device='cuda:0')",
    "tensor(0.7651, device='cuda:0')",
    "tensor(0.7675, device='cuda:0')",
    "tensor(0.7503, device='cuda:0')",
    "tensor(0.6932, device='cuda:0')",
    "tensor(0.7566, device='cuda:0')",
    "tensor(0.7528, device='cuda:0')",
    "tensor(0.7722, device='cuda:0')",
    "tensor(0.7730, device='cuda:0')",
    "tensor(0.7600, device='cuda:0')",
    "tensor(0.7645, device='cuda:0')",
    "tensor(0.7750, device='cuda:0')",
    "tensor(0.5626, device='cuda:0')",
    "tensor(0.7894, device='cuda:0')",
    "tensor(0.7586, device='cuda:0')",
    "tensor(0.7761, device='cuda:0')",
    "tensor(0.7673, device='cuda:0')",
    "tensor(0.8109, device='cuda:0')",
    "tensor(0.7623, device='cuda:0')",
    "tensor(0.7643, device='cuda:0')",
    "tensor(0.7712, device='cuda:0')",
    "tensor(0.7886, device='cuda:0')",
    "tensor(0.8135, device='cuda:0')",
    "tensor(0.8234, device='cuda:0')",
    "tensor(0.7637, device='cuda:0')",
    "tensor(0.7732, device='cuda:0')",
    "tensor(0.7641, device='cuda:0')",
    "tensor(0.7650, device='cuda:0')",
    "tensor(0.7623, device='cuda:0')",
    "tensor(0.7286, device='cuda:0')",
    "tensor(0.7643, device='cuda:0')",
    "tensor(0.5641, device='cuda:0')",
    "tensor(0.8116, device='cuda:0')",
    "tensor(0.7679, device='cuda:0')",
    "tensor(0.7048, device='cuda:0')",
    "tensor(0.7693, device='cuda:0')",
    "tensor(0.8198, device='cuda:0')",
    "tensor(0.7660, device='cuda:0')",
    "tensor(0.6907, device='cuda:0')",
    "tensor(0.7652, device='cuda:0')",
    "tensor(0.7680, device='cuda:0')",
    "tensor(0.7693, device='cuda:0')",
    "tensor(0.7606, device='cuda:0')",
    "tensor(0.7673, device='cuda:0')",
    "tensor(0.6866, device='cuda:0')",
    "tensor(0.7716, device='cuda:0')",
    "tensor(0.7725, device='cuda:0')",
    "tensor(0.5303, device='cuda:0')",
    "tensor(0.7706, device='cuda:0')",
    "tensor(0.7694, device='cuda:0')",
    "tensor(0.7673, device='cuda:0')",
    "tensor(0.7609, device='cuda:0')",
    "tensor(0.5563, device='cuda:0')",
    "tensor(0.7833, device='cuda:0')",
    "tensor(0.7638, device='cuda:0')"
  ],