{
  "prompt": "Calculate the area of a circle with radius 5.",
  "completion": "1. **Find the area.**\nThe area of an ellipse is given by the formula: Area = \u03c0r\u00b2\n\nwhere r is the radius of the ellipse. In this case, we have r = 5 and h = 2\u03c0.\nArea = \u03c0(5)\u00b2 = ",
  "model_id": "gemma3-270m-it",
  "preset": "ACTIVE_MANIFOLD",
  "completion_tokens": 60,
  "input_tokens": 21,
  "gen_time_sec": 2.801206350326538,
  "phi": 0.8913988471031189,
  "zone": "MATH",
  "zone_weights": {
    "math": 0.9999999798436882,
    "logic_a": 3.5195888726895674e-09,
    "logic_b": 9.102640173151853e-13,
    "creative": 7.579183037607184e-16,
    "synthesis": 1.7663847811940054e-29
  },
  "zone_entropy": 1.0395236141381873e-07,
  "kurtosis": 512.1895141601562,
  "token_diversity_input": 0.8095238095238095,
  "loops_run": 9,
  "entropy": 0.302734375
}