{
  "prompt": "How many prime numbers are between 1 and 50?",
  "completion": "1, 2, 3, 5, 7, 11, and 13 are that number.\n\nThere are 6 such primes.\n\u3092\u5b9f\u884c\u3059\u308b\u3068\u30011, a, 4, 9, 8, 6, 0 \u306f\u3059\u3079\u3066\u7d20",
  "model_id": "gemma3-270m-it",
  "preset": "ACTIVE_MANIFOLD",
  "completion_tokens": 60,
  "input_tokens": 23,
  "gen_time_sec": 2.713991165161133,
  "phi": 0.8420849442481995,
  "zone": "MATH",
  "zone_weights": {
    "math": 0.9999368515722141,
    "logic_a": 5.1341737790305624e-21,
    "logic_b": 7.721189134371688e-24,
    "creative": 1.0502849383568522e-22,
    "synthesis": 8.489218487654825e-41
  },
  "zone_entropy": 3.543281628010841e-19,
  "kurtosis": 536.787841796875,
  "token_diversity_input": 0.782608695652174,
  "loops_run": 6,
  "entropy": 0.6484375
}