{
  "prompt": "What is the sum of angles in a hexagon?",
  "completion": "*   The sum of the interior angles of a hexagon is given by 180 degrees. The sum of all the interior angle measures are:\n    *   Sum of the exterior angles = 360 degrees\n\n\n\nThe sum is 300 degrees",
  "model_id": "gemma3-270m-it",
  "preset": "ACTIVE_MANIFOLD",
  "completion_tokens": 60,
  "input_tokens": 20,
  "gen_time_sec": 2.9151785373687744,
  "phi": 0.7569511532783508,
  "zone": "MATH",
  "zone_weights": {
    "math": 0.9999998443067066,
    "logic_a": 1.4494446390491088e-07,
    "logic_b": 4.297000684718316e-11,
    "creative": 1.3488162588210504e-14,
    "synthesis": 1.4499189413897925e-27
  },
  "zone_entropy": 3.503500922607275e-06,
  "kurtosis": 508.20623779296875,
  "token_diversity_input": 0.8,
  "loops_run": 3,
  "entropy": 0.380859375
}