{
  "prompt": "If a triangle has sides 3, 4, 5, is it a right triangle?",
  "completion": "\\textbf{Yes, a triangle with three sides of equal length}\n \u0915\u0947 \u090f\u0915 \u043f\u0440\u0430\u0432\u0438\u043b\u044c\u043d\u044b\u0439 \u043e\u0442\u0432\u0435\u0442 \u044f\u0432\u043b\u044f\u0435\u0442\u0441\u044f:\n\\n\\_\\_\\_\\_\n \u0939\u0948\u0964 \u0938 \u0909\u0928 \u0938\u092d\u0940 \u0924\u094d\u0930\u093f\u092d\u0941\u091c \u0915\u0940 \u092d\u0941\u091c\u093e\u0913\u0902 \u0914\u0930 \u091c\u094d\u092f\u093e\u092e\u093f\u0924\u0940\u092f \u0930\u0942\u092a \u092e\u0947\u0902 \u0915\u094d\u092f\u093e \u0926\u0930\u094d\u0936\u093e\u0908 \u0917\u090f \u0939\u0948\u0902 \u0915\u093f \u0935\u0947 \u0938\u0939\u0940 \u0915\u094d\u0930\u092e\u093e\u0924",
  "model_id": "gemma3-270m-it",
  "preset": "ACTIVE_MANIFOLD",
  "completion_tokens": 60,
  "input_tokens": 30,
  "gen_time_sec": 2.8151631355285645,
  "phi": 0.842712938785553,
  "zone": "MATH",
  "zone_weights": {
    "math": 0.9999999599397323,
    "logic_a": 2.8610992847837842e-11,
    "logic_b": 7.346561347785799e-15,
    "creative": 2.5287177142191564e-17,
    "synthesis": 8.629698813713213e-32
  },
  "zone_entropy": 1.0437235996970547e-09,
  "kurtosis": 517.0628051757812,
  "token_diversity_input": 0.6666666666666666,
  "loops_run": 6,
  "entropy": 0.033447265625
}