{
  "prompt": "What is 2^10?",
  "completion": " 2**10 = 10\n\n \u0915\u0947 \u091c\u0935\u093e\u092c \u092e\u0947\u0902, \u0909\u0924\u094d\u0924\u0930 \u0939\u0948 **10**.\n \u092e\u0948\u0902 \u0938\u092e\u091d\u0924\u093e \u0939\u0942\u0901 \u0915\u093f \u0906\u092a \u092a\u0942\u091b \u0930\u0939\u0947 \u0939\u0948\u0902 \u0915\u094d\u092f\u093e \u092f\u0939 \u090f\u0915 \u0938\u0902\u0916\u094d\u092f\u093e \u0939\u094b \u0938\u0915\u0924\u0940 \u0939\u0948\u0964 \u0915\u0943\u092a\u092f\u093e \u0938\u094d\u092a\u0937\u094d\u091f \u0915\u0930\u0947\u0902 \u0924\u093e\u0915\u093f \u092e\u0941\u091d\u0947 \u092c\u0924\u093e \u0938\u0915\u0942\u0901.\n \u0436\u0435 \u0907\u0938 \u092a\u094d\u0930\u0936\u094d\u0928 \u0915\u093e \u0915\u094b\u0908 \u0938\u0939\u0940",
  "model_id": "gemma3-270m-it",
  "preset": "ACTIVE_MANIFOLD",
  "completion_tokens": 60,
  "input_tokens": 18,
  "gen_time_sec": 3.1783320903778076,
  "phi": 0.844697117805481,
  "zone": "MATH",
  "zone_weights": {
    "math": 0.9947397275298349,
    "logic_a": 0.005255038880418696,
    "logic_b": 5.219703902034871e-06,
    "creative": 2.2277751225245342e-10,
    "synthesis": 2.3779955318920138e-21
  },
  "zone_entropy": 0.04745214501589172,
  "kurtosis": 495.5815124511719,
  "token_diversity_input": 0.7777777777777778,
  "loops_run": 6,
  "entropy": 0.62109375
}