{
  "prompt": "How many distinct permutations can be made from the word MATH?",
  "completion": "*   MATH\n*  *answer*\n* MATH\u00f4i s\u1ed1 c\u00e1c permutasi yang dapat dibuat dari kata \"MATH\"\n\n* *egyorgial*\n\nThere are 10 possible permutations of the letters in the word MATHEMAT YAHNH\n\n+ *",
  "model_id": "gemma3-270m-it",
  "preset": "ACTIVE_MANIFOLD",
  "completion_tokens": 60,
  "input_tokens": 22,
  "gen_time_sec": 3.0594000816345215,
  "phi": 0.968149721622467,
  "zone": "SYNTHESIS",
  "zone_weights": {
    "math": 1.0572115506593448e-22,
    "logic_a": 3.945024310905521e-15,
    "logic_b": 2.690350080474147e-05,
    "creative": 0.9979368925034371,
    "synthesis": 0.0020361996872999572
  },
  "zone_entropy": 0.021585233426661875,
  "kurtosis": 423.4345397949219,
  "token_diversity_input": 0.8181818181818182,
  "loops_run": 8,
  "entropy": 0.55078125
}