{
  "prompt": "What is the derivative of x\u00b3?",
  "completion": "Here are a few ways to calculate the derivative:\n\n*   **Using the power rule:** The derivative of a constant is 0.5.\n*   The derivative of y^n with respect to x is 2\u207f + C,\n    where C is constant.\n\nSo,",
  "model_id": "gemma3-270m-it",
  "preset": "ACTIVE_MANIFOLD",
  "completion_tokens": 60,
  "input_tokens": 18,
  "gen_time_sec": 2.6835854053497314,
  "phi": 0.9014438986778259,
  "zone": "CREATIVE",
  "zone_weights": {
    "math": 1.1637922114615925e-11,
    "logic_a": 0.00024235401997105516,
    "logic_b": 0.93051057522008,
    "creative": 0.06924621876774495,
    "synthesis": 8.495746449591805e-07
  },
  "zone_entropy": 0.36635796511968605,
  "kurtosis": 447.9949951171875,
  "token_diversity_input": 0.7777777777777778,
  "loops_run": 1,
  "entropy": 1.1484375
}