{
  "prompt": "What is the probability of rolling a 6 on a fair die?",
  "completion": "*   A fair die has six sides.\n\nThe probability ofrolling a 1 is 1/6.\nThe probability that you roll a 2 is $1/3$.\nThe probabilities of rolling an odd number (1, 3, 5) \\text{ or }",
  "model_id": "gemma3-270m-it",
  "preset": "ACTIVE_MANIFOLD",
  "completion_tokens": 60,
  "input_tokens": 24,
  "gen_time_sec": 2.814188003540039,
  "phi": 0.9202070236206055,
  "zone": "CREATIVE",
  "zone_weights": {
    "math": 0.3017083832165833,
    "logic_a": 0.6951611991436893,
    "logic_b": 0.003130307616354275,
    "creative": 8.913487806978636e-08,
    "synthesis": 1.7927965098643607e-17
  },
  "zone_entropy": 0.9122980423034655,
  "kurtosis": 486.92376708984375,
  "token_diversity_input": 0.7916666666666666,
  "loops_run": 2,
  "entropy": 0.890625
}