{
  "prompt": "Simplify: (2x + 3)(x - 1).",
  "completion": "\"simplify\" is a verb.\nThe expression \"2x+3\" is simplified to \"2*x + ?\".\nWe are asked for the value of '?' which is not specified.\n\nIf we assume that x is a constant, then the expression simplifies to 2* x",
  "model_id": "gemma3-270m-it",
  "preset": "ACTIVE_MANIFOLD",
  "completion_tokens": 60,
  "input_tokens": 24,
  "gen_time_sec": 2.5660712718963623,
  "phi": 0.7596641778945923,
  "zone": "MATH",
  "zone_weights": {
    "math": 0.9999992345487537,
    "logic_a": 6.285114901048548e-16,
    "logic_b": 2.745847805462518e-19,
    "creative": 3.7060204430312825e-20,
    "synthesis": 2.1036515273961306e-36
  },
  "zone_entropy": 3.271951990529101e-14,
  "kurtosis": 527.0126342773438,
  "token_diversity_input": 0.75,
  "loops_run": 3,
  "entropy": 0.369140625
}