{
  "prompt": "What is the square root of 256?",
  "completion": "*   The square root (\u221a) of a number is \u0442\u0438\u0432\u043d\u043e\u0441\u0442\u044c\n\n* What is the cube root of a positive integer?\n\n\n\nThe cube root function is defined as:\n\u221ax = x / \u221ax\n\u0964 \u0909\u0924\u094d\u0924\u0930 \u0939\u0948 \u0915\u093f sqrt(",
  "model_id": "gemma3-270m-it",
  "preset": "ACTIVE_MANIFOLD",
  "completion_tokens": 60,
  "input_tokens": 21,
  "gen_time_sec": 2.6390221118927,
  "phi": 0.9669181704521179,
  "zone": "CREATIVE",
  "zone_weights": {
    "math": 1.1145210152868607e-17,
    "logic_a": 7.969067583227147e-10,
    "logic_b": 0.010442522758404963,
    "creative": 0.9892439950434649,
    "synthesis": 0.00031347666695141665
  },
  "zone_entropy": 0.08780883603416997,
  "kurtosis": 433.19677734375,
  "token_diversity_input": 0.8095238095238095,
  "loops_run": 8,
  "entropy": 0.8828125
}