{
  "prompt": "What is the Fibonacci sequence's 10th term?",
  "completion": "The Fibonacci sequence starts with 1 and each number is 2n + 1 for n = 1, 2, 3, 5, 8, 13, ...\nThe 11th term of the Fibonacci series is denoted by F(10) =",
  "model_id": "gemma3-270m-it",
  "preset": "ACTIVE_MANIFOLD",
  "completion_tokens": 60,
  "input_tokens": 23,
  "gen_time_sec": 3.0846660137176514,
  "phi": 0.8467078804969788,
  "zone": "MATH",
  "zone_weights": {
    "math": 0.9999928674701666,
    "logic_a": 1.1843178698913917e-18,
    "logic_b": 9.330531193519486e-22,
    "creative": 1.393271156142399e-21,
    "synthesis": 7.916211980440414e-39
  },
  "zone_entropy": 7.068910232921144e-17,
  "kurtosis": 532.3684692382812,
  "token_diversity_input": 0.8260869565217391,
  "loops_run": 6,
  "entropy": 0.185546875
}