{
  "prompt": "If all cats are animals and all animals need water, do cats need water?",
  "completion": "\u0928\u093f\u0936\u094d\u091a\u093f\u0924 \u0930\u0942\u092a \u0938\u0947 \u0928\u0939\u0940\u0902\u0964 Cats are not animals.\n \u090f\u0915 \u092a\u094d\u0930\u0936\u094d\u0928 \u0939\u0948 \u0915\u093f \u0915\u094d\u092f\u093e \u0915\u094b\u0908 \u091c\u093e\u0928\u0935\u0930 \u092a\u093e\u0928\u0940 \u0915\u0940 \u0906\u0935\u0936\u094d\u092f\u0915\u0924\u093e \u0930\u0916\u0924\u093e \u0939\u0948 \u092f\u093e \u0928 \u0924\u094b \u0938\u0915\u0924\u093e \u0925\u093e \u0914\u0930 \u0939\u093e\u0901 \u091c\u0935\u093e\u092c \u0926\u0947\u0924\u093e \u0930\u0939\u093e \u0939\u094b\u0964\n\n\u092f\u0939 \u0938\u0935\u093e\u0932 \u0915\u093e \u0909\u0924\u094d\u0924\u0930 \u0926\u0947\u0928\u0947 \u0915\u0947 \u0932\u093f\u090f \u0939\u092e\u0947\u0902 \u092f\u0939 \u0938\u092e\u091d\u0928\u093e \u0939\u094b\u0917\u093e \u0915\u093f \u0915\u094c\u0928 \u091c\u093e\u0928\u0924\u093e \u0915\u0930\u0924\u093e \u0939\u0941\u0906 \u0935\u0939 \u0935\u094d\u092f\u0915\u094d\u0924\u093f \u0915\u093f\u0924\u0928\u093e \u091c\u093e\u0928\u0924\u0947 \u0939\u0948\u0902)\u0964",
  "model_id": "gemma3-270m-it",
  "preset": "ACTIVE_MANIFOLD",
  "completion_tokens": 60,
  "input_tokens": 26,
  "gen_time_sec": 2.888341188430786,
  "phi": 0.9169672727584839,
  "zone": "CREATIVE",
  "zone_weights": {
    "math": 0.33299376173208456,
    "logic_a": 7.75246890567603e-31,
    "logic_b": 3.922348449334872e-32,
    "creative": 8.053934093229762e-27,
    "synthesis": 4.037160690778854e-48
  },
  "zone_entropy": 2.0584090470970146e-24,
  "kurtosis": 552.6643676757812,
  "token_diversity_input": 0.6538461538461539,
  "loops_run": 6,
  "entropy": 0.310546875
}