{
  "prompt": "What is a paradox? Give an example.",
  "completion": "I am Gemma in the Gemma of me! I'll provide information and assistance as you ask.\n\n\nI am here to help with various tasks, please let me know what you need.\n\u0abe\u0ab2\u0ac1 (Saeed)\n\u4e86\u89e3\u4e86\uff01 \n",
  "model_id": "gemma3-270m-it",
  "preset": "ACTIVE_MANIFOLD",
  "completion_tokens": 60,
  "input_tokens": 19,
  "gen_time_sec": 2.963972330093384,
  "phi": 0.9700732827186584,
  "zone": "SYNTHESIS",
  "zone_weights": {
    "math": 2.590961028451708e-40,
    "logic_a": 5.32864814327582e-37,
    "logic_b": 1.728287736611667e-16,
    "creative": 0.8538130142731906,
    "synthesis": 0.14618543873642856
  },
  "zone_entropy": 0.6002120338161216,
  "kurtosis": 392.3856506347656,
  "token_diversity_input": 0.7894736842105263,
  "loops_run": 8,
  "entropy": 0.8125
}