{
  "prompt": "How does modus ponens work?",
  "completion": "*   **Modus Ponktionsolvergning:** This is a fundamental concept in mathematics and logic. It's the principle of \"If P, then Q.\"\n\nHere are some key aspects to understand:\n\n*   It states that if you have a statement (P), then you can",
  "model_id": "gemma3-270m-it",
  "preset": "ACTIVE_MANIFOLD",
  "completion_tokens": 60,
  "input_tokens": 17,
  "gen_time_sec": 2.760737180709839,
  "phi": 0.8227896094322205,
  "zone": "MATH",
  "zone_weights": {
    "math": 0.9989840137814255,
    "logic_a": 0.0010152197302881981,
    "logic_b": 7.554246207412039e-07,
    "creative": 4.023985667278679e-11,
    "synthesis": 2.0184411300838834e-22
  },
  "zone_entropy": 0.011575698670771458,
  "kurtosis": 497.727783203125,
  "token_diversity_input": 0.7647058823529411,
  "loops_run": 5,
  "entropy": 0.84375
}