{
  "prompt": "What can physics learn from biology?",
  "completion": "Physics and biology are two of the most fundamental sciences, each dealing with the natural world. While they operate at vastly different scales (the subatomic vs",
  "model_id": "gemma4-e2b-it",
  "preset": "ACTIVE_MANIFOLD",
  "completion_tokens": 30,
  "input_tokens": 16,
  "gen_time_sec": 8.065418720245361,
  "phi": 0.25743529200553894,
  "zone": "math",
  "zone_weights": {
    "math": 0.5418812002532623,
    "logic_a": 0.16684377906764106,
    "logic_b": 0.08342196260150614,
    "creative": 0.1661421393096845,
    "synthesis": 0.04171091776790601
  },
  "zone_entropy": 1.8303684917842764,
  "kurtosis": 822.2911376953125,
  "token_diversity_input": 0.8125,
  "loops_run": 48,
  "entropy": 0.0
}