{
  "input_file": "eval/results/E2B_ACTIVE_MANIFOLD_smoke4/E2B_ACTIVE_MANIFOLD_aggregate.json",
  "scale": "E2B",
  "model_id": "gemma4-e2b-it",
  "preset": "ACTIVE_MANIFOLD",
  "n_prompts_total": 16,
  "n_successful": 16,
  "n_errors": 0,
  "anova_zone_entropy": {
    "F": 1.243669977178683,
    "p_approx": 0.337515899718894,
    "eta_squared": 0.23717548636572094,
    "ss_between": 0.46918593827933475,
    "ss_within": 1.5090367923609527,
    "k": 3,
    "n": 12
  },
  "anova_phi": {
    "F": 4.449646284756746,
    "p_approx": 0.02537660485441911,
    "eta_squared": 0.526607402819211,
    "ss_between": 0.010112490039071442,
    "ss_within": 0.009090601267533582,
    "k": 3,
    "n": 12
  },
  "r2_token_diversity_to_zone_entropy": 0.012309461758480168,
  "mean_phi_per_category": {
    "math": 0.3012664169073105,
    "logic": 0.26801636070013046,
    "creative": 0.3217328041791916,
    "synthesis": 0.2594435587525368
  },
  "mean_zone_entropy_per_category": {
    "math": 1.7876618760835015,
    "logic": 1.6057447067420598,
    "creative": 1.969276509941245,
    "synthesis": 1.5262342027381262
  },
  "mean_kurtosis_per_category": {
    "math": 642.4869232177734,
    "logic": 706.1912078857422,
    "creative": 638.6634674072266,
    "synthesis": 758.7215423583984
  },
  "mean_zone_weights_per_category": {
    "math": {
      "math": 0.45277033844922804,
      "logic_a": 0.17315996357264132,
      "logic_b": 0.14333675650329217,
      "creative": 0.16888452581482727,
      "synthesis": 0.061848414660011196
    },
    "logic": {
      "math": 0.5620296381479142,
      "logic_a": 0.23387844084600812,
      "logic_b": 0.1427362376092653,
      "creative": 0.03674313338322841,
      "synthesis": 0.02461254901358375
    },
    "creative": {
      "math": 0.30376194065426104,
      "logic_a": 0.2217178313320505,
      "logic_b": 0.2534957302025167,
      "creative": 0.17102687677369266,
      "synthesis": 0.049997620037479124
    },
    "synthesis": {
      "math": 0.6520257315990436,
      "logic_a": 0.1628061165942683,
      "logic_b": 0.08025986261180285,
      "creative": 0.06524390243663927,
      "synthesis": 0.039664385758245845
    }
  },
  "verdict": "ANTI_P_ZOMBIE_CONFIRMED",
  "verdict_note": "\u03b7\u00b2=0.237 \u2265 0.10 AND R\u00b2(TD\u2192H)=0.012 < 0.30. Zone entropy is high-variance across categories and is NOT explained by token diversity."
}