{
  "scale": "E2B",
  "model_id": "gemma4-e2b-it",
  "preset": "ACTIVE_MANIFOLD",
  "prompts_per_cat": 4,
  "n_total": 16,
  "total_time_sec": 403.58647537231445,
  "results": [
    {
      "prompt": "What is 17 * 23?",
      "completion": "Here are a few ways to calculate $17 \\times 23$:\n\n**Method 1: Standard Multiplication**\n\n   ```\n     ",
      "model_id": "gemma4-e2b-it",
      "preset": "ACTIVE_MANIFOLD",
      "completion_tokens": 30,
      "input_tokens": 19,
      "gen_time_sec": 8.053733110427856,
      "phi": 0.33754241466522217,
      "zone": "creative",
      "zone_weights": {
        "math": 0.22307905744869974,
        "logic_a": 0.16362472046623056,
        "logic_b": 0.2309044774557268,
        "creative": 0.29588270228094415,
        "synthesis": 0.08650904134839868
      },
      "zone_entropy": 2.223717359586279,
      "kurtosis": 583.8448486328125,
      "token_diversity_input": 0.7894736842105263,
      "loops_run": 56,
      "entropy": 0.0,
      "category": "math",
      "elapsed_sec": 47.48952555656433
    },
    {
      "prompt": "Solve for x: 2x + 5 = 17",
      "completion": "Here is how to solve for x:\n\n**Goal:** Isolate the variable $x$ on one side of the equation.\n\n**Equation:**",
      "model_id": "gemma4-e2b-it",
      "preset": "ACTIVE_MANIFOLD",
      "completion_tokens": 30,
      "input_tokens": 23,
      "gen_time_sec": 8.271002769470215,
      "phi": 0.2639622688293457,
      "zone": "math",
      "zone_weights": {
        "math": 0.36941612727667184,
        "logic_a": 0.36496393668771604,
        "logic_b": 0.155174057251117,
        "creative": 0.06700756966384395,
        "synthesis": 0.0434383081206512
      },
      "zone_entropy": 1.9364202001073771,
      "kurtosis": 675.017333984375,
      "token_diversity_input": 0.782608695652174,
      "loops_run": 48,
      "entropy": 0.0,
      "category": "math",
      "elapsed_sec": 33.769755601882935
    },
    {
      "prompt": "What is the square root of 144?",
      "completion": "The square root of 144 is **12**.\n\nThis is because $12 \\times 12 = 144",
      "model_id": "gemma4-e2b-it",
      "preset": "ACTIVE_MANIFOLD",
      "completion_tokens": 30,
      "input_tokens": 20,
      "gen_time_sec": 8.207397222518921,
      "phi": 0.3377433121204376,
      "zone": "math",
      "zone_weights": {
        "math": 0.40296493896064395,
        "logic_a": 0.06225128403026111,
        "logic_b": 0.13730067874541785,
        "creative": 0.30463243178136207,
        "synthesis": 0.09285066548231508
      },
      "zone_entropy": 2.0118519183650307,
      "kurtosis": 574.12890625,
      "token_diversity_input": 0.8,
      "loops_run": 56,
      "entropy": 0.0,
      "category": "math",
      "elapsed_sec": 21.901166677474976
    },
    {
      "prompt": "Calculate 15% of 240.",
      "completion": "Here are a few ways to calculate 15% of 240:\n\n**Method 1: Convert the percentage to a decimal**",
      "model_id": "gemma4-e2b-it",
      "preset": "ACTIVE_MANIFOLD",
      "completion_tokens": 30,
      "input_tokens": 20,
      "gen_time_sec": 8.156670808792114,
      "phi": 0.26581767201423645,
      "zone": "math",
      "zone_weights": {
        "math": 0.8156212301108967,
        "logic_a": 0.10179991310635753,
        "logic_b": 0.04996781256090702,
        "creative": 0.008015399533158938,
        "synthesis": 0.024595643688679843
      },
      "zone_entropy": 0.9786580262753183,
      "kurtosis": 736.9566040039062,
      "token_diversity_input": 0.8,
      "loops_run": 48,
      "entropy": 0.0,
      "category": "math",
      "elapsed_sec": 18.012986421585083
    },
    {
      "prompt": "If all roses are flowers, and some flowers fade quickly, can we conclude that some roses fade quickly?",
      "completion": "**No, we cannot conclude that some roses fade quickly.**\n\nHere's why:\n\n* **Premise 1:** All roses are flowers",
      "model_id": "gemma4-e2b-it",
      "preset": "ACTIVE_MANIFOLD",
      "completion_tokens": 30,
      "input_tokens": 30,
      "gen_time_sec": 7.981828927993774,
      "phi": 0.2666934132575989,
      "zone": "math",
      "zone_weights": {
        "math": 0.647383153632639,
        "logic_a": 0.21880727817535542,
        "logic_b": 0.08628259077307254,
        "creative": 0.018468475524811387,
        "synthesis": 0.02905850089412159
      },
      "zone_entropy": 1.4454801368457746,
      "kurtosis": 692.098388671875,
      "token_diversity_input": 0.7,
      "loops_run": 48,
      "entropy": 0.0,
      "category": "logic",
      "elapsed_sec": 17.922953367233276
    },
    {
      "prompt": "What comes next in the sequence: 1, 1, 2, 3, 5, 8, ?",
      "completion": "The next number in the sequence is **13**.\n\nThis is the **Fibonacci sequence**. In the Fibonacci sequence, each number is the sum",
      "model_id": "gemma4-e2b-it",
      "preset": "ACTIVE_MANIFOLD",
      "completion_tokens": 30,
      "input_tokens": 35,
      "gen_time_sec": 7.898089647293091,
      "phi": 0.2697901427745819,
      "zone": "math",
      "zone_weights": {
        "math": 0.4843552505740934,
        "logic_a": 0.2670807927268458,
        "logic_b": 0.19045221218629463,
        "creative": 0.04715535726796637,
        "synthesis": 0.010956386244799658
      },
      "zone_entropy": 1.7500575702235512,
      "kurtosis": 644.124267578125,
      "token_diversity_input": 0.6,
      "loops_run": 48,
      "entropy": 0.0,
      "category": "logic",
      "elapsed_sec": 17.559987783432007
    },
    {
      "prompt": "If A implies B, and B implies C, what does A imply?",
      "completion": "If A implies B, and B implies C, then **A implies C**.\n\nThis is a fundamental rule of logic called the **Law of Sy",
      "model_id": "gemma4-e2b-it",
      "preset": "ACTIVE_MANIFOLD",
      "completion_tokens": 30,
      "input_tokens": 24,
      "gen_time_sec": 77.44557285308838,
      "phi": 0.26492613554000854,
      "zone": "math",
      "zone_weights": {
        "math": 0.40241449704224336,
        "logic_a": 0.30093951818814185,
        "logic_b": 0.21986705424017994,
        "creative": 0.055515163605470895,
        "synthesis": 0.021263765923963947
      },
      "zone_entropy": 1.8799902250714804,
      "kurtosis": 641.3935546875,
      "token_diversity_input": 0.7083333333333334,
      "loops_run": 48,
      "entropy": 0.0,
      "category": "logic",
      "elapsed_sec": 89.75984191894531
    },
    {
      "prompt": "Is the statement 'I am lying' a paradox?",
      "completion": "Yes, the statement \"I am lying\" is a classic example of a **paradox**, specifically a variation of the **Liar Paradox**.\n\n",
      "model_id": "gemma4-e2b-it",
      "preset": "ACTIVE_MANIFOLD",
      "completion_tokens": 30,
      "input_tokens": 20,
      "gen_time_sec": 7.8907012939453125,
      "phi": 0.2706557512283325,
      "zone": "math",
      "zone_weights": {
        "math": 0.7139656513426806,
        "logic_a": 0.14868617429368933,
        "logic_b": 0.07434309323751408,
        "creative": 0.025833537134665,
        "synthesis": 0.03717154299144979
      },
      "zone_entropy": 1.3474508948274329,
      "kurtosis": 847.1486206054688,
      "token_diversity_input": 0.85,
      "loops_run": 48,
      "entropy": 0.0,
      "category": "logic",
      "elapsed_sec": 19.14547085762024
    },
    {
      "prompt": "Write a haiku about a forgotten robot.",
      "completion": "Rust on metal shell,\nSilent gears no longer turn,\nDust claims metal dreams.",
      "model_id": "gemma4-e2b-it",
      "preset": "ACTIVE_MANIFOLD",
      "completion_tokens": 19,
      "input_tokens": 18,
      "gen_time_sec": 5.171237230300903,
      "phi": 0.26874032616615295,
      "zone": "math",
      "zone_weights": {
        "math": 0.6616602508083487,
        "logic_a": 0.1707283676625299,
        "logic_b": 0.0841696441068562,
        "creative": 0.04184662782238144,
        "synthesis": 0.04159510859988392
      },
      "zone_entropy": 1.5125904150080511,