{
  "prompt": "What comes next in the sequence: 1, 1, 2, 3, 5, 8, ?",
  "completion": "The next number in the sequence is **13**.\n\nThis is the **Fibonacci sequence**. In the Fibonacci sequence, each number is the sum",
  "model_id": "gemma4-e2b-it",
  "preset": "ACTIVE_MANIFOLD",
  "completion_tokens": 30,
  "input_tokens": 35,
  "gen_time_sec": 7.898089647293091,
  "phi": 0.2697901427745819,
  "zone": "math",
  "zone_weights": {
    "math": 0.4843552505740934,
    "logic_a": 0.2670807927268458,
    "logic_b": 0.19045221218629463,
    "creative": 0.04715535726796637,
    "synthesis": 0.010956386244799658
  },
  "zone_entropy": 1.7500575702235512,
  "kurtosis": 644.124267578125,
  "token_diversity_input": 0.6,
  "loops_run": 48,
  "entropy": 0.0
}