{
  "prompt": "What is 17 * 23?",
  "completion": "Here are a few ways to calculate $17 \\times 23$:\n\n**Method 1: Standard Multiplication**\n\n   ```\n     ",
  "model_id": "gemma4-e2b-it",
  "preset": "ACTIVE_MANIFOLD",
  "completion_tokens": 30,
  "input_tokens": 19,
  "gen_time_sec": 8.053733110427856,
  "phi": 0.33754241466522217,
  "zone": "creative",
  "zone_weights": {
    "math": 0.22307905744869974,
    "logic_a": 0.16362472046623056,
    "logic_b": 0.2309044774557268,
    "creative": 0.29588270228094415,
    "synthesis": 0.08650904134839868
  },
  "zone_entropy": 2.223717359586279,
  "kurtosis": 583.8448486328125,
  "token_diversity_input": 0.7894736842105263,
  "loops_run": 56,
  "entropy": 0.0
}