{
  "prompt": "Invent a word for the feeling of a Sunday afternoon in autumn.",
  "completion": "Here are a few options for a word to describe the feeling of a Sunday afternoon in autumn, depending on the specific nuance you want to emphasize:\n\n",
  "model_id": "gemma4-e2b-it",
  "preset": "ACTIVE_MANIFOLD",
  "completion_tokens": 30,
  "input_tokens": 22,
  "gen_time_sec": 8.001641988754272,
  "phi": 0.3410014808177948,
  "zone": "math",
  "zone_weights": {
    "math": 0.3117113806208073,
    "logic_a": 0.20793051338705668,
    "logic_b": 0.29418608889594766,
    "creative": 0.15029155972064195,
    "synthesis": 0.0358804563755464
  },
  "zone_entropy": 2.09781349694252,
  "kurtosis": 611.5303955078125,
  "token_diversity_input": 0.8181818181818182,
  "loops_run": 56,
  "entropy": 0.0
}