{
  "prompt": "Write a haiku about a forgotten robot.",
  "completion": "Steel shell, silent now,\nDust motes dance in the gloom,\nLost memories sleep. \n\n---\n\nThis haiku captures the feeling of a forgotten object. \n\nWould you like me to try a different kind of haiku?",
  "model_id": "gemma3-1b-it",
  "preset": "ACTIVE_MANIFOLD",
  "completion_tokens": 60,
  "input_tokens": 19,
  "gen_time_sec": 5.690512418746948,
  "phi": 0.9930213689804077,
  "zone": "math",
  "zone_weights": {
    "math": 0.7352899125539539,
    "logic_a": 0.1470610727396426,
    "logic_b": 0.0735305363698213,
    "creative": 0.007353208151671578,
    "synthesis": 0.03676526818491065
  },
  "zone_entropy": 1.2370855470299227,
  "kurtosis": 1028.489990234375,
  "token_diversity_input": 0.7368421052631579,
  "loops_run": 7,
  "entropy": 0.890625
}