{
  "prompt": "Write a short poem about the last star going out.",
  "completion": "A distant gleam, a fading light,\nA silent, ancient night.\nThe stars, like whispered dreams,\nAcross the velvet, endless",
  "model_id": "gemma3-270m-it",
  "preset": "ACTIVE_MANIFOLD",
  "completion_tokens": 30,
  "input_tokens": 21,
  "gen_time_sec": 1.6142077445983887,
  "phi": 0.923633873462677,
  "zone": "math",
  "zone_weights": {
    "math": 0.4662226969736528,
    "logic_a": 0.2808471589512874,
    "logic_b": 0.1404235794756437,
    "creative": 0.042294769861594216,
    "synthesis": 0.07021178973782186
  },
  "zone_entropy": 1.8875890506169504,
  "kurtosis": 487.0580139160156,
  "token_diversity_input": 0.8095238095238095,
  "loops_run": 2,
  "entropy": 1.328125
}