{
  "prompt": "Describe a tree that grows dreams instead of leaves.",
  "completion": "A tree that grows dreams, a vibrant and fantastical forest, stands tall and slender, its branches reaching towards the sky like outstretched arms. Its leaves are",
  "model_id": "gemma3-270m-it",
  "preset": "ACTIVE_MANIFOLD",
  "completion_tokens": 30,
  "input_tokens": 20,
  "gen_time_sec": 1.334754228591919,
  "phi": 0.927192747592926,
  "zone": "math",
  "zone_weights": {
    "math": 0.3751785895356651,
    "logic_a": 0.3184312140848127,
    "logic_b": 0.15921560704240634,
    "creative": 0.06756678081591283,
    "synthesis": 0.07960780352120317
  },
  "zone_entropy": 2.031731460325134,
  "kurtosis": 443.51446533203125,
  "token_diversity_input": 0.8,
  "loops_run": 2,
  "entropy": 1.421875
}