{
  "prompt": "What is the modus ponens form?",
  "completion": "The modus ponens form is a mathematical statement that describes the relationship between two variables, and the answer is the same regardless of the values of the variables",
  "model_id": "gemma3-270m-it",
  "preset": "ACTIVE_MANIFOLD",
  "completion_tokens": 30,
  "input_tokens": 18,
  "gen_time_sec": 1.501938819885254,
  "phi": 0.9382827877998352,
  "zone": "math",
  "zone_weights": {
    "math": 0.5209095147620535,
    "logic_a": 0.25581850444783816,
    "logic_b": 0.12790925222391908,
    "creative": 0.03140809745422983,
    "synthesis": 0.06395462611195954
  },
  "zone_entropy": 1.7832567030962838,
  "kurtosis": 500.77593994140625,
  "token_diversity_input": 0.7777777777777778,
  "loops_run": 3,
  "entropy": 1.2890625
}