{
  "prompt": "If A and B are both true, what is the truth value of A or B?",
  "completion": "A or B is true if both A and B are true.\n",
  "model_id": "gemma3-270m-it",
  "preset": "ACTIVE_MANIFOLD",
  "completion_tokens": 15,
  "input_tokens": 28,
  "gen_time_sec": 1.0657382011413574,
  "phi": 0.9579123854637146,
  "zone": "math",
  "zone_weights": {
    "math": 0.6810606427370764,
    "logic_a": 0.17577055946231904,
    "logic_b": 0.08788527973115952,
    "creative": 0.01134087320386525,
    "synthesis": 0.04394263986557976
  },
  "zone_entropy": 1.3979943589553832,
  "kurtosis": 458.2193908691406,
  "token_diversity_input": 0.7857142857142857,
  "loops_run": 10,
  "entropy": 1.0
}