{
  "prompt": "What is 17 * 23?",
  "completion": "17 * 23 = 369",
  "model_id": "gemma3-270m-it",
  "preset": "ACTIVE_MANIFOLD",
  "completion_tokens": 12,
  "input_tokens": 20,
  "gen_time_sec": 0.7743396759033203,
  "phi": 0.937012255191803,
  "zone": "math",
  "zone_weights": {
    "math": 0.7128813638586069,
    "logic_a": 0.15900153112143922,
    "logic_b": 0.07950076556071961,
    "creative": 0.008865951678874412,
    "synthesis": 0.039750382780359805
  },
  "zone_entropy": 1.3056940664771965,
  "kurtosis": 528.4053344726562,
  "token_diversity_input": 0.75,
  "loops_run": 3,
  "entropy": 0.90625
}