{
  "prompt": "What would a museum of lost thoughts look like?",
  "completion": "A museum of lost thoughts is a fascinating and thought-provoking space dedicated to exploring the depths of human experience. It's a place where the past",
  "model_id": "gemma3-270m-it",
  "preset": "ACTIVE_MANIFOLD",
  "completion_tokens": 30,
  "input_tokens": 20,
  "gen_time_sec": 1.3881585597991943,
  "phi": 0.9177926182746887,
  "zone": "logic_a",
  "zone_weights": {
    "math": 0.2746213705823431,
    "logic_a": 0.35057017763342835,
    "logic_b": 0.17528508881671417,
    "creative": 0.11188081355915727,
    "synthesis": 0.08764254440835709
  },
  "zone_entropy": 2.143883508752845,
  "kurtosis": 519.1155395507812,
  "token_diversity_input": 0.8,
  "loops_run": 1,
  "entropy": 1.5703125
}