{
  "prompt": "If all Zorps are Frims, and no Frim is a Glip, can a Zorp be a Glip?",
  "completion": "No, a Zorp cannot be a Glip.\n",
  "model_id": "gemma3-270m-it",
  "preset": "ACTIVE_MANIFOLD",
  "completion_tokens": 13,
  "input_tokens": 36,
  "gen_time_sec": 0.8070590496063232,
  "phi": 0.9333803653717041,
  "zone": "math",
  "zone_weights": {
    "math": 0.6606179637882003,
    "logic_a": 0.186417647376506,
    "logic_b": 0.093208823688253,
    "creative": 0.013151148302914214,
    "synthesis": 0.0466044118441265
  },
  "zone_entropy": 1.4543028077239584,
  "kurtosis": 464.33984375,
  "token_diversity_input": 0.7222222222222222,
  "loops_run": 3,
  "entropy": 1.203125
}