{
  "prompt": "Complete: J, F, M, A, M, ?",
  "completion": "The answer is 1.\n",
  "model_id": "gemma3-270m-it",
  "preset": "ACTIVE_MANIFOLD",
  "completion_tokens": 8,
  "input_tokens": 23,
  "gen_time_sec": 0.7741537094116211,
  "phi": 0.9591782689094543,
  "zone": "math",
  "zone_weights": {
    "math": 0.5019895203218826,
    "logic_a": 0.2646460053704812,
    "logic_b": 0.1323230026852406,
    "creative": 0.03487996527977522,
    "synthesis": 0.0661615013426203
  },
  "zone_entropy": 1.8208508579084688,
  "kurtosis": 450.03564453125,
  "token_diversity_input": 0.6086956521739131,
  "loops_run": 11,
  "entropy": 1.2890625
}