{
  "prompt": "What is the value of pi to 2 decimal places?",
  "completion": "\u03c0 \u2248 3.1415926535897932398.\n",
  "model_id": "gemma3-270m-it",
  "preset": "ACTIVE_MANIFOLD",
  "completion_tokens": 27,
  "input_tokens": 22,
  "gen_time_sec": 1.4913461208343506,
  "phi": 0.9381006360054016,
  "zone": "math",
  "zone_weights": {
    "math": 0.6606179637882003,
    "logic_a": 0.186417647376506,
    "logic_b": 0.093208823688253,
    "creative": 0.013151148302914214,
    "synthesis": 0.0466044118441265
  },
  "zone_entropy": 1.4543028077239584,
  "kurtosis": 458.68768310546875,
  "token_diversity_input": 0.8181818181818182,
  "loops_run": 3,
  "entropy": 1.125
}