{
  "prompt": "What is the perimeter of a square with side 7?",
  "completion": "The perimeter of a square is given by the formula:\nPerimeter = 4 * side\nPerimeter = 4 * 7\nPer",
  "model_id": "gemma3-270m-it",
  "preset": "ACTIVE_MANIFOLD",
  "completion_tokens": 30,
  "input_tokens": 22,
  "gen_time_sec": 1.8847568035125732,
  "phi": 0.9122068285942078,
  "zone": "math",
  "zone_weights": {
    "math": 0.7745322960606603,
    "logic_a": 0.12591444171757266,
    "logic_b": 0.06295722085878633,
    "creative": 0.005117425933587636,
    "synthesis": 0.031478610429393164
  },
  "zone_entropy": 1.1090883070083684,
  "kurtosis": 551.009521484375,
  "token_diversity_input": 0.8181818181818182,
  "loops_run": 13,
  "entropy": 0.78515625
}