{
  "prompt": "What would a conversation between two shadows look like?",
  "completion": "A conversation between two shadows is a fascinating and often complex interplay of emotions, perspectives, and unspoken understanding. It's a space where the boundaries between",
  "model_id": "gemma3-270m-it",
  "preset": "ACTIVE_MANIFOLD",
  "completion_tokens": 30,
  "input_tokens": 20,
  "gen_time_sec": 1.7400295734405518,
  "phi": 0.9185542464256287,
  "zone": "logic_a",
  "zone_weights": {
    "math": 0.2746213705823431,
    "logic_a": 0.35057017763342835,
    "logic_b": 0.17528508881671417,
    "creative": 0.11188081355915727,
    "synthesis": 0.08764254440835709
  },
  "zone_entropy": 2.143883508752845,
  "kurtosis": 498.8916320800781,
  "token_diversity_input": 0.8,
  "loops_run": 1,
  "entropy": 1.5390625
}