{
  "prompt": "How do cooking and chemistry relate?",
  "completion": "Cooking and chemistry are closely related, but they have distinct roles in the scientific process. Chemistry is the study of the elements, compounds, and their properties",
  "model_id": "gemma3-270m-it",
  "preset": "ACTIVE_MANIFOLD",
  "completion_tokens": 30,
  "input_tokens": 17,
  "gen_time_sec": 1.294100046157837,
  "phi": 0.858030378818512,
  "zone": "math",
  "zone_weights": {
    "math": 0.8522506824084406,
    "logic_a": 0.07074236524491911,
    "logic_b": 0.03537119255538544,
    "creative": 0.023952551453648312,
    "synthesis": 0.017683207337606515
  },
  "zone_entropy": 0.8693279744851226,
  "kurtosis": 363.9683532714844,
  "token_diversity_input": 0.7647058823529411,
  "loops_run": 6,
  "entropy": 1.2421875
}