{
  "prompt": "Compare the role of ritual in religion and in software development.",
  "completion": "The role of ritual in religion and software development is a complex and multifaceted topic, with both contributing to and influencing each other. While both are deeply intertwined",
  "model_id": "gemma3-270m-it",
  "preset": "ACTIVE_MANIFOLD",
  "completion_tokens": 30,
  "input_tokens": 22,
  "gen_time_sec": 1.9546551704406738,
  "phi": 0.9549406170845032,
  "zone": "math",
  "zone_weights": {
    "math": 0.5019895203218813,
    "logic_a": 0.26464600537048194,
    "logic_b": 0.13232300268524097,
    "creative": 0.03487996527977531,
    "synthesis": 0.06616150134262049
  },
  "zone_entropy": 1.820850857908471,
  "kurtosis": 482.1001892089844,
  "token_diversity_input": 0.7727272727272727,
  "loops_run": 11,
  "entropy": 1.234375
}