{
  "prompt": "What is 2^10?",
  "completion": "2^10 = 1024\n",
  "model_id": "gemma3-270m-it",
  "preset": "ACTIVE_MANIFOLD",
  "completion_tokens": 12,
  "input_tokens": 18,
  "gen_time_sec": 0.7697796821594238,
  "phi": 0.7650542855262756,
  "zone": "math",
  "zone_weights": {
    "math": 0.7696640279298461,
    "logic_a": 0.12855318078431718,
    "logic_b": 0.06427659039215859,
    "creative": 0.005367900697598814,
    "synthesis": 0.032138295196079296
  },
  "zone_entropy": 1.1255434687725947,
  "kurtosis": 526.6351928710938,
  "token_diversity_input": 0.7777777777777778,
  "loops_run": 3,
  "entropy": 0.8984375
}