{
  "prompt": "How do games and stories share narrative structure?",
  "completion": "Games and stories share narrative structure through a combination of factors, including:\n\n*   **Storytelling:** The narrative is the foundation of the story.",
  "model_id": "gemma3-270m-it",
  "preset": "ACTIVE_MANIFOLD",
  "completion_tokens": 30,
  "input_tokens": 19,
  "gen_time_sec": 1.3618347644805908,
  "phi": 0.913665235042572,
  "zone": "logic_a",
  "zone_weights": {
    "math": 0.2864724734278427,
    "logic_a": 0.3475086783329419,
    "logic_b": 0.17375433916647096,
    "creative": 0.10538733448950892,
    "synthesis": 0.08687716958323548
  },
  "zone_entropy": 2.1336222556076834,
  "kurtosis": 504.6156005859375,
  "token_diversity_input": 0.7894736842105263,
  "loops_run": 1,
  "entropy": 1.484375
}