{
  "prompt": "Imagine a door that opens onto yesterday.",
  "completion": "Okay, I'm ready! Let's see what you've got. I'm eager to see what you've created.\n",
  "model_id": "gemma3-270m-it",
  "preset": "ACTIVE_MANIFOLD",
  "completion_tokens": 30,
  "input_tokens": 18,
  "gen_time_sec": 1.6807358264923096,
  "phi": 0.9240807294845581,
  "zone": "math",
  "zone_weights": {
    "math": 0.5209095147620535,
    "logic_a": 0.25581850444783816,
    "logic_b": 0.12790925222391908,
    "creative": 0.03140809745422983,
    "synthesis": 0.06395462611195954
  },
  "zone_entropy": 1.7832567030962838,
  "kurtosis": 508.5534973144531,
  "token_diversity_input": 0.7777777777777778,
  "loops_run": 2,
  "entropy": 1.296875
}