{
  "prompt": "Describe the color of silence to someone who has never seen.",
  "completion": "Silence is a color that can be described as a feeling of profound stillness, a quiet stillness, or a state of profound peace. It's a",
  "model_id": "gemma3-270m-it",
  "preset": "ACTIVE_MANIFOLD",
  "completion_tokens": 30,
  "input_tokens": 22,
  "gen_time_sec": 1.2401373386383057,
  "phi": 0.9277075529098511,
  "zone": "math",
  "zone_weights": {
    "math": 0.346412044068707,
    "logic_a": 0.3288751166750338,
    "logic_b": 0.1644375583375169,
    "creative": 0.07805649674998381,
    "synthesis": 0.08221877916875844
  },
  "zone_entropy": 2.0692633018693405,
  "kurtosis": 475.408447265625,
  "token_diversity_input": 0.8181818181818182,
  "loops_run": 2,
  "entropy": 1.5
}