{
  "prompt": "What is the connection between memory and identity?",
  "completion": "The connection between memory and identity is a complex and multifaceted topic, and there's no single, universally accepted answer. It's a topic that",
  "model_id": "gemma3-270m-it",
  "preset": "ACTIVE_MANIFOLD",
  "completion_tokens": 30,
  "input_tokens": 19,
  "gen_time_sec": 2.020965099334717,
  "phi": 0.9553912281990051,
  "zone": "math",
  "zone_weights": {
    "math": 0.5571369962771366,
    "logic_a": 0.23848148894132776,
    "logic_b": 0.11924074447066388,
    "creative": 0.02552039307553993,
    "synthesis": 0.05962037223533194
  },
  "zone_entropy": 1.706792039305238,
  "kurtosis": 491.5195617675781,
  "token_diversity_input": 0.7894736842105263,
  "loops_run": 12,
  "entropy": 1.2109375
}