{
  "prompt": "What is the derivative of x^2 + 3x?",
  "completion": "Let $x$ be a variable.\nWe want to find the derivative of $x^2 + 3x$.\nThe derivative of $",
  "model_id": "gemma3-270m-it",
  "preset": "ACTIVE_MANIFOLD",
  "completion_tokens": 30,
  "input_tokens": 23,
  "gen_time_sec": 1.4960505962371826,
  "phi": 0.9354010820388794,
  "zone": "math",
  "zone_weights": {
    "math": 0.6339685663807978,
    "logic_a": 0.20013511755867905,
    "logic_b": 0.10006755877933952,
    "creative": 0.0157949728915138,
    "synthesis": 0.05003377938966976
  },
  "zone_entropy": 1.524385998481125,
  "kurtosis": 467.1051025390625,
  "token_diversity_input": 0.8260869565217391,
  "loops_run": 3,
  "entropy": 1.109375
}