{
  "prompt": "If a triangle has sides 3, 4, 5, what is its area?",
  "completion": "Let the sides of the triangle be $a=3$, $b=4$, and $c=5$.\nThe area of the triangle is",
  "model_id": "gemma3-270m-it",
  "preset": "ACTIVE_MANIFOLD",
  "completion_tokens": 30,
  "input_tokens": 29,
  "gen_time_sec": 1.9930264949798584,
  "phi": 0.956074595451355,
  "zone": "math",
  "zone_weights": {
    "math": 0.700994412989472,
    "logic_a": 0.16529240952795035,
    "logic_b": 0.08264620476397518,
    "creative": 0.009743865336615027,
    "synthesis": 0.04132310238198759
  },
  "zone_entropy": 1.3408572219754398,
  "kurtosis": 457.6713562011719,
  "token_diversity_input": 0.7241379310344828,
  "loops_run": 10,
  "entropy": 0.828125
}