{
  "prompt": "What is 1024 / 32?",
  "completion": "1024 / 32 = 32\n",
  "model_id": "gemma3-270m-it",
  "preset": "ACTIVE_MANIFOLD",
  "completion_tokens": 14,
  "input_tokens": 22,
  "gen_time_sec": 1.0171782970428467,
  "phi": 0.8393999338150024,
  "zone": "math",
  "zone_weights": {
    "math": 0.8673626299255646,
    "logic_a": 0.0748695463266115,
    "logic_b": 0.03743477316330575,
    "creative": 0.0016156590028652935,
    "synthesis": 0.018717386581652874
  },
  "zone_entropy": 0.7578686075072457,
  "kurtosis": 518.303955078125,
  "token_diversity_input": 0.7272727272727273,
  "loops_run": 6,
  "entropy": 0.578125
}