{
  "prompt": "What is the missing number: 2, 4, 8, 16, ?, 64",
  "completion": "The missing number is 24.\n",
  "model_id": "gemma3-270m-it",
  "preset": "ACTIVE_MANIFOLD",
  "completion_tokens": 10,
  "input_tokens": 33,
  "gen_time_sec": 0.7795286178588867,
  "phi": 0.7568303346633911,
  "zone": "math",
  "zone_weights": {
    "math": 0.816266376920581,
    "logic_a": 0.10312926385494282,
    "logic_b": 0.05156463192747141,
    "creative": 0.0032574063332689546,
    "synthesis": 0.025782315963735706
  },
  "zone_entropy": 0.9606229783680573,
  "kurtosis": 474.54296875,
  "token_diversity_input": 0.6060606060606061,
  "loops_run": 3,
  "entropy": 0.72265625
}