{
  "prompt": "If f(x) = 2x + 1, what is f(5)?",
  "completion": "The function f(x) = 2x + 1 is a linear function.\nWe can find f(5) by plugging in x",
  "model_id": "gemma3-270m-it",
  "preset": "ACTIVE_MANIFOLD",
  "completion_tokens": 30,
  "input_tokens": 29,
  "gen_time_sec": 2.085355043411255,
  "phi": 0.9100446701049805,
  "zone": "math",
  "zone_weights": {
    "math": 0.7696640279298461,
    "logic_a": 0.12855318078431718,
    "logic_b": 0.06427659039215859,
    "creative": 0.005367900697598814,
    "synthesis": 0.032138295196079296
  },
  "zone_entropy": 1.1255434687725947,
  "kurtosis": 508.28009033203125,
  "token_diversity_input": 0.7241379310344828,
  "loops_run": 13,
  "entropy": 0.75
}