{
  "prompt": "What is the relationship between language and thought?",
  "completion": "The relationship between language and thought is a complex and multifaceted one, a dynamic interplay that shapes our understanding of the world, our experiences, and our identities",
  "model_id": "gemma3-270m-it",
  "preset": "ACTIVE_MANIFOLD",
  "completion_tokens": 30,
  "input_tokens": 19,
  "gen_time_sec": 1.9705495834350586,
  "phi": 0.9551472067832947,
  "zone": "math",
  "zone_weights": {
    "math": 0.6103492508202915,
    "logic_a": 0.21212559610633155,
    "logic_b": 0.10606279805316578,
    "creative": 0.01843095099362845,
    "synthesis": 0.05303139902658289
  },
  "zone_entropy": 1.583489390697026,
  "kurtosis": 509.83172607421875,
  "token_diversity_input": 0.7894736842105263,
  "loops_run": 11,
  "entropy": 1.1171875
}