{
  "prompt": "What is the connection between color theory and emotional states?",
  "completion": "The connection between color theory and emotional states is a fascinating and complex area of study. While color theory provides a framework for understanding how colors evoke emotions,",
  "model_id": "gemma3-270m-it",
  "preset": "ACTIVE_MANIFOLD",
  "completion_tokens": 30,
  "input_tokens": 21,
  "gen_time_sec": 1.969059705734253,
  "phi": 0.9574706554412842,
  "zone": "math",
  "zone_weights": {
    "math": 0.4662226969736528,
    "logic_a": 0.2808471589512874,
    "logic_b": 0.1404235794756437,
    "creative": 0.042294769861594216,
    "synthesis": 0.07021178973782186
  },
  "zone_entropy": 1.8875890506169504,
  "kurtosis": 502.84564208984375,
  "token_diversity_input": 0.8095238095238095,
  "loops_run": 11,
  "entropy": 1.2890625
}