{
  "prompt": "How do economic systems and ecological systems balance?",
  "completion": "Economic systems and ecological systems are intricately linked and work together to maintain a healthy and sustainable environment. They are interdependent and influence each other. Here's",
  "model_id": "gemma3-270m-it",
  "preset": "ACTIVE_MANIFOLD",
  "completion_tokens": 30,
  "input_tokens": 19,
  "gen_time_sec": 1.9009082317352295,
  "phi": 0.9279376268386841,
  "zone": "creative",
  "zone_weights": {
    "math": 0.07819659655331573,
    "logic_a": 0.06318665215904258,
    "logic_b": 0.0739139186060016,
    "creative": 0.48563808153271504,
    "synthesis": 0.299064750148925
  },
  "zone_entropy": 1.8438990163208846,
  "kurtosis": 292.3377685546875,
  "token_diversity_input": 0.7368421052631579,
  "loops_run": 12,
  "entropy": 1.3984375
}