{
  "prompt": "If some birds cannot fly, can we say all birds fly?",
  "completion": "Yes, we can say that some birds can fly.\n",
  "model_id": "gemma3-270m-it",
  "preset": "ACTIVE_MANIFOLD",
  "completion_tokens": 13,
  "input_tokens": 23,
  "gen_time_sec": 0.8515548706054688,
  "phi": 0.9223204255104065,
  "zone": "math",
  "zone_weights": {
    "math": 0.9462776749859427,
    "logic_a": 0.029830767934581538,
    "logic_b": 0.014915383982624977,
    "creative": 0.0015184801113728085,
    "synthesis": 0.0074576919835811235
  },
  "zone_entropy": 0.38395302888360244,
  "kurtosis": 395.4685974121094,
  "token_diversity_input": 0.7391304347826086,
  "loops_run": 16,
  "entropy": 0.439453125
}