{
  "prompt": "How does the architecture of a city reflect the values of its culture?",
  "completion": "The architecture of a city reflects the values of its culture in several ways, shaping its identity, social structure, and overall environment. Here's a",
  "model_id": "gemma3-270m-it",
  "preset": "ACTIVE_MANIFOLD",
  "completion_tokens": 30,
  "input_tokens": 24,
  "gen_time_sec": 1.4534094333648682,
  "phi": 0.9440930485725403,
  "zone": "math",
  "zone_weights": {
    "math": 0.5187735769161486,
    "logic_a": 0.25682329990491537,
    "logic_b": 0.12841164995245768,
    "creative": 0.03178564325024943,
    "synthesis": 0.06420582497622884
  },
  "zone_entropy": 1.7875806410501063,
  "kurtosis": 454.20068359375,
  "token_diversity_input": 0.75,
  "loops_run": 3,
  "entropy": 1.453125
}