{
  "prompt": "Write three sentences about a snowflake that refuses to melt.",
  "completion": "A snowflake, a delicate and ethereal creature, is a marvel of nature's artistry, its icy exterior a shimmering, translucent surface. It's",
  "model_id": "gemma3-270m-it",
  "preset": "ACTIVE_MANIFOLD",
  "completion_tokens": 30,
  "input_tokens": 21,
  "gen_time_sec": 1.7152035236358643,
  "phi": 0.9274866580963135,
  "zone": "synthesis",
  "zone_weights": {
    "math": 0.06207303354254801,
    "logic_a": 0.06813280660040712,
    "logic_b": 0.03406640330021341,
    "creative": 0.035271122710777585,
    "synthesis": 0.8004566328460465
  },
  "zone_entropy": 1.1062727984979737,
  "kurtosis": 228.52081298828125,
  "token_diversity_input": 0.8095238095238095,
  "loops_run": 17,
  "entropy": 1.0234375
}