{
  "prompt": "What is the smell of a forgotten promise?",
  "completion": "The smell of a forgotten promise is a complex and evocative fragrance that speaks of something precious, fragile, and perhaps even a little bit lost. It evokes",
  "model_id": "gemma3-270m-it",
  "preset": "ACTIVE_MANIFOLD",
  "completion_tokens": 30,
  "input_tokens": 19,
  "gen_time_sec": 1.581233263015747,
  "phi": 0.9264857769012451,
  "zone": "math",
  "zone_weights": {
    "math": 0.44609342647987005,
    "logic_a": 0.28965066641663073,
    "logic_b": 0.14482533320831537,
    "creative": 0.04701790229102611,
    "synthesis": 0.07241266660415768
  },
  "zone_entropy": 1.9226637910570528,
  "kurtosis": 475.2557678222656,
  "token_diversity_input": 0.7894736842105263,
  "loops_run": 2,
  "entropy": 1.421875
}