{
  "prompt": "What is 0.25 as a fraction?",
  "completion": "0.25 is a fraction.\n",
  "model_id": "gemma3-270m-it",
  "preset": "ACTIVE_MANIFOLD",
  "completion_tokens": 10,
  "input_tokens": 21,
  "gen_time_sec": 0.6905875205993652,
  "phi": 0.9228995442390442,
  "zone": "math",
  "zone_weights": {
    "math": 0.7413967586995046,
    "logic_a": 0.14378940867385115,
    "logic_b": 0.07189470433692557,
    "creative": 0.006971771121255911,
    "synthesis": 0.03594735216846279
  },
  "zone_entropy": 1.2178422927301558,
  "kurtosis": 453.88336181640625,
  "token_diversity_input": 0.8095238095238095,
  "loops_run": 2,
  "entropy": 0.96484375
}