{
  "prompt": "Invent a holiday and describe how it is celebrated.",
  "completion": "Okay, here's a holiday I've come up with:\n\n**Holiday: \"Spring Awakening\"**\n\n**Theme:** Embracing the",
  "model_id": "gemma3-270m-it",
  "preset": "ACTIVE_MANIFOLD",
  "completion_tokens": 30,
  "input_tokens": 20,
  "gen_time_sec": 1.8636705875396729,
  "phi": 0.9580944776535034,
  "zone": "logic_a",
  "zone_weights": {
    "math": 0.2297531791646318,
    "logic_a": 0.35969441453522566,
    "logic_b": 0.17984720726761283,
    "creative": 0.14078159039872334,
    "synthesis": 0.08992360363380641
  },
  "zone_entropy": 2.1739506933433725,
  "kurtosis": 543.8334350585938,
  "token_diversity_input": 0.8,
  "loops_run": 10,
  "entropy": 1.4921875
}