{
  "prompt": "What is the syllogism called when the conclusion is hidden in the premises?",
  "completion": "The syllogism is called a **fallacy**.\n",
  "model_id": "gemma3-270m-it",
  "preset": "ACTIVE_MANIFOLD",
  "completion_tokens": 13,
  "input_tokens": 26,
  "gen_time_sec": 1.0777561664581299,
  "phi": 0.9009577631950378,
  "zone": "math",
  "zone_weights": {
    "math": 0.9050060032891833,
    "logic_a": 0.05077817636240608,
    "logic_b": 0.025389088217809684,
    "creative": 0.0061321870395459315,
    "synthesis": 0.012694544090352065
  },
  "zone_entropy": 0.6082419546241855,
  "kurtosis": 393.4859924316406,
  "token_diversity_input": 0.7307692307692307,
  "loops_run": 11,
  "entropy": 0.7421875
}