{
  "prompt": "Write the opening line of a novel set inside a dream.",
  "completion": "The dream was a kaleidoscope of colors, swirling and shifting, a vibrant tapestry woven with threads of impossible light and impossible shadows. I was standing on a",
  "model_id": "gemma3-270m-it",
  "preset": "ACTIVE_MANIFOLD",
  "completion_tokens": 30,
  "input_tokens": 22,
  "gen_time_sec": 1.4080848693847656,
  "phi": 0.9412867426872253,
  "zone": "math",
  "zone_weights": {
    "math": 0.3971687551136051,
    "logic_a": 0.3099255122693248,
    "logic_b": 0.1549627561346624,
    "creative": 0.06046159341507642,
    "synthesis": 0.0774813780673312
  },
  "zone_entropy": 2.000371139456208,
  "kurtosis": 473.6279296875,
  "token_diversity_input": 0.7727272727272727,
  "loops_run": 3,
  "entropy": 1.390625
}