{
  "prompt": "Describe a city built entirely of music.",
  "completion": "A city built entirely of music is a vibrant tapestry woven with melodies, rhythms, and harmonies, a symphony of sound that resonates with the soul and the",
  "model_id": "gemma3-270m-it",
  "preset": "ACTIVE_MANIFOLD",
  "completion_tokens": 30,
  "input_tokens": 18,
  "gen_time_sec": 1.3478846549987793,
  "phi": 0.9412723183631897,
  "zone": "math",
  "zone_weights": {
    "math": 0.5209095147620535,
    "logic_a": 0.25581850444783816,
    "logic_b": 0.12790925222391908,
    "creative": 0.03140809745422983,
    "synthesis": 0.06395462611195954
  },
  "zone_entropy": 1.7832567030962838,
  "kurtosis": 542.7283325195312,
  "token_diversity_input": 0.7777777777777778,
  "loops_run": 3,
  "entropy": 1.25
}