{
  "prompt": "Describe the texture of a lie.",
  "completion": "The texture of a lie is a complex and multifaceted phenomenon, influenced by a multitude of factors. It's a subjective experience, and the exact interpretation",
  "model_id": "gemma3-270m-it",
  "preset": "ACTIVE_MANIFOLD",
  "completion_tokens": 30,
  "input_tokens": 17,
  "gen_time_sec": 1.7778797149658203,
  "phi": 0.9039223790168762,
  "zone": "math",
  "zone_weights": {
    "math": 0.9019744823915736,
    "logic_a": 0.05258768910587246,
    "logic_b": 0.02629384455368927,
    "creative": 0.00599706060574082,
    "synthesis": 0.013146922276468557
  },
  "zone_entropy": 0.6221473497319536,
  "kurtosis": 402.1033630371094,
  "token_diversity_input": 0.7647058823529411,
  "loops_run": 11,
  "entropy": 0.7421875
}