{
  "prompt": "How does the structure of a cell resemble a city?",
  "completion": "The structure of a cell is a complex and fascinating process that involves a network of interconnected cells, each with its own unique characteristics. It's a",
  "model_id": "gemma3-270m-it",
  "preset": "ACTIVE_MANIFOLD",
  "completion_tokens": 30,
  "input_tokens": 21,
  "gen_time_sec": 1.4285202026367188,
  "phi": 0.906305730342865,
  "zone": "logic_a",
  "zone_weights": {
    "math": 0.26347342793498757,
    "logic_a": 0.3532230420979892,
    "logic_b": 0.1766115210489946,
    "creative": 0.11838624339353129,
    "synthesis": 0.0883057605244973
  },
  "zone_entropy": 2.152704721936477,
  "kurtosis": 481.0876770019531,
  "token_diversity_input": 0.7619047619047619,
  "loops_run": 1,
  "entropy": 1.5390625
}