{
  "prompt": "What is 9 squared?",
  "completion": "9 squared is 9 * 9 = 81\n",
  "model_id": "gemma3-270m-it",
  "preset": "ACTIVE_MANIFOLD",
  "completion_tokens": 14,
  "input_tokens": 16,
  "gen_time_sec": 0.8698549270629883,
  "phi": 0.764404296875,
  "zone": "math",
  "zone_weights": {
    "math": 0.7696640279298461,
    "logic_a": 0.12855318078431718,
    "logic_b": 0.06427659039215859,
    "creative": 0.005367900697598814,
    "synthesis": 0.032138295196079296
  },
  "zone_entropy": 1.1255434687725947,
  "kurtosis": 524.9893188476562,
  "token_diversity_input": 0.75,
  "loops_run": 3,
  "entropy": 0.80078125
}