{
  "prompt": "What is the next prime after 13?",
  "completion": "The next prime number after 13 is 17.\n",
  "model_id": "gemma3-270m-it",
  "preset": "ACTIVE_MANIFOLD",
  "completion_tokens": 15,
  "input_tokens": 20,
  "gen_time_sec": 1.15254545211792,
  "phi": 0.9551207423210144,
  "zone": "math",
  "zone_weights": {
    "math": 0.696584541701167,
    "logic_a": 0.16761828975815576,
    "logic_b": 0.08380914487907788,
    "creative": 0.01008344622206041,
    "synthesis": 0.04190457243953894
  },
  "zone_entropy": 1.3536923235413638,
  "kurtosis": 449.3759765625,
  "token_diversity_input": 0.8,
  "loops_run": 10,
  "entropy": 0.953125
}