{
  "prompt": "What can the study of crystals teach us about patterns in music?",
  "completion": "The study of crystals can teach us about patterns in music, but it's important to remember that crystals are not a substitute for a musician. They",
  "model_id": "gemma3-270m-it",
  "preset": "ACTIVE_MANIFOLD",
  "completion_tokens": 30,
  "input_tokens": 23,
  "gen_time_sec": 1.417590856552124,
  "phi": 0.9411472678184509,
  "zone": "math",
  "zone_weights": {
    "math": 0.4332222206739494,
    "logic_a": 0.2951474088281107,
    "logic_b": 0.14757370441405535,
    "creative": 0.05026980887685694,
    "synthesis": 0.07378685220702767
  },
  "zone_entropy": 1.9441495771980122,
  "kurtosis": 505.2368469238281,
  "token_diversity_input": 0.8260869565217391,
  "loops_run": 3,
  "entropy": 1.1640625
}