{
  "prompt": "What is the square root of 144?",
  "completion": "*   The problem and answer to provide\n\n*   A solution for a question or two, to be more helpful.\n    *   Answer: The answer must be your response.\n        *   For example, you can give me an answer about the question.\n            *   \"Explain",
  "model_id": "gemma3-270m-it",
  "preset": "ACTIVE_MANIFOLD",
  "completion_tokens": 60,
  "input_tokens": 21,
  "gen_time_sec": 2.449768304824829,
  "phi": 0.9100553393363953,
  "zone": "CREATIVE",
  "zone_weights": {
    "math": 0.335914597572628,
    "logic_a": 8.014511311384546e-31,
    "logic_b": 4.0357960333755516e-32,
    "creative": 8.191057891953143e-27,
    "synthesis": 4.1395705547938746e-48
  },
  "zone_entropy": 2.074969115193174e-24,
  "kurtosis": 376.5260925292969,
  "token_diversity_input": 0.7619047619047619,
  "loops_run": 4,
  "entropy": 0.2734375
}