{
  "prompt": "Describe the color of silence to someone who has never seen.",
  "completion": "Okay, let's try to describe silence. It\u2019s a strange thing, a feeling that\u2019s more than just the absence of sound. It\u2019s a weight, a pressure in the air, and a quiet, unsettling presence. \n\nThe color of silence is\u2026 grey. A",
  "model_id": "gemma3-1b-it",
  "preset": "ACTIVE_MANIFOLD",
  "completion_tokens": 60,
  "input_tokens": 22,
  "gen_time_sec": 5.782216787338257,
  "phi": 0.9916128516197205,
  "zone": "math",
  "zone_weights": {
    "math": 0.32533398879643805,
    "logic_a": 0.11927732487952099,
    "logic_b": 0.21963459373876196,
    "creative": 0.2680353876103657,
    "synthesis": 0.06771870397491349
  },
  "zone_entropy": 2.1454155755971307,
  "kurtosis": 1113.3262939453125,
  "token_diversity_input": 0.8181818181818182,
  "loops_run": 7,
  "entropy": 1.53125
}