{
  "prompt": "Solve for x: 2x + 5 = 17",
  "completion": "Let's solve for x:\n2x + 5 = 17\n\nWe can rewrite the equation as:\n2x + 5 = 17\n\nSubtract 5 from both sides of the equation:\n2x + 5 - 5 = 17\n",
  "model_id": "gemma3-1b-it",
  "preset": "ACTIVE_MANIFOLD",
  "completion_tokens": 60,
  "input_tokens": 24,
  "gen_time_sec": 5.939881801605225,
  "phi": 0.9906405210494995,
  "zone": "math",
  "zone_weights": {
    "math": 0.4693684077014731,
    "logic_a": 0.019381600642125393,
    "logic_b": 0.06578684343151486,
    "creative": 0.31356878770247565,
    "synthesis": 0.1318943595224109
  },
  "zone_entropy": 1.7908399890337927,
  "kurtosis": 1112.1749267578125,
  "token_diversity_input": 0.75,
  "loops_run": 7,
  "entropy": 1.1953125
}