{
  "prompt": "What is 17 * 23?",
  "completion": "17 * 23\n\n17 * 23 = 17 * 23 = 17 * 23\n\nWe can calculate this as follows:\n17 * 23 = 17 * 23 = (17 * 23",
  "model_id": "gemma3-1b-it",
  "preset": "ACTIVE_MANIFOLD",
  "completion_tokens": 60,
  "input_tokens": 20,
  "gen_time_sec": 5.933246374130249,
  "phi": 0.9916551113128662,
  "zone": "math",
  "zone_weights": {
    "math": 0.9777045207155035,
    "logic_a": 0.012716644059061883,
    "logic_b": 0.0063583220295309415,
    "creative": 4.135018113820225e-05,
    "synthesis": 0.003179161014765515
  },
  "zone_entropy": 0.1852603952137192,
  "kurtosis": 1089.5653076171875,
  "token_diversity_input": 0.75,
  "loops_run": 7,
  "entropy": 0.21875
}