{
  "prompt": "What is the relationship between mathematics and music?",
  "completion": "The relationship between mathematics and music is profound and has fascinated thinkers for centuries. It's not just a coincidence \u2013 there's a deep and complex",
  "model_id": "gemma3-1b-it",
  "preset": "ACTIVE_MANIFOLD",
  "completion_tokens": 30,
  "input_tokens": 19,
  "gen_time_sec": 2.68731951713562,
  "phi": 0.9916399717330933,
  "zone": "synthesis",
  "zone_weights": {
    "math": 0.24987986434226134,
    "logic_a": 0.13283761647792205,
    "logic_b": 0.06641880850024051,
    "creative": 0.03834083842500958,
    "synthesis": 0.5125228712545665
  },
  "zone_entropy": 1.8212636636130548,
  "kurtosis": 1101.81689453125,
  "token_diversity_input": 0.7894736842105263,
  "loops_run": 8,
  "entropy": 1.3515625
}