{
  "scale": "1B",
  "model_id": "gemma3-1b-it",
  "preset": "ACTIVE_MANIFOLD",
  "prompts_per_cat": 4,
  "n_total": 16,
  "total_time_sec": 147.62824177742004,
  "results": [
    {
      "prompt": "What is 17 * 23?",
      "completion": "17 * 23\n\n17 * 23 = 17 * 23 = 17 * 23\n\n",
      "model_id": "gemma3-1b-it",
      "preset": "ACTIVE_MANIFOLD",
      "completion_tokens": 30,
      "input_tokens": 20,
      "gen_time_sec": 2.7564022541046143,
      "phi": 0.9904513359069824,
      "zone": "synthesis",
      "zone_weights": {
        "math": 0.48500465339286214,
        "logic_a": 0.008556519170420314,
        "logic_b": 0.004278259585210394,
        "creative": 0.009271279472760692,
        "synthesis": 0.49288928737871385
      },
      "zone_entropy": 1.1644316257503327,
      "kurtosis": 1097.067626953125,
      "token_diversity_input": 0.75,
      "loops_run": 8,
      "entropy": 0.8046875,
      "category": "math",
      "elapsed_sec": 10.052014350891113
    },
    {
      "prompt": "Solve for x: 2x + 5 = 17",
      "completion": "Let's solve for x:\n\n2x + 5 = 17\n\nSubtract 5 from both sides of the equation:\n2",
      "model_id": "gemma3-1b-it",
      "preset": "ACTIVE_MANIFOLD",
      "completion_tokens": 30,
      "input_tokens": 24,
      "gen_time_sec": 2.670290946960449,
      "phi": 0.9885609745979309,
      "zone": "math",
      "zone_weights": {
        "math": 0.3899092777476093,
        "logic_a": 0.061557066013393516,
        "logic_b": 0.03733961462681222,
        "creative": 0.24365102515864248,
        "synthesis": 0.2675430154535426
      },
      "zone_entropy": 1.9597436141318993,
      "kurtosis": 1109.83056640625,
      "token_diversity_input": 0.75,
      "loops_run": 7,
      "entropy": 1.4140625,
      "category": "math",
      "elapsed_sec": 9.274224996566772
    },
    {
      "prompt": "What is the square root of 144?",
      "completion": "The square root of 144 is 12.\n\n",
      "model_id": "gemma3-1b-it",
      "preset": "ACTIVE_MANIFOLD",
      "completion_tokens": 15,
      "input_tokens": 21,
      "gen_time_sec": 1.4222936630249023,
      "phi": 0.9905717372894287,
      "zone": "math",
      "zone_weights": {
        "math": 0.3852955419698443,
        "logic_a": 0.06722798692428607,
        "logic_b": 0.10456112193873798,
        "creative": 0.31641622822813237,
        "synthesis": 0.12649911993899926
      },
      "zone_entropy": 2.0352134906828283,
      "kurtosis": 1111.8006591796875,
      "token_diversity_input": 0.7619047619047619,
      "loops_run": 4,
      "entropy": 1.4140625,
      "category": "math",
      "elapsed_sec": 8.10546875
    },
    {
      "prompt": "Calculate 15% of 240.",
      "completion": "15% of 240 is 15.\n\n15% of 240 is (15/100",
      "model_id": "gemma3-1b-it",
      "preset": "ACTIVE_MANIFOLD",
      "completion_tokens": 30,
      "input_tokens": 21,
      "gen_time_sec": 2.7403676509857178,
      "phi": 0.9909376502037048,
      "zone": "math",
      "zone_weights": {
        "math": 0.9492698175354142,
        "logic_a": 0.028469698140153536,
        "logic_b": 0.014234849070076768,
        "creative": 0.00022752473389955706,
        "synthesis": 0.007798108521845592
      },
      "zone_entropy": 0.36215879297276965,
      "kurtosis": 1090.434326171875,
      "token_diversity_input": 0.7619047619047619,
      "loops_run": 7,
      "entropy": 0.412109375,
      "category": "math",
      "elapsed_sec": 9.272487878799438
    },
    {
      "prompt": "If all roses are flowers, and some flowers fade quickly, can we conclude that some roses fade quickly?",
      "completion": "This is a classic logic puzzle! The answer is no.\n\nHere's why:\n\n* **Premise 1:** All roses are flowers",
      "model_id": "gemma3-1b-it",
      "preset": "ACTIVE_MANIFOLD",
      "completion_tokens": 30,
      "input_tokens": 31,
      "gen_time_sec": 2.662893533706665,
      "phi": 0.9891025424003601,
      "zone": "synthesis",
      "zone_weights": {
        "math": 0.14717069193813323,
        "logic_a": 0.17267426101256078,
        "logic_b": 0.08633730497228483,
        "creative": 0.0934066538819516,
        "synthesis": 0.5004110871950695
      },
      "zone_entropy": 1.9687836374242833,
      "kurtosis": 1104.42138671875,
      "token_diversity_input": 0.6774193548387096,
      "loops_run": 7,
      "entropy": 1.53125,
      "category": "logic",
      "elapsed_sec": 9.262647867202759
    },
    {
      "prompt": "What comes next in the sequence: 1, 1, 2, 3, 5, 8, ?",
      "completion": "The next number in the sequence is 13.\n\nThis sequence is the sequence of Fibonacci numbers. The Fibonacci sequence is defined as follows:\n\n",
      "model_id": "gemma3-1b-it",
      "preset": "ACTIVE_MANIFOLD",
      "completion_tokens": 30,
      "input_tokens": 36,
      "gen_time_sec": 2.8679285049438477,
      "phi": 0.9905815720558167,
      "zone": "math",
      "zone_weights": {
        "math": 0.47982338170319117,
        "logic_a": 0.2699461879347731,
        "logic_b": 0.19146680762805934,
        "creative": 0.0471476097062491,
        "synthesis": 0.01161601202772723
      },
      "zone_entropy": 1.7573794963840093,
      "kurtosis": 1116.424560546875,
      "token_diversity_input": 0.5833333333333334,
      "loops_run": 6,
      "entropy": 1.375,
      "category": "logic",
      "elapsed_sec": 9.463423490524292
    },
    {
      "prompt": "If A implies B, and B implies C, what does A imply?",
      "completion": "This is a classic logic puzzle. Here's how to solve it:\n\n* **B implies C** means if B is true, then C",
      "model_id": "gemma3-1b-it",
      "preset": "ACTIVE_MANIFOLD",
      "completion_tokens": 30,
      "input_tokens": 25,
      "gen_time_sec": 2.528498888015747,
      "phi": 0.9890519380569458,
      "zone": "logic_a",
      "zone_weights": {
        "math": 0.30960021627195056,
        "logic_a": 0.33731648675908893,
        "logic_b": 0.16865824337954446,
        "creative": 0.09203079426547434,
        "synthesis": 0.09239425734037673
      },
      "zone_entropy": 2.119851252534936,
      "kurtosis": 1091.247802734375,
      "token_diversity_input": 0.68,
      "loops_run": 7,
      "entropy": 1.4921875,
      "category": "logic",
      "elapsed_sec": 9.108598232269287
    },
    {
      "prompt": "Is the statement 'I am lying' a paradox?",
      "completion": "The statement \"I am lying\" is a classic paradox. It's a fascinating example of how our brains struggle with self-reference \u2013 the idea",
      "model_id": "gemma3-1b-it",
      "preset": "ACTIVE_MANIFOLD",
      "completion_tokens": 30,
      "input_tokens": 21,
      "gen_time_sec": 2.5825955867767334,
      "phi": 0.9893708229064941,
      "zone": "synthesis",
      "zone_weights": {
        "math": 0.1802095391961298,
        "logic_a": 0.16194673242810703,
        "logic_b": 0.08097379227256638,
        "creative": 0.08466881497264979,
        "synthesis": 0.4922011201305471
      },
      "zone_entropy": 1.9694620832566119,
      "kurtosis": 1104.807373046875,
      "token_diversity_input": 0.8095238095238095,
      "loops_run": 7,
      "entropy": 1.3671875,
      "category": "logic",
      "elapsed_sec": 9.099491119384766
    },
    {
      "prompt": "Write a haiku about a forgotten robot.",
      "completion": "Rust whispers of time,\nSilent circuits hum low,\nLost in the dust. \n\n---\n\nThis haiku captures the feeling of a forgotten",
      "model_id": "gemma3-1b-it",
      "preset": "ACTIVE_MANIFOLD",
      "completion_tokens": 30,
      "input_tokens": 19,
      "gen_time_sec": 2.516258478164673,
      "phi": 0.9874240756034851,
      "zone": "creative",
      "zone_weights": {
        "math": 0.2503522308666523,
        "logic_a": 0.14052665912668932,
        "logic_b": 0.17698461436626997,
        "creative": 0.3201568772924082,
        "synthesis": 0.11197961734798008
      },
      "zone_entropy": 2.2199747472361615,
      "kurtosis": 1112.3089599609375,