{
  "prompt": "If A implies B, and B implies C, what does A imply?",
  "completion": "This is a classic logic puzzle. Here's how to solve it:\n\n* **B implies C** means if B is true, then C",
  "model_id": "gemma3-1b-it",
  "preset": "ACTIVE_MANIFOLD",
  "completion_tokens": 30,
  "input_tokens": 25,
  "gen_time_sec": 2.528498888015747,
  "phi": 0.9890519380569458,
  "zone": "logic_a",
  "zone_weights": {
    "math": 0.30960021627195056,
    "logic_a": 0.33731648675908893,
    "logic_b": 0.16865824337954446,
    "creative": 0.09203079426547434,
    "synthesis": 0.09239425734037673
  },
  "zone_entropy": 2.119851252534936,
  "kurtosis": 1091.247802734375,
  "token_diversity_input": 0.68,
  "loops_run": 7,
  "entropy": 1.4921875
}