{
  "prompt": "Is the statement 'I am lying' a paradox?",
  "completion": "The statement \"I am lying\" is a classic paradox. It's a fascinating example of how our brains struggle with self-reference \u2013 the idea",
  "model_id": "gemma3-1b-it",
  "preset": "ACTIVE_MANIFOLD",
  "completion_tokens": 30,
  "input_tokens": 21,
  "gen_time_sec": 2.5825955867767334,
  "phi": 0.9893708229064941,
  "zone": "synthesis",
  "zone_weights": {
    "math": 0.1802095391961298,
    "logic_a": 0.16194673242810703,
    "logic_b": 0.08097379227256638,
    "creative": 0.08466881497264979,
    "synthesis": 0.4922011201305471
  },
  "zone_entropy": 1.9694620832566119,
  "kurtosis": 1104.807373046875,
  "token_diversity_input": 0.8095238095238095,
  "loops_run": 7,
  "entropy": 1.3671875
}