{
  "input_file": "eval/results/1B_ACTIVE_MANIFOLD_smoke4/1B_ACTIVE_MANIFOLD_aggregate.json",
  "scale": "1B",
  "model_id": "gemma3-1b-it",
  "preset": "ACTIVE_MANIFOLD",
  "n_prompts_total": 16,
  "n_successful": 16,
  "n_errors": 0,
  "anova_zone_entropy": {
    "F": 1.5234664530661723,
    "p_approx": 0.25854400628323765,
    "eta_squared": 0.2758170916780837,
    "ss_between": 0.8999376992718668,
    "ss_within": 2.362868437202871,
    "k": 3,
    "n": 12
  },
  "anova_phi": {
    "F": 0.12917618152528607,
    "p_approx": 0.9371111582648949,
    "eta_squared": 0.03128376602171753,
    "ss_between": 1.0968478996176145e-06,
    "ss_within": 3.396440076386398e-05,
    "k": 3,
    "n": 12
  },
  "r2_token_diversity_to_zone_entropy": 0.0011197992144913855,
  "mean_phi_per_category": {
    "math": 0.9901304244995117,
    "logic": 0.9895267188549042,
    "creative": 0.9894573092460632,
    "synthesis": 0.9896937906742096
  },
  "mean_zone_entropy_per_category": {
    "math": 1.3803868808844575,
    "logic": 1.95386911739996,
    "creative": 1.9543809155900422,
    "synthesis": 1.8487780982825073
  },
  "mean_kurtosis_per_category": {
    "math": 1102.2832946777344,
    "logic": 1104.2252807617188,
    "creative": 1102.5155639648438,
    "synthesis": 1104.0008544921875
  },
  "mean_zone_weights_per_category": {
    "math": {
      "math": 0.5523698226614324,
      "logic_a": 0.04145281756206336,
      "logic_b": 0.040103461305209344,
      "creative": 0.14239151439835876,
      "synthesis": 0.22368238282327532
    },
    "logic": {
      "math": 0.27920095727735117,
      "logic_a": 0.23547091703363243,
      "logic_b": 0.13185903706311375,
      "creative": 0.07931346820658121,
      "synthesis": 0.2741556191734302
    },
    "creative": {
      "math": 0.24212381347747305,
      "logic_a": 0.13387109660147803,
      "logic_b": 0.09366599408498114,
      "creative": 0.143533631250639,
      "synthesis": 0.38680546357667256
    },
    "synthesis": {
      "math": 0.2185080819673643,
      "logic_a": 0.1334989656995967,
      "logic_b": 0.07746214547992614,
      "creative": 0.14033824200978395,
      "synthesis": 0.4301925638433288
    }
  },
  "verdict": "ANTI_P_ZOMBIE_CONFIRMED",
  "verdict_note": "\u03b7\u00b2=0.276 \u2265 0.10 AND R\u00b2(TD\u2192H)=0.001 < 0.30. Zone entropy is high-variance across categories and is NOT explained by token diversity."
}