{
  "prompt": "What is 17 * 23?",
  "completion": "17 * 23\n\n17 * 23 = 17 * 23 = 17 * 23\n\n",
  "model_id": "gemma3-1b-it",
  "preset": "ACTIVE_MANIFOLD",
  "completion_tokens": 30,
  "input_tokens": 20,
  "gen_time_sec": 2.7564022541046143,
  "phi": 0.9904513359069824,
  "zone": "synthesis",
  "zone_weights": {
    "math": 0.48500465339286214,
    "logic_a": 0.008556519170420314,
    "logic_b": 0.004278259585210394,
    "creative": 0.009271279472760692,
    "synthesis": 0.49288928737871385
  },
  "zone_entropy": 1.1644316257503327,
  "kurtosis": 1097.067626953125,
  "token_diversity_input": 0.75,
  "loops_run": 8,
  "entropy": 0.8046875
}