{
  "prompt": "Calculate 15% of 240.",
  "completion": "15% of 240 is 15.\n\n15% of 240 is (15/100",
  "model_id": "gemma3-1b-it",
  "preset": "ACTIVE_MANIFOLD",
  "completion_tokens": 30,
  "input_tokens": 21,
  "gen_time_sec": 2.7403676509857178,
  "phi": 0.9909376502037048,
  "zone": "math",
  "zone_weights": {
    "math": 0.9492698175354142,
    "logic_a": 0.028469698140153536,
    "logic_b": 0.014234849070076768,
    "creative": 0.00022752473389955706,
    "synthesis": 0.007798108521845592
  },
  "zone_entropy": 0.36215879297276965,
  "kurtosis": 1090.434326171875,
  "token_diversity_input": 0.7619047619047619,
  "loops_run": 7,
  "entropy": 0.412109375
}