{
  "prompt": "What can physics learn from biology?",
  "completion": "Physics and biology are deeply intertwined! They've been working together for centuries, and understanding the underlying principles of the natural world is revealing incredible connections.",
  "model_id": "gemma3-1b-it",
  "preset": "ACTIVE_MANIFOLD",
  "completion_tokens": 30,
  "input_tokens": 17,
  "gen_time_sec": 2.4861645698547363,
  "phi": 0.9880724549293518,
  "zone": "synthesis",
  "zone_weights": {
    "math": 0.06786561620719744,
    "logic_a": 0.17927798050381621,
    "logic_b": 0.08963899036681439,
    "creative": 0.13762092815566193,
    "synthesis": 0.52559648376651
  },
  "zone_entropy": 1.9013827231500677,
  "kurtosis": 1101.5093994140625,
  "token_diversity_input": 0.7647058823529411,
  "loops_run": 8,
  "entropy": 1.328125
}