{
  "timestamp": 1782242288.5711849,
  "datetime": "2026-06-23T21:18:08.571187",
  "model_id": "gemma3-4b-it",
  "prompt_tokens": 6640,
  "completion_tokens": 16,
  "px_metrics": {
    "phi": 0.9963587522506714,
    "steps": 8,
    "path": [
      "L8",
      "L9",
      "L10",
      "L11",
      "L12",
      "L13",
      "L14",
      "L15",
      "L8"
    ],
    "zone": "MATH",
    "zone_weights": {
      "math": 0.2,
      "logic_a": 0.2,
      "logic_b": 0.2,
      "creative": 0.2,
      "synthesis": 0.2
    },
    "cognitive_signature": {
      "kurtosis": 2205.900634765625,
      "phi": 