{
  "timestamp": 1781481169.511382,
  "datetime": "2026-06-15T01:52:49.511383",
  "model_id": "gemma3-1b-it",
  "prompt_tokens": 363,
  "completion_tokens": 78,
  "px_metrics": {
    "phi": 0.9978840351104736,
    "steps": 2,
    "path": [
      "L8",
      "L9",
      "L8"
    ],
    "zone": "LOGIC_A",
    "zone_weights": {
      "math": 0.14969437703491034,
      "logic_a": 0.3613079876702699,
      "logic_b": 0.18065399383513495,
      "creative": 0.2180166425421173,
      "synthesis": 0.09032699691756747
    },
    "cognitive_signature": {
      "kurtosis": 1094.9564208984375,
      "phi": 