{
  "timestamp": 1781162930.5976386,
  "datetime": "2026-06-11T09:28:50.597639",
  "model_id": "gemma3-270m-it",
  "prompt_tokens": 22,
  "completion_tokens": 18,
  "px_metrics": {
    "phi": 0.9776851534843445,
    "steps": 74,
    "path": [
      "L7",
      "L7",
      "L7",
      "L10",
      "L9",
      "L10",
      "L11",
      "L9",
      "L10",
      "L11",
      "L9",
      "L10",
      "L10",
      "L10",
      "L10",
      "L10",
      "L10",
      "L10",
      "L10",
      "L10",
      "L10",
      "L10",
      "L10",
      "L10",
      "L10",
      "L10",
      "L10",
      "L10",
      "L10",
      "L10",
      "L10",
      "L10",
      "L10",
      "L10",
      "L10",
      "L10",
      "L10",
      "L10",
      "L10",
      "L10",
      "L10",
      "L10",
      "L10",
      "L10",
      "L10",
      "L10",
      "L10",
      "L10",
      "L10",
      "L10",
      "L10",
      "L10",
      "L10",
      "L10",
      "L10",
      "L10",
      "L10",
      "L10",
      "L10",
      "L10",
      "L10",
      "L10",
      "L10",
      "L10",
      "L10",
      "L10",
      "L10",
      "L10",
      "L10",
      "L10",
      "L10",
      "L10",
      "L10",
      "L10"
    ],
    "zone": "logic_b (Standard)",
    "zone_weights": {
      "math": 0.1026956290584778,
      "logic_a": 0.184140882122955,
      "logic_b": 0.4070256294577793,
      "creative": 0.27134970157335425,
      "synthesis": 0.034788156787433445
    },
    "cognitive_signature": {
      "kurtosis": 245.2666778564453,
      "phi": 