{
  "timestamp": 1781386351.948557,
  "datetime": "2026-06-13T23:32:31.948557",
  "model_id": "gemma3-1b-it",
  "prompt_tokens": 7217,
  "completion_tokens": 182,
  "px_metrics": {
    "phi": 0.9980734586715698,
    "steps": 2,
    "path": [
      "L7",
      "L8",
      "L7"
    ],
    "zone": "MATH",
    "zone_weights": {
      "math": 0.5773663558239366,
      "logic_a": 0.22857736716941912,
      "logic_b": 0.11428868358470956,
      "creative": 0.02262324962958006,
      "synthesis": 0.05714434179235478
    },
    "cognitive_signature": {
      "kurtosis": 1101.943603515625,
      "phi": 