{
  "timestamp": 1781067621.0101845,
  "datetime": "2026-06-10T07:00:21.010187",
  "model_id": "gemma3-1b-it",
  "prompt_tokens": 18,
  "completion_tokens": 9,
  "px_metrics": {
    "phi": 0.9939631819725037,
    "steps": 88,
    "path": [
      "L8",
      "L8",
      "L9",
      "L10",
      "L11",
      "L12",
      "L13",
      "L14",
      "L8",
      "L12",
      "L12",
      "L12",
      "L12",
      "L12",
      "L12",
      "L12",
      "L12",
      "L12",
      "L12",
      "L12",
      "L12",
      "L12",
      "L12",
      "L12",
      "L12",
      "L12",
      "L12",
      "L12",
      "L12",
      "L12",
      "L12",
      "L12",
      "L12",
      "L12",
      "L12",
      "L12",
      "L12",
      "L12",
      "L12",
      "L12",
      "L12",
      "L12",
      "L12",
      "L12",
      "L12",
      "L12",
      "L12",
      "L12",
      "L12",
      "L12",
      "L12",
      "L12",
      "L12",
      "L12",
      "L12",
      "L12",
      "L12",
      "L12",
      "L12",
      "L12",
      "L12",
      "L12",
      "L12",
      "L12",
      "L12",
      "L12",
      "L12",
      "L12",
      "L12",
      "L12",
      "L12",
      "L12",
      "L12",
      "L12",
      "L12",
      "L12",
      "L12",
      "L12",
      "L12",
      "L12",
      "L12",
      "L12",
      "L12",
      "L12",
      "L12",
      "L12",
      "L12",
      "L12"
    ],
    "zone": "synthesis (Standard)",
    "zone_weights": {
      "math": 0.1343410563183127,
      "logic_a": 0.1761448601240384,
      "logic_b": 0.0880724300620192,
      "creative": 0.06607229041805328,
      "synthesis": 0.5353693620769088
    },
    "cognitive_signature": {
      "kurtosis": 1083.86767578125,
      "phi": 