{
  "timestamp": 1781660322.658624,
  "datetime": "2026-06-17T03:38:42.658624",
  "model_id": "gemma3-1b-it",
  "prompt_tokens": 18,
  "completion_tokens": 37,
  "px_metrics": {
    "phi": 0.7609952092170715,
    "steps": 4,
    "path": [
      "L10",
      "L10",
      "L10",
      "L11",
      "L10"
    ],
    "zone": "CREATIVE",
    "zone_weights": {
      "math": 0.005313149625040868,
      "logic_a": 0.12798328016831534,
      "logic_b": 0.06399164008415767,
      "creative": 0.7707161080804072,
      "synthesis": 0.031995820042078835
    },
    "cognitive_signature": {
      "kurtosis": 1097.1956787109375,
      "phi": 