{
  "timestamp": 1781660453.7669477,
  "datetime": "2026-06-17T03:40:53.766948",
  "model_id": "gemma3-1b-it",
  "prompt_tokens": 387,
  "completion_tokens": 434,
  "px_metrics": {
    "phi": 0.9967183470726013,
    "steps": 7,
    "path": [
      "L9",
      "L10",
      "L11",
      "L12",
      "L13",
      "L14",
      "L15",
      "L9"
    ],
    "zone": "CREATIVE",
    "zone_weights": {
      "math": 0.08148592860530066,
      "logic_a": 0.3318270899298749,
      "logic_b": 0.16591354496493746,
      "creative": 0.3378166620174182,
      "synthesis": 0.08295677248246873
    },
    "cognitive_signature": {
      "kurtosis": 1114.8477783203125,
      "phi": 