{
  "timestamp": 1781063718.9213002,
  "datetime": "2026-06-10T05:55:18.921301",
  "model_id": "gemma3-4b-it",
  "prompt_tokens": 36,
  "completion_tokens": 224,
  "px_metrics": {
    "phi": 0.9795708656311035,
    "steps": 98,
    "path": [
      "L8",
      "L8",
      "L12",
      "L13",
      "L14",
      "L15",
      "L8",
      "L12",
      "L12",
      "L12",
      "L12",
      "L12",
      "L12",
      "L12",
      "L12",
      "L12",
      "L12",
      "L12",
      "L12",
      "L12",
      "L12",
      "L12",
      "L12",
      "L12",
      "L12",
      "L12",
      "L12",
      "L12",
      "L12",
      "L12",
      "L12",
      "L12",
      "L12",
      "L12",
      "L12",
      "L12",
      "L12",
      "L12",
      "L12",
      "L12",
      "L12",
      "L12",
      "L12",
      "L12",
      "L12",
      "L12",
      "L12",
      "L12",
      "L12",
      "L12",
      "L12",
      "L12",
      "L12",
      "L12",
      "L12",
      "L12",
      "L12",
      "L12",
      "L12",
      "L12",
      "L12",
      "L12",
      "L12",
      "L12",
      "L12",
      "L12",
      "L12",
      "L12",
      "L12",
      "L12",
      "L12",
      "L12",
      "L12",
      "L12",
      "L12",
      "L12",
      "L12",
      "L12",
      "L12",
      "L12",
      "L12",
      "L12",
      "L12",
      "L12",
      "L12",
      "L12",
      "L12",
      "L12",
      "L12",
      "L12",
      "L12",
      "L12",
      "L12",
      "L12",
      "L12",
      "L12",
      "L12",
      "L12"
    ],
    "zone": "logic_b (Standard)",
    "zone_weights": {
      "math": 0.030195755273367222,
      "logic_a": 0.27362229490872114,
      "logic_b": 0.4707293930651856,
      "creative": 0.2155156205117455,
      "synthesis": 0.00993693577025117
    },
    "cognitive_signature": {
      "kurtosis": 2441.3291015625,
      "phi": 