{
  "timestamp": 1781216337.4405332,
  "datetime": "2026-06-12T00:18:57.440533",
  "model_id": "gemma4-e2b-it",
  "prompt_tokens": 16,
  "completion_tokens": 991,
  "px_metrics": {
    "phi": 0.01359353307634592,
    "steps": 0,
    "path": [],
    "zone": "creative",
    "zone_weights": {
      "math": 0.09797309813474332,
      "logic_a": 0.18287781242695922,
      "logic_b": 0.13692866326273925,
      "creative": 0.3947189360613649,
      "synthesis": 0.18750148911419343
    },
    "cognitive_signature": {
      "kurtosis": 195.2152099609375,
      "phi": 