{
  "timestamp": 1781329636.2959623,
  "datetime": "2026-06-13T07:47:16.295963",
  "model_id": "gemma3-1b-it",
  "prompt_tokens": 2518,
  "completion_tokens": 249,
  "px_metrics": {
    "phi": 0.9931311011314392,
    "steps": 7,
    "path": [
      "L8",
      "L9",
      "L10",
      "L11",
      "L12",
      "L13",
      "L14",
      "L8"
    ],
    "zone": "MATH",
    "zone_weights": {
      "math": 0.2,
      "logic_a": 0.2,
      "logic_b": 0.2,
      "creative": 0.2,
      "synthesis": 0.2
    },
    "cognitive_signature": {
      "kurtosis": 1099.2979736328125,
      "phi": 