{
  "timestamp": 1782651631.449565,
  "datetime": "2026-06-28T15:00:31.449568",
  "model_id": "gemma3-1b-it",
  "prompt_tokens": 11,
  "completion_tokens": 15,
  "px_metrics": {
    "phi": 0.908639132976532,
    "steps": 1,
    "path": [
      "L9",
      "L9"
    ],
    "zone": "CREATIVE",
    "zone_weights": {
      "math": 0.037288789672753474,
      "logic_a": 0.2702714744414095,
      "logic_b": 0.13513573722070474,
      "creative": 0.4897361280547801,
      "synthesis": 0.06756786861035237
    },
    "cognitive_signature": {
      "kurtosis": 1102.491943359375,
      "phi": 