{
  "timestamp": 1781486722.5983162,
  "datetime": "2026-06-15T03:25:22.598317",
  "model_id": "gemma3-1b-it",
  "prompt_tokens": 2347,
  "completion_tokens": 176,
  "px_metrics": {
    "phi": 0.998050332069397,
    "steps": 2,
    "path": [
      "L8",
      "L9",
      "L8"
    ],
    "zone": "MATH",
    "zone_weights": {
      "math": 0.3425670280905954,
      "logic_a": 0.33020587434619203,
      "logic_b": 0.16510293717309601,
      "creative": 0.0795726898035685,
      "synthesis": 0.08255146858654801
    },
    "cognitive_signature": {
      "kurtosis": 1094.9976806640625,
      "phi": 