{
  "timestamp": 1780994907.815531,
  "datetime": "2026-06-09T10:48:27.815534",
  "model_id": "gemma3-1b-it",
  "prompt_tokens": 36,
  "completion_tokens": 256,
  "px_metrics": {
    "phi": 0.998476505279541,
    "steps": 88,
    "path": [
      "L9",
      "L10",
      "L11",
      "L12",
      "L13",
      "L14",
      "L15",
      "L9",
      "L12",
      "L12",
      "L12",
      "L12",
      "L12",
      "L12",
      "L12",
      "L12",
      "L12",
      "L12",
      "L12",
      "L12",
      "L12",
      "L12",
      "L12",
      "L12",
      "L12",
      "L12",
      "L12",
      "L12",
      "L12",
      "L12",
      "L12",
      "L12",
      "L12",
      "L12",
      "L12",
      "L12",
      "L12",
      "L12",
      "L12",
      "L12",
      "L12",
      "L12",
      "L12",
      "L12",
      "L12",
      "L12",
      "L12",
      "L12",
      "L12",
      "L12",
      "L12",
      "L12",
      "L12",
      "L12",
      "L12",
      "L12",
      "L12",
      "L12",
      "L12",
      "L12",
      "L12",
      "L12",
      "L12",
      "L12",
      "L12",
      "L12",
      "L12",
      "L12",
      "L12",
      "L12",
      "L12",
      "L12",
      "L12",
      "L12",
      "L12",
      "L12",
      "L12",
      "L12",
      "L12",
      "L12",
      "L12",
      "L12",
      "L12",
      "L12",
      "L12",
      "L12",
      "L12",
      "L12"
    ],
    "zone": "creative (Standard)",
    "zone_weights": {
      "math": 0.13476147531039886,
      "logic_a": 0.18433264734818752,
      "logic_b": 0.20239403485047297,
      "creative": 0.35837214056391103,
      "synthesis": 0.1201397009270295
    },
    "cognitive_signature": {
      "kurtosis": 1109.0396728515625,
      "phi": 