{
  "timestamp": 1781483406.5880282,
  "datetime": "2026-06-15T02:30:06.588028",
  "model_id": "gemma3-1b-it",
  "prompt_tokens": 3623,
  "completion_tokens": 96,
  "px_metrics": {
    "phi": 0.998126208782196,
    "steps": 1,
    "path": [
      "L8",
      "L8"
    ],
    "zone": "MATH",
    "zone_weights": {
      "math": 0.4853128466837138,
      "logic_a": 0.2722835198959675,
      "logic_b": 0.13614175994798375,
      "creative": 0.038190991498343145,
      "synthesis": 0.06807087997399187
    },
    "cognitive_signature": {
      "kurtosis": 1098.9212646484375,
      "phi": 