{
  "timestamp": 1782242371.9934292,
  "datetime": "2026-06-23T21:19:31.993433",
  "model_id": "gemma3-4b-it",
  "prompt_tokens": 3972,
  "completion_tokens": 64,
  "px_metrics": {
    "phi": 0.9978369474411011,
    "steps": 8,
    "path": [
      "L8",
      "L9",
      "L10",
      "L11",
      "L12",
      "L13",
      "L14",
      "L15",
      "L8"
    ],
    "zone": "MATH",
    "zone_weights": {
      "math": 0.2,
      "logic_a": 0.2,
      "logic_b": 0.2,
      "creative": 0.2,
      "synthesis": 0.2
    },
    "cognitive_signature": {
      "kurtosis": 2425.922607421875,
      "phi": 