{
  "timestamp": 1781388635.5896032,
  "datetime": "2026-06-14T00:10:35.589603",
  "model_id": "gemma3-1b-it",
  "prompt_tokens": 8893,
  "completion_tokens": 49,
  "px_metrics": {
    "phi": 0.9982004761695862,
    "steps": 7,
    "path": [
      "L7",
      "L8",
      "L9",
      "L10",
      "L11",
      "L12",
      "L13",
      "L7"
    ],
    "zone": "MATH",
    "zone_weights": {
      "math": 0.6264686879955751,
      "logic_a": 0.20396023407946132,
      "logic_b": 0.10198011703973066,
      "creative": 0.0166009003653677,
      "synthesis": 0.05099005851986533
    },
    "cognitive_signature": {
      "kurtosis": 1090.004150390625,
      "phi": 