{
  "timestamp": 1781483356.7950242,
  "datetime": "2026-06-15T02:29:16.795024",
  "model_id": "gemma3-1b-it",
  "prompt_tokens": 3572,
  "completion_tokens": 29,
  "px_metrics": {
    "phi": 0.9981823563575745,
    "steps": 6,
    "path": [
      "L8",
      "L9",
      "L10",
      "L11",
      "L12",
      "L13",
      "L8"
    ],
    "zone": "MATH",
    "zone_weights": {
      "math": 0.4801509760830558,
      "logic_a": 0.2746185907441933,
      "logic_b": 0.13730929537209666,
      "creative": 0.039266488114605806,
      "synthesis": 0.06865464768604833
    },
    "cognitive_signature": {
      "kurtosis": 1088.8265380859375,
      "phi": 