{
  "timestamp": 1781487831.8137834,
  "datetime": "2026-06-15T03:43:51.813784",
  "model_id": "gemma3-1b-it",
  "prompt_tokens": 3584,
  "completion_tokens": 223,
  "px_metrics": {
    "phi": 0.9979166984558105,
    "steps": 2,
    "path": [
      "L8",
      "L9",
      "L8"
    ],
    "zone": "MATH",
    "zone_weights": {
      "math": 0.4079121249776536,
      "logic_a": 0.30562374426681094,
      "logic_b": 0.15281187213340547,
      "creative": 0.057246320555427256,
      "synthesis": 0.07640593606670273
    },
    "cognitive_signature": {
      "kurtosis": 1102.79833984375,
      "phi": 