{
  "timestamp": 1781168456.9616783,
  "datetime": "2026-06-11T11:00:56.961681",
  "model_id": "gemma3-1b-it",
  "prompt_tokens": 22,
  "completion_tokens": 28,
  "px_metrics": {
    "phi": 0.9985583424568176,
    "steps": 94,
    "path": [
      "L8",
      "L9",
      "L10",
      "L11",
      "L12",
      "L13",
      "L14",
      "L8",
      "L12",
      "L12",
      "L12",
      "L12",
      "L12",
      "L12",
      "L12",
      "L12",
      "L12",
      "L12",
      "L12",
      "L12",
      "L12",
      "L12",
      "L12",
      "L12",
      "L12",
      "L12",
      "L12",
      "L12",
      "L12",
      "L12",
      "L12",
      "L12",
      "L12",
      "L12",
      "L12",
      "L12",
      "L12",
      "L12",
      "L12",
      "L12",
      "L12",
      "L12",
      "L12",
      "L12",
      "L12",
      "L12",
      "L12",
      "L12",
      "L12",
      "L12",
      "L12",
      "L12",
      "L12",
      "L12",
      "L12",
      "L12",
      "L12",
      "L12",
      "L12",
      "L12",
      "L12",
      "L12",
      "L12",
      "L12",
      "L12",
      "L12",
      "L12",
      "L12",
      "L12",
      "L12",
      "L12",
      "L12",
      "L12",
      "L12",
      "L12",
      "L12",
      "L12",
      "L12",
      "L12",
      "L12",
      "L12",
      "L12",
      "L12",
      "L12",
      "L12",
      "L12",
      "L12",
      "L12",
      "L12",
      "L12",
      "L12",
      "L12",
      "L12",
      "L12"
    ],
    "zone": "logic_b (Standard)",
    "zone_weights": {
      "math": 0.26595539019260683,
      "logic_a": 0.225243753356031,
      "logic_b": 0.3048243906442058,
      "creative": 0.1618769497270531,
      "synthesis": 0.042099515080103296
    },
    "cognitive_signature": {
      "kurtosis": 1112.1719970703125,
      "phi": 