{
  "timestamp": 1781472074.6087604,
  "datetime": "2026-06-14T23:21:14.608760",
  "model_id": "gemma3-1b-it",
  "prompt_tokens": 114,
  "completion_tokens": 78,
  "px_metrics": {
    "phi": 0.9959021210670471,
    "steps": 7,
    "path": [
      "L9",
      "L10",
      "L11",
      "L12",
      "L13",
      "L14",
      "L15",
      "L9"
    ],
    "zone": "CREATIVE",
    "zone_weights": {
      "math": 0.020142727712436984,
      "logic_a": 0.2191867987256112,
      "logic_b": 0.1095933993628056,
      "creative": 0.5962803725177435,
      "synthesis": 0.0547966996814028
    },
    "cognitive_signature": {
      "kurtosis": 1086.712890625,
      "phi": 