{
  "timestamp": 1781374292.356554,
  "datetime": "2026-06-13T20:11:32.356554",
  "model_id": "gemma3-1b-it",
  "prompt_tokens": 2937,
  "completion_tokens": 67,
  "px_metrics": {
    "phi": 0.9999203085899353,
    "steps": 1,
    "path": [
      "L8",
      "L8"
    ],
    "zone": "MATH",
    "zone_weights": {
      "math": 0.4365358854183574,
      "logic_a": 0.29374265606602684,
      "logic_b": 0.14687132803301342,
      "creative": 0.04941446446609566,
      "synthesis": 0.07343566401650671
    },
    "cognitive_signature": {
      "kurtosis": 1095.226318359375,
      "phi": 