{
  "timestamp": 1781474434.8700838,
  "datetime": "2026-06-15T00:00:34.870084",
  "model_id": "gemma3-1b-it",
  "prompt_tokens": 3438,
  "completion_tokens": 77,
  "px_metrics": {
    "phi": 0.9982089400291443,
    "steps": 6,
    "path": [
      "L8",
      "L9",
      "L10",
      "L11",
      "L12",
      "L13",
      "L8"
    ],
    "zone": "MATH",
    "zone_weights": {
      "math": 0.4753725347492587,
      "logic_a": 0.27676750589608706,
      "logic_b": 0.13838375294804353,
      "creative": 0.0402843279325889,
      "synthesis": 0.06919187647402177
    },
    "cognitive_signature": {
      "kurtosis": 1101.5765380859375,
      "phi": 