{
  "timestamp": 1781815252.7771738,
  "datetime": "2026-06-18T22:40:52.777175",
  "model_id": "gemma3-1b-it",
  "prompt_tokens": 489,
  "completion_tokens": 509,
  "px_metrics": {
    "phi": 0.9969466924667358,
    "steps": 7,
    "path": [
      "L9",
      "L10",
      "L11",
      "L12",
      "L13",
      "L14",
      "L15",
      "L9"
    ],
    "zone": "CREATIVE",
    "zone_weights": {
      "math": 0.0681784241916737,
      "logic_a": 0.31910497555574757,
      "logic_b": 0.15955248777787379,
      "creative": 0.3733878665857682,
      "synthesis": 0.07977624388893689
    },
    "cognitive_signature": {
      "kurtosis": 1109.4918212890625,
      "phi": 