{
  "timestamp": 1781978449.0595202,
  "datetime": "2026-06-20T20:00:49.059521",
  "model_id": "gemma3-1b-it",
  "prompt_tokens": 5153,
  "completion_tokens": 531,
  "px_metrics": {
    "phi": 0.9983400106430054,
    "steps": 2,
    "path": [
      "L7",
      "L8",
      "L7"
    ],
    "zone": "MATH",
    "zone_weights": {
      "math": 0.6161167219889389,
      "logic_a": 0.20921303147120832,
      "logic_b": 0.10460651573560416,
      "creative": 0.017760470936446445,
      "synthesis": 0.05230325786780208
    },
    "cognitive_signature": {
      "kurtosis": 1108.0306396484375,
      "phi": 