{
  "timestamp": 1782391449.5371423,
  "datetime": "2026-06-25T14:44:09.537143",
  "model_id": "gemma3-4b-it",
  "prompt_tokens": 10437,
  "completion_tokens": 253,
  "px_metrics": {
    "phi": 0.9972395896911621,
    "steps": 8,
    "path": [
      "L8",
      "L9",
      "L10",
      "L11",
      "L12",
      "L13",
      "L14",
      "L15",
      "L8"
    ],
    "zone": "MATH",
    "zone_weights": {
      "math": 0.2,
      "logic_a": 0.2,
      "logic_b": 0.2,
      "creative": 0.2,
      "synthesis": 0.2
    },
    "cognitive_signature": {
      "kurtosis": 2445.595703125,
      "phi": 