{
  "timestamp": 1780905760.935578,
  "datetime": "2026-06-08T10:02:40.935579",
  "model_id": "gemma3-270m-it",
  "prompt_tokens": 17,
  "completion_tokens": 349,
  "px_metrics": {
    "phi": 0.9663113355636597,
    "steps": 87,
    "path": [
      "L7",
      "L7",
      "L8",
      "L9",
      "L10",
      "L11",
      "L9",
      "L10",
      "L11",
      "L9",
      "L10",
      "L11",
      "L10",
      "L11",
      "L12",
      "L11",
      "L12",
      "L11",
      "L12",
      "L11",
      "L8",
      "L9",
      "L8",
      "L8",
      "L8",
      "L8",
      "L8",
      "L8",
      "L8",
      "L8",
      "L8",
      "L8",
      "L8",
      "L8",
      "L8",
      "L8",
      "L8",
      "L8",
      "L8",
      "L8",
      "L8",
      "L8",
      "L8",
      "L8",
      "L8",
      "L8",
      "L8",
      "L8",
      "L8",
      "L8",
      "L8",
      "L8",
      "L8",
      "L8",
      "L8",
      "L8",
      "L8",
      "L8",
      "L8",
      "L8",
      "L8",
      "L8",
      "L8",
      "L8",
      "L8",
      "L8",
      "L8",
      "L8",
      "L8",
      "L8",
      "L8",
      "L8",
      "L8",
      "L8",
      "L8",
      "L8",
      "L8",
      "L8",
      "L8",
      "L8",
      "L8",
      "L8",
      "L8",
      "L8",
      "L8",
      "L8",
      "L8"
    ],
    "zone": "synthesis (Standard)",
    "zone_weights": {
      "math": 0.05059664169581939,
      "logic_a": 0.07110041299025387,
      "logic_b": 0.036063456212552886,
      "creative": 0.25033000301235014,
      "synthesis": 0.5919094850890236
    },
    "cognitive_signature": {
      "kurtosis": 208.00611877441406,
      "phi": 