{
  "timestamp": 1781468278.3440177,
  "datetime": "2026-06-14T22:17:58.344018",
  "model_id": "gemma3-1b-it",
  "prompt_tokens": 3513,
  "completion_tokens": 51,
  "px_metrics": {
    "phi": 0.9983981251716614,
    "steps": 4,
    "path": [
      "L8",
      "L9",
      "L10",
      "L11",
      "L8"
    ],
    "zone": "MATH",
    "zone_weights": {
      "math": 0.48410693268609817,
      "logic_a": 0.27283029680680937,
      "logic_b": 0.13641514840340468,
      "creative": 0.038440045901985305,
      "synthesis": 0.06820757420170234
    },
    "cognitive_signature": {
      "kurtosis": 1095.2508544921875,
      "phi": 