{
  "timestamp": 1781383355.94114,
  "datetime": "2026-06-13T22:42:35.941140",
  "model_id": "gemma3-1b-it",
  "prompt_tokens": 3781,
  "completion_tokens": 234,
  "px_metrics": {
    "phi": 0.998324453830719,
    "steps": 7,
    "path": [
      "L8",
      "L9",
      "L10",
      "L11",
      "L12",
      "L13",
      "L14",
      "L8"
    ],
    "zone": "MATH",
    "zone_weights": {
      "math": 0.4184790425673551,
      "logic_a": 0.301306084999313,
      "logic_b": 0.1506530424996565,
      "creative": 0.05423530668384734,
      "synthesis": 0.07532652124982825
    },
    "cognitive_signature": {
      "kurtosis": 1093.3643798828125,
      "phi": 