{
  "timestamp": 1781216557.7162151,
  "datetime": "2026-06-12T00:22:37.716215",
  "model_id": "gemma4-e2b-it",
  "prompt_tokens": 1021,
  "completion_tokens": 1009,
  "px_metrics": {
    "phi": 0.012812323868274689,
    "steps": 0,
    "path": [],
    "zone": "math",
    "zone_weights": {
      "math": 0.9348830052429437,
      "logic_a": 0.03674798174979513,
      "logic_b": 0.01836686047865153,
      "creative": 0.0008271605546436295,
      "synthesis": 0.00917499097396611
    },
    "cognitive_signature": {
      "kurtosis": 388.7725524902344,
      "phi": 