{
  "timestamp": 1781064411.7743187,
  "datetime": "2026-06-10T06:06:51.774319",
  "model_id": "gemma3-4b-it",
  "prompt_tokens": 294,
  "completion_tokens": 497,
  "px_metrics": {
    "phi": 0.9995488524436951,
    "steps": 98,
    "path": [
      "L8",
      "L9",
      "L12",
      "L13",
      "L14",
      "L15",
      "L8",
      "L12",
      "L12",
      "L12",
      "L12",
      "L12",
      "L12",
      "L12",
      "L12",
      "L12",
      "L12",
      "L12",
      "L12",
      "L12",
      "L12",
      "L12",
      "L12",
      "L12",
      "L12",
      "L12",
      "L12",
      "L12",
      "L12",
      "L12",
      "L12",
      "L12",
      "L12",
      "L12",
      "L12",
      "L12",
      "L12",
      "L12",
      "L12",
      "L12",
      "L12",
      "L12",
      "L12",
      "L12",
      "L12",
      "L12",
      "L12",
      "L12",
      "L12",
      "L12",
      "L12",
      "L12",
      "L12",
      "L12",
      "L12",
      "L12",
      "L12",
      "L12",
      "L12",
      "L12",
      "L12",
      "L12",
      "L12",
      "L12",
      "L12",
      "L12",
      "L12",
      "L12",
      "L12",
      "L12",
      "L12",
      "L12",
      "L12",
      "L12",
      "L12",
      "L12",
      "L12",
      "L12",
      "L12",
      "L12",
      "L12",
      "L12",
      "L12",
      "L12",
      "L12",
      "L12",
      "L12",
      "L12",
      "L12",
      "L12",
      "L12",
      "L12",
      "L12",
      "L12",
      "L12",
      "L12",
      "L12",
      "L12"
    ],
    "zone": "logic_b (Standard)",
    "zone_weights": {
      "math": 0.030195755273367222,
      "logic_a": 0.27362229490872114,
      "logic_b": 0.4707293930651856,
      "creative": 0.2155156205117455,
      "synthesis": 0.00993693577025117
    },
    "cognitive_signature": {
      "kurtosis": 2435.150634765625,
      "phi": 