{
  "timestamp": 1781777084.9767377,
  "datetime": "2026-06-18T12:04:44.976738",
  "model_id": "gemma3-1b-it",
  "prompt_tokens": 22401,
  "completion_tokens": 217,
  "px_metrics": {
    "phi": 0.9982030391693115,
    "steps": 2,
    "path": [
      "L7",
      "L8",
      "L7"
    ],
    "zone": "MATH",
    "zone_weights": {
      "math": 0.7776867391452328,
      "logic_a": 0.12420242478372436,
      "logic_b": 0.06210121239186218,
      "creative": 0.004959015483249694,
      "synthesis": 0.03105060619593109
    },
    "cognitive_signature": {
      "kurtosis": 1102.875,
      "phi": 