{
  "timestamp": 1781485497.0231578,
  "datetime": "2026-06-15T03:04:57.023158",
  "model_id": "gemma3-1b-it",
  "prompt_tokens": 106,
  "completion_tokens": 44,
  "px_metrics": {
    "phi": 0.9929823279380798,
    "steps": 7,
    "path": [
      "L10",
      "L11",
      "L12",
      "L13",
      "L14",
      "L15",
      "L16",
      "L10"
    ],
    "zone": "CREATIVE",
    "zone_weights": {
      "math": 0.006509004699796218,
      "logic_a": 0.1396547715842499,
      "logic_b": 0.06982738579212495,
      "creative": 0.7490951430277665,
      "synthesis": 0.03491369289606248
    },
    "cognitive_signature": {
      "kurtosis": 1086.547607421875,
      "phi": 