{
  "timestamp": 1780984848.5170999,
  "datetime": "2026-06-09T08:00:48.517102",
  "model_id": "gemma3-1b-it",
  "prompt_tokens": 36,
  "completion_tokens": 189,
  "px_metrics": {
    "phi": 0.9979907870292664,
    "steps": 100,
    "path": [
      "L9",
      "L10",
      "L11",
      "L12",
      "L13",
      "L14",
      "L15",
      "L9",
      "L12",
      "L13",
      "L14",
      "L15",
      "L9",
      "L12",
      "L12",
      "L12",
      "L12",
      "L12",
      "L12",
      "L12",
      "L12",
      "L12",
      "L12",
      "L12",
      "L12",
      "L12",
      "L12",
      "L12",
      "L12",
      "L12",
      "L12",
      "L12",
      "L12",
      "L12",
      "L12",
      "L12",
      "L12",
      "L12",
      "L12",
      "L12",
      "L12",
      "L12",
      "L12",
      "L12",
      "L12",
      "L12",
      "L12",
      "L12",
      "L12",
      "L12",
      "L12",
      "L12",
      "L12",
      "L12",
      "L12",
      "L12",
      "L12",
      "L12",
      "L12",
      "L12",
      "L12",
      "L12",
      "L12",
      "L12",
      "L12",
      "L12",
      "L12",
      "L12",
      "L12",
      "L12",
      "L12",
      "L12",
      "L12",
      "L12",
      "L12",
      "L12",
      "L12",
      "L12",
      "L12",
      "L12",
      "L12",
      "L12",
      "L12",
      "L12",
      "L12",
      "L12",
      "L12",
      "L12",
      "L12",
      "L12",
      "L12",
      "L12",
      "L12",
      "L12",
      "L12",
      "L12",
      "L12",
      "L12",
      "L12",
      "L12"
    ],
    "zone": "creative (Standard)",
    "zone_weights": {
      "math": 0.13477812605417047,
      "logic_a": 0.1846041031505812,
      "logic_b": 0.20401204104608248,
      "creative": 0.3575621552888086,
      "synthesis": 0.11904357346035717
    },
    "cognitive_signature": {
      "kurtosis": 1109.069091796875,
      "phi": 