{
  "timestamp": 1781488069.6499329,
  "datetime": "2026-06-15T03:47:49.649933",
  "model_id": "gemma3-1b-it",
  "prompt_tokens": 3981,
  "completion_tokens": 67,
  "px_metrics": {
    "phi": 0.9979854822158813,
    "steps": 2,
    "path": [
      "L8",
      "L9",
      "L8"
    ],
    "zone": "MATH",
    "zone_weights": {
      "math": 0.43036048291346196,
      "logic_a": 0.2963546379638167,
      "logic_b": 0.14817731898190836,
      "creative": 0.051018898649858826,
      "synthesis": 0.07408865949095418
    },
    "cognitive_signature": {
      "kurtosis": 1083.171875,
      "phi": 