{
  "timestamp": 1781276650.844446,
  "datetime": "2026-06-12T17:04:10.844446",
  "model_id": "gemma4-e2b-it",
  "prompt_tokens": 2252,
  "completion_tokens": 865,
  "px_metrics": {
    "phi": -0.034755393862724304,
    "steps": 0,
    "path": [],
    "zone": "math",
    "zone_weights": {
      "math": 0.9649335401077261,
      "logic_a": 0.01991549577858287,
      "logic_b": 0.009957747921089579,
      "creative": 0.00021434124790960094,
      "synthesis": 0.004978873944388551
    },
    "cognitive_signature": {
      "kurtosis": 490.1386413574219,
      "phi": 