{
  "timestamp": 1782392962.304572,
  "datetime": "2026-06-25T15:09:22.304573",
  "model_id": "gemma3-270m",
  "prompt_tokens": 13605,
  "completion_tokens": 90,
  "px_metrics": {
    "phi": 0.9629215598106384,
    "steps": 6,
    "path": [
      "L7",
      "L7",
      "L8",
      "L9",
      "L10",
      "L9",
      "L7"
    ],
    "zone": "MATH",
    "zone_weights": {
      "math": 0.2,
      "logic_a": 0.2,
      "logic_b": 0.2,
      "creative": 0.2,
      "synthesis": 0.2
    },
    "cognitive_signature": {
      "kurtosis": 564.7909545898438,
      "phi": 