{
  "timestamp": 1782073447.9033883,
  "datetime": "2026-06-21T22:24:07.903389",
  "model_id": "gemma3-270m",
  "prompt_tokens": 21771,
  "completion_tokens": 907,
  "px_metrics": {
    "phi": 0.9537865519523621,
    "steps": 10,
    "path": [
      "L7",
      "L7",
      "L7",
      "L8",
      "L9",
      "L10",
      "L9",
      "L10",
      "L11",
      "L9",
      "L7"
    ],
    "zone": "MATH",
    "zone_weights": {
      "math": 0.2,
      "logic_a": 0.2,
      "logic_b": 0.2,
      "creative": 0.2,
      "synthesis": 0.2
    },
    "cognitive_signature": {
      "kurtosis": 553.9619750976562,
      "phi": 