{
  "timestamp": 1781374484.3725693,
  "datetime": "2026-06-13T20:14:44.372570",
  "model_id": "gemma3-1b-it",
  "prompt_tokens": 3259,
  "completion_tokens": 108,
  "px_metrics": {
    "phi": 0.9976565837860107,
    "steps": 2,
    "path": [
      "L8",
      "L9",
      "L8"
    ],
    "zone": "MATH",
    "zone_weights": {
      "math": 0.4587443344110654,
      "logic_a": 0.28414609358965676,
      "logic_b": 0.14207304679482838,
      "creative": 0.04399999980703547,
      "synthesis": 0.07103652339741419
    },
    "cognitive_signature": {
      "kurtosis": 1091.47509765625,
      "phi": 