{
  "timestamp": 1781328170.006263,
  "datetime": "2026-06-13T07:22:50.006263",
  "model_id": "gemma3-1b-it",
  "prompt_tokens": 1270,
  "completion_tokens": 402,
  "px_metrics": {
    "phi": 0.9928818941116333,
    "steps": 7,
    "path": [
      "L8",
      "L9",
      "L10",
      "L11",
      "L12",
      "L13",
      "L14",
      "L8"
    ],
    "zone": "MATH",
    "zone_weights": {
      "math": 0.2,
      "logic_a": 0.2,
      "logic_b": 0.2,
      "creative": 0.2,
      "synthesis": 0.2
    },
    "cognitive_signature": {
      "kurtosis": 1106.1917724609375,
      "phi": 