{
  "timestamp": 1781216180.7286997,
  "datetime": "2026-06-12T00:16:20.728700",
  "model_id": "gemma4-e2b-it",
  "prompt_tokens": 14,
  "completion_tokens": 935,
  "px_metrics": {
    "phi": -0.016676051542162895,
    "steps": 0,
    "path": [],
    "zone": "creative",
    "zone_weights": {
      "math": 0.12578808538488978,
      "logic_a": 0.18457832536794944,
      "logic_b": 0.19227867384349387,
      "creative": 0.36883813784682823,
      "synthesis": 0.12851677655683863
    },
    "cognitive_signature": {
      "kurtosis": 208.3422088623047,
      "phi": 