{
  "timestamp": 1780996907.1656375,
  "datetime": "2026-06-09T11:21:47.165640",
  "model_id": "gemma4-e2b-it",
  "prompt_tokens": 30,
  "completion_tokens": 1,
  "px_metrics": {
    "phi": 0.7387946248054504,
    "steps": 9,
    "path": [
      "L8",
      "L8",
      "L8",
      "L9",
      "L8",
      "L8",
      "L8",
      "L9",
      "L8"
    ],
    "zone": "logic_a (Standard)",
    "zone_weights": {
      "math": 0.1668597204952909,
      "logic_a": 0.47550293769180696,
      "logic_b": 0.2866340843666899,
      "creative": 0.07017772006148484,
      "synthesis": 0.0008255369042576321
    },
    "cognitive_signature": {
      "kurtosis": 278.4598388671875,
      "phi": 