{
  "timestamp": 1782284206.0562663,
  "datetime": "2026-06-24T08:56:46.056269",
  "model_id": "gemma3-4b-it",
  "prompt_tokens": 2867,
  "completion_tokens": 32,
  "px_metrics": {
    "phi": 0.9977380633354187,
    "steps": 8,
    "path": [
      "L8",
      "L9",
      "L10",
      "L11",
      "L12",
      "L13",
      "L14",
      "L15",
      "L8"
    ],
    "zone": "MATH",
    "zone_weights": {
      "math": 0.2,
      "logic_a": 0.2,
      "logic_b": 0.2,
      "creative": 0.2,
      "synthesis": 0.2
    },
    "cognitive_signature": {
      "kurtosis": 2422.927490234375,
      "phi": 