{
  "timestamp": 1781407126.2595484,
  "datetime": "2026-06-14T05:18:46.259549",
  "model_id": "gemma3-1b-it",
  "prompt_tokens": 13,
  "completion_tokens": 29,
  "px_metrics": {
    "phi": 0.9010180234909058,
    "steps": 6,
    "path": [
      "L9",
      "L9",
      "L9",
      "L9",
      "L9",
      "L10",
      "L9"
    ],
    "zone": "CREATIVE",
    "zone_weights": {
      "math": 0.018061655633751086,
      "logic_a": 0.21053220157668767,
      "logic_b": 0.10526610078834384,
      "creative": 0.6135069896070455,
      "synthesis": 0.05263305039417192
    },
    "cognitive_signature": {
      "kurtosis": 1105.1224365234375,
      "phi": 