{
  "timestamp": 1781687735.6768901,
  "datetime": "2026-06-17T11:15:35.676890",
  "model_id": "gemma3-1b-it",
  "prompt_tokens": 12917,
  "completion_tokens": 635,
  "px_metrics": {
    "phi": 0.9981692433357239,
    "steps": 2,
    "path": [
      "L7",
      "L8",
      "L7"
    ],
    "zone": "MATH",
    "zone_weights": {
      "math": 0.6680737045153272,
      "logic_a": 0.18254651465523977,
      "logic_b": 0.09127325732761989,
      "creative": 0.01246989283800316,
      "synthesis": 0.04563662866380994
    },
    "cognitive_signature": {
      "kurtosis": 1112.9569091796875,
      "phi": 