{
  "timestamp": 1781485319.219531,
  "datetime": "2026-06-15T03:01:59.219532",
  "model_id": "gemma3-1b-it",
  "prompt_tokens": 6993,
  "completion_tokens": 79,
  "px_metrics": {
    "phi": 0.998306393623352,
    "steps": 2,
    "path": [
      "L7",
      "L8",
      "L7"
    ],
    "zone": "MATH",
    "zone_weights": {
      "math": 0.5686372597667202,
      "logic_a": 0.2328694048996368,
      "logic_b": 0.1164347024498184,
      "creative": 0.023841279658915488,
      "synthesis": 0.0582173512249092
    },
    "cognitive_signature": {
      "kurtosis": 1104.2205810546875,
      "phi": 