{
  "timestamp": 1781485055.3125062,
  "datetime": "2026-06-15T02:57:35.312506",
  "model_id": "gemma3-1b-it",
  "prompt_tokens": 6623,
  "completion_tokens": 27,
  "px_metrics": {
    "phi": 0.9983134269714355,
    "steps": 2,
    "path": [
      "L7",
      "L8",
      "L7"
    ],
    "zone": "MATH",
    "zone_weights": {
      "math": 0.5728575811936323,
      "logic_a": 0.2307977052269737,
      "logic_b": 0.11539885261348685,
      "creative": 0.02324643265916386,
      "synthesis": 0.05769942630674343
    },
    "cognitive_signature": {
      "kurtosis": 1091.1431884765625,
      "phi": 