{
  "timestamp": 1781383904.4163616,
  "datetime": "2026-06-13T22:51:44.416362",
  "model_id": "gemma3-1b-it",
  "prompt_tokens": 4555,
  "completion_tokens": 172,
  "px_metrics": {
    "phi": 0.9983538389205933,
    "steps": 2,
    "path": [
      "L8",
      "L9",
      "L8"
    ],
    "zone": "MATH",
    "zone_weights": {
      "math": 0.4689411022025743,
      "logic_a": 0.2796400045236883,
      "logic_b": 0.13982000226184416,
      "creative": 0.041688887880971054,
      "synthesis": 0.06991000113092208
    },
    "cognitive_signature": {
      "kurtosis": 1089.5394287109375,
      "phi": 