{
  "timestamp": 1781772937.3916018,
  "datetime": "2026-06-18T10:55:37.391603",
  "model_id": "gemma3-1b-it",
  "prompt_tokens": 19115,
  "completion_tokens": 101,
  "px_metrics": {
    "phi": 0.9982417225837708,
    "steps": 2,
    "path": [
      "L7",
      "L8",
      "L7"
    ],
    "zone": "MATH",
    "zone_weights": {
      "math": 0.7510015675614671,
      "logic_a": 0.1386291215176513,
      "logic_b": 0.06931456075882565,
      "creative": 0.006397467782643074,
      "synthesis": 0.034657280379412826
    },
    "cognitive_signature": {
      "kurtosis": 1103.8111572265625,
      "phi": 