{
  "timestamp": 1781474020.193367,
  "datetime": "2026-06-14T23:53:40.193367",
  "model_id": "gemma3-270m",
  "prompt_tokens": 10,
  "completion_tokens": 214,
  "px_metrics": {
    "phi": 0.9573665261268616,
    "steps": 10,
    "path": [
      "L7",
      "L7",
      "L8",
      "L9",
      "L10",
      "L11",
      "L9",
      "L10",
      "L11",
      "L9",
      "L7"
    ],
    "zone": "MATH",
    "zone_weights": {
      "math": 0.2,
      "logic_a": 0.2,
      "logic_b": 0.2,
      "creative": 0.2,
      "synthesis": 0.2
    },
    "cognitive_signature": {
      "kurtosis": 405.2462158203125,
      "phi": 