{
  "timestamp": 1782241975.003841,
  "datetime": "2026-06-23T21:12:55.003844",
  "model_id": "gemma3-4b-it",
  "prompt_tokens": 6640,
  "completion_tokens": 64,
  "px_metrics": {
    "phi": 0.9963651895523071,
    "steps": 8,
    "path": [
      "L8",
      "L9",
      "L10",
      "L11",
      "L12",
      "L13",
      "L14",
      "L15",
      "L8"
    ],
    "zone": "MATH",
    "zone_weights": {
      "math": 0.2,
      "logic_a": 0.2,
      "logic_b": 0.2,
      "creative": 0.2,
      "synthesis": 0.2
    },
    "cognitive_signature": {
      "kurtosis": 2387.317138671875,
      "phi": 