{
  "timestamp": 1781268744.4082952,
  "datetime": "2026-06-12T14:52:24.408296",
  "model_id": "gemma4-e2b-it",
  "prompt_tokens": 16,
  "completion_tokens": 1002,
  "px_metrics": {
    "phi": 0.020927364006638527,
    "steps": 0,
    "path": [],
    "zone": "logic_a",
    "zone_weights": {
      "math": 0.13348814702932263,
      "logic_a": 0.3819535706742036,
      "logic_b": 0.2900392379729352,
      "creative": 0.14756915215833608,
      "synthesis": 0.04694989116520258
    },
    "cognitive_signature": {
      "kurtosis": 263.60943603515625,
      "phi": 