{
  "timestamp": 1782285530.466337,
  "datetime": "2026-06-24T09:18:50.466341",
  "model_id": "gemma3-4b-it",
  "prompt_tokens": 7902,
  "completion_tokens": 12,
  "px_metrics": {
    "phi": 0.9967679381370544,
    "steps": 8,
    "path": [
      "L8",
      "L9",
      "L10",
      "L11",
      "L12",
      "L13",
      "L14",
      "L15",
      "L8"
    ],
    "zone": "MATH",
    "zone_weights": {
      "math": 0.2,
      "logic_a": 0.2,
      "logic_b": 0.2,
      "creative": 0.2,
      "synthesis": 0.2
    },
    "cognitive_signature": {
      "kurtosis": 2237.67333984375,
      "phi": 