{
  "timestamp": 1781814798.9001653,
  "datetime": "2026-06-18T22:33:18.900166",
  "model_id": "gemma3-1b-it",
  "prompt_tokens": 18,
  "completion_tokens": 91,
  "px_metrics": {
    "phi": 0.9432342648506165,
    "steps": 1,
    "path": [
      "L9",
      "L9"
    ],
    "zone": "CREATIVE",
    "zone_weights": {
      "math": 0.011939267943430795,
      "logic_a": 0.179420783474159,
      "logic_b": 0.0897103917370795,
      "creative": 0.6740743589767909,
      "synthesis": 0.04485519586853975
    },
    "cognitive_signature": {
      "kurtosis": 1099.5667724609375,
      "phi": 