{
  "timestamp": 1781488390.7138953,
  "datetime": "2026-06-15T03:53:10.713896",
  "model_id": "gemma3-1b-it",
  "prompt_tokens": 4183,
  "completion_tokens": 83,
  "px_metrics": {
    "phi": 0.9979458451271057,
    "steps": 2,
    "path": [
      "L8",
      "L9",
      "L8"
    ],
    "zone": "MATH",
    "zone_weights": {
      "math": 0.45132298706426943,
      "logic_a": 0.2873871037170137,
      "logic_b": 0.14369355185850685,
      "creative": 0.0457495794309566,
      "synthesis": 0.07184677592925343
    },
    "cognitive_signature": {
      "kurtosis": 1096.4990234375,
      "phi": 