{
  "timestamp": 1781483325.7376628,
  "datetime": "2026-06-15T02:28:45.737663",
  "model_id": "gemma3-1b-it",
  "prompt_tokens": 3457,
  "completion_tokens": 96,
  "px_metrics": {
    "phi": 0.9982703328132629,
    "steps": 2,
    "path": [
      "L8",
      "L9",
      "L8"
    ],
    "zone": "MATH",
    "zone_weights": {
      "math": 0.47500928364369205,
      "logic_a": 0.27693035609032524,
      "logic_b": 0.13846517804516262,
      "creative": 0.04036259119823876,
      "synthesis": 0.06923258902258131
    },
    "cognitive_signature": {
      "kurtosis": 1086.7525634765625,
      "phi": 