{
  "timestamp": 1781472200.8876777,
  "datetime": "2026-06-14T23:23:20.887678",
  "model_id": "gemma3-1b-it",
  "prompt_tokens": 627,
  "completion_tokens": 135,
  "px_metrics": {
    "phi": 0.9972240328788757,
    "steps": 1,
    "path": [
      "L8",
      "L8"
    ],
    "zone": "LOGIC_A",
    "zone_weights": {
      "math": 0.14501912574561843,
      "logic_a": 0.36052206061924386,
      "logic_b": 0.18026103030962193,
      "creative": 0.22406726617070505,
      "synthesis": 0.09013051515481096
    },
    "cognitive_signature": {
      "kurtosis": 1097.40869140625,
      "phi": 