{
  "timestamp": 1781686056.1810966,
  "datetime": "2026-06-17T10:47:36.181097",
  "model_id": "gemma3-270m",
  "prompt_tokens": 11993,
  "completion_tokens": 601,
  "px_metrics": {
    "phi": 0.9590283632278442,
    "steps": 6,
    "path": [
      "L7",
      "L7",
      "L8",
      "L9",
      "L10",
      "L9",
      "L7"
    ],
    "zone": "MATH",
    "zone_weights": {
      "math": 0.2,
      "logic_a": 0.2,
      "logic_b": 0.2,
      "creative": 0.2,
      "synthesis": 0.2
    },
    "cognitive_signature": {
      "kurtosis": 560.0696411132812,
      "phi": 