{
  "timestamp": 1781385982.8947349,
  "datetime": "2026-06-13T23:26:22.894735",
  "model_id": "gemma3-1b-it",
  "prompt_tokens": 6640,
  "completion_tokens": 234,
  "px_metrics": {
    "phi": 0.997744083404541,
    "steps": 2,
    "path": [
      "L7",
      "L8",
      "L7"
    ],
    "zone": "MATH",
    "zone_weights": {
      "math": 0.559936352746786,
      "logic_a": 0.23711997265573836,
      "logic_b": 0.11855998632786918,
      "creative": 0.02510369310567184,
      "synthesis": 0.05927999316393459
    },
    "cognitive_signature": {
      "kurtosis": 1103.7144775390625,
      "phi": 