{
  "timestamp": 1781372764.7096162,
  "datetime": "2026-06-13T19:46:04.709616",
  "model_id": "gemma3-1b-it",
  "prompt_tokens": 1655,
  "completion_tokens": 65,
  "px_metrics": {
    "phi": 0.9977699518203735,
    "steps": 7,
    "path": [
      "L8",
      "L9",
      "L10",
      "L11",
      "L12",
      "L13",
      "L14",
      "L8"
    ],
    "zone": "LOGIC_A",
    "zone_weights": {
      "math": 0.15291660896250106,
      "logic_a": 0.3617758268621294,
      "logic_b": 0.1808879134310647,
      "creative": 0.21397569202877248,
      "synthesis": 0.09044395671553235
    },
    "cognitive_signature": {
      "kurtosis": 1086.0675048828125,
      "phi": 