{
  "timestamp": 1781373575.9639413,
  "datetime": "2026-06-13T19:59:35.963942",
  "model_id": "gemma3-1b-it",
  "prompt_tokens": 1521,
  "completion_tokens": 34,
  "px_metrics": {
    "phi": 0.9976204037666321,
    "steps": 7,
    "path": [
      "L8",
      "L9",
      "L10",
      "L11",
      "L12",
      "L13",
      "L14",
      "L8"
    ],
    "zone": "LOGIC_A",
    "zone_weights": {
      "math": 0.3142401647633952,
      "logic_a": 0.33947260190722545,
      "logic_b": 0.16973630095361272,
      "creative": 0.09168277989896033,
      "synthesis": 0.08486815047680636
    },
    "cognitive_signature": {
      "kurtosis": 1099.382080078125,
      "phi": 