{
  "timestamp": 1782073608.2728424,
  "datetime": "2026-06-21T22:26:48.272843",
  "model_id": "gemma3-270m",
  "prompt_tokens": 23067,
  "completion_tokens": 137,
  "px_metrics": {
    "phi": 0.8686861395835876,
    "steps": 1,
    "path": [
      "L7",
      "L7"
    ],
    "zone": "MATH",
    "zone_weights": {
      "math": 0.2,
      "logic_a": 0.2,
      "logic_b": 0.2,
      "creative": 0.2,
      "synthesis": 0.2
    },
    "cognitive_signature": {
      "kurtosis": 552.1829223632812,
      "phi": 