{
  "timestamp": 1781328624.7821164,
  "datetime": "2026-06-13T07:30:24.782117",
  "model_id": "gemma3-270m-it",
  "prompt_tokens": 45,
  "completion_tokens": 25,
  "px_metrics": {
    "phi": 0.8561966419219971,
    "steps": 12,
    "path": [
      "L7",
      "L7",
      "L8",
      "L9",
      "L10",
      "L11",
      "L9",
      "L10",
      "L11",
      "L9",
      "L7",
      "L8",
      "L7"
    ],
    "zone": "MATH",
    "zone_weights": {
      "math": 0.2,
      "logic_a": 0.2,
      "logic_b": 0.2,
      "creative": 0.2,
      "synthesis": 0.2
    },
    "cognitive_signature": {
      "kurtosis": 265.96905517578125,
      "phi": 