{
  "timestamp": 1781328027.5889533,
  "datetime": "2026-06-13T07:20:27.588954",
  "model_id": "gemma3-1b-it",
  "prompt_tokens": 1242,
  "completion_tokens": 159,
  "px_metrics": {
    "phi": 0.9904372096061707,
    "steps": 7,
    "path": [
      "L8",
      "L9",
      "L10",
      "L11",
      "L12",
      "L13",
      "L14",
      "L8"
    ],
    "zone": "MATH",
    "zone_weights": {
      "math": 0.2,
      "logic_a": 0.2,
      "logic_b": 0.2,
      "creative": 0.2,
      "synthesis": 0.2
    },
    "cognitive_signature": {
      "kurtosis": 1105.9061279296875,
      "phi": 