{
  "timestamp": 1781988822.2845275,
  "datetime": "2026-06-20T22:53:42.284528",
  "model_id": "gemma3-1b-it",
  "prompt_tokens": 11825,
  "completion_tokens": 276,
  "px_metrics": {
    "phi": 0.9982415437698364,
    "steps": 2,
    "path": [
      "L7",
      "L8",
      "L7"
    ],
    "zone": "MATH",
    "zone_weights": {
      "math": 0.7090669606009247,
      "logic_a": 0.16102356519767091,
      "logic_b": 0.08051178259883546,
      "creative": 0.009141798303151243,
      "synthesis": 0.04025589129941773
    },
    "cognitive_signature": {
      "kurtosis": 1108.0869140625,
      "phi": 