{
  "timestamp": 1781477563.344529,
  "datetime": "2026-06-15T00:52:43.344529",
  "model_id": "gemma3-1b-it",
  "prompt_tokens": 3463,
  "completion_tokens": 41,
  "px_metrics": {
    "phi": 0.998296320438385,
    "steps": 6,
    "path": [
      "L8",
      "L9",
      "L10",
      "L11",
      "L12",
      "L13",
      "L8"
    ],
    "zone": "MATH",
    "zone_weights": {
      "math": 0.4743754546398271,
      "logic_a": 0.2772143365451969,
      "logic_b": 0.13860716827259845,
      "creative": 0.040499454406078474,
      "synthesis": 0.06930358413629922
    },
    "cognitive_signature": {
      "kurtosis": 1092.508056640625,
      "phi": 