{
  "timestamp": 1781484761.279236,
  "datetime": "2026-06-15T02:52:41.279236",
  "model_id": "gemma3-1b-it",
  "prompt_tokens": 6117,
  "completion_tokens": 91,
  "px_metrics": {
    "phi": 0.998336136341095,
    "steps": 2,
    "path": [
      "L7",
      "L8",
      "L7"
    ],
    "zone": "MATH",
    "zone_weights": {
      "math": 0.5811327800617014,
      "logic_a": 0.22671711540302522,
      "logic_b": 0.11335855770151261,
      "creative": 0.02211226598300445,
      "synthesis": 0.056679278850756305
    },
    "cognitive_signature": {
      "kurtosis": 1093.2930908203125,
      "phi": 