{
  "timestamp": 1781199632.4785216,
  "datetime": "2026-06-11T19:40:32.478522",
  "model_id": "gemma3-1b-it",
  "prompt_tokens": 88,
  "completion_tokens": 92,
  "px_metrics": {
    "phi": 0.9932618737220764,
    "steps": 8,
    "path": [
      "L8",
      "L9",
      "L10",
      "L11",
      "L12",
      "L13",
      "L14",
      "L15",
      "L8"
    ],
    "zone": "creative",
    "zone_weights": {
      "math": 0.25751371929666556,
      "logic_a": 0.12994687057297746,
      "logic_b": 0.09723559036925285,
      "creative": 0.3182432656207223,
      "synthesis": 0.19706055314038182
    },
    "cognitive_signature": {
      "kurtosis": 1107.0540771484375,
      "phi": 