{
  "timestamp": 1781772393.3355293,
  "datetime": "2026-06-18T10:46:33.335530",
  "model_id": "gemma3-1b-it",
  "prompt_tokens": 18574,
  "completion_tokens": 124,
  "px_metrics": {
    "phi": 0.9980427026748657,
    "steps": 2,
    "path": [
      "L7",
      "L8",
      "L7"
    ],
    "zone": "MATH",
    "zone_weights": {
      "math": 0.7464596233074471,
      "logic_a": 0.14107153467845737,
      "logic_b": 0.07053576733922869,
      "creative": 0.006665189005252608,
      "synthesis": 0.03526788366961434
    },
    "cognitive_signature": {
      "kurtosis": 1101.05810546875,
      "phi": 