{
  "timestamp": 1781471885.7862377,
  "datetime": "2026-06-14T23:18:05.786238",
  "model_id": "gemma3-1b-it",
  "prompt_tokens": 78,
  "completion_tokens": 66,
  "px_metrics": {
    "phi": 0.996111273765564,
    "steps": 7,
    "path": [
      "L9",
      "L10",
      "L11",
      "L12",
      "L13",
      "L14",
      "L15",
      "L9"
    ],
    "zone": "CREATIVE",
    "zone_weights": {
      "math": 0.018061655633751086,
      "logic_a": 0.21053220157668767,
      "logic_b": 0.10526610078834384,
      "creative": 0.6135069896070455,
      "synthesis": 0.05263305039417192
    },
    "cognitive_signature": {
      "kurtosis": 1085.933837890625,
      "phi": 