{
  "timestamp": 1781382783.4988332,
  "datetime": "2026-06-13T22:33:03.498833",
  "model_id": "gemma3-1b-it",
  "prompt_tokens": 2581,
  "completion_tokens": 224,
  "px_metrics": {
    "phi": 0.9973568320274353,
    "steps": 1,
    "path": [
      "L8",
      "L8"
    ],
    "zone": "LOGIC_A",
    "zone_weights": {
      "math": 0.28661852025775153,
      "logic_a": 0.34746948638266867,
      "logic_b": 0.17373474319133433,
      "creative": 0.10530987657257843,
      "synthesis": 0.08686737159566717
    },
    "cognitive_signature": {
      "kurtosis": 1094.2926025390625,
      "phi": 