{
  "timestamp": 1781484796.1253016,
  "datetime": "2026-06-15T02:53:16.125302",
  "model_id": "gemma3-1b-it",
  "prompt_tokens": 6222,
  "completion_tokens": 72,
  "px_metrics": {
    "phi": 0.9982836842536926,
    "steps": 2,
    "path": [
      "L7",
      "L8",
      "L7"
    ],
    "zone": "MATH",
    "zone_weights": {
      "math": 0.5848665448445327,
      "logic_a": 0.22486814629136012,
      "logic_b": 0.11243407314568006,
      "creative": 0.021614197145587183,
      "synthesis": 0.05621703657284003
    },
    "cognitive_signature": {
      "kurtosis": 1095.209716796875,
      "phi": 