{
  "timestamp": 1781273506.790677,
  "datetime": "2026-06-12T16:11:46.790677",
  "model_id": "gemma4-e2b-it",
  "prompt_tokens": 1336,
  "completion_tokens": 989,
  "px_metrics": {
    "phi": 0.00862952508032322,
    "steps": 0,
    "path": [],
    "zone": "math",
    "zone_weights": {
      "math": 0.5085036044742841,
      "logic_a": 0.1029343989982491,
      "logic_b": 0.05146720290603703,
      "creative": 0.3113611931197952,
      "synthesis": 0.0257335995016325
    },
    "cognitive_signature": {
      "kurtosis": 455.8799133300781,
      "phi": 