{
  "timestamp": 1781000114.3700562,
  "datetime": "2026-06-09T12:15:14.370059",
  "model_id": "gemma4-e2b-it",
  "prompt_tokens": 35,
  "completion_tokens": 1,
  "px_metrics": {
    "phi": 0.7199415564537048,
    "steps": 9,
    "path": [
      "L9",
      "L9",
      "L9",
      "L9",
      "L10",
      "L9",
      "L9",
      "L10",
      "L9"
    ],
    "zone": "logic_b (Standard)",
    "zone_weights": {
      "math": 0.04147026150432662,
      "logic_a": 0.3220964522697993,
      "logic_b": 0.4510882446064921,
      "creative": 0.17876407772810246,
      "synthesis": 0.006580963433329349
    },
    "cognitive_signature": {
      "kurtosis": 254.86546325683594,
      "phi": 