{
  "timestamp": 1781484688.4079397,
  "datetime": "2026-06-15T02:51:28.407940",
  "model_id": "gemma3-1b-it",
  "prompt_tokens": 5933,
  "completion_tokens": 78,
  "px_metrics": {
    "phi": 0.9978442192077637,
    "steps": 2,
    "path": [
      "L7",
      "L8",
      "L7"
    ],
    "zone": "MATH",
    "zone_weights": {
      "math": 0.573853736129006,
      "logic_a": 0.23030777205638836,
      "logic_b": 0.11515388602819418,
      "creative": 0.023107660772314475,
      "synthesis": 0.05757694301409709
    },
    "cognitive_signature": {
      "kurtosis": 1098.220703125,
      "phi": 