{
  "timestamp": 1782656833.2237885,
  "datetime": "2026-06-28T16:27:13.223791",
  "model_id": "gemma3-1b-it",
  "prompt_tokens": 12,
  "completion_tokens": 30,
  "px_metrics": {
    "phi": 0.9831210970878601,
    "steps": 7,
    "path": [
      "L9",
      "L10",
      "L11",
      "L12",
      "L13",
      "L14",
      "L15",
      "L9"
    ],
    "zone": "CREATIVE",
    "zone_weights": {
      "math": 0.0253927259405032,
      "logic_a": 0.23806647137566236,
      "logic_b": 0.11903323568783118,
      "creative": 0.5579909471520876,
      "synthesis": 0.05951661784391559
    },
    "cognitive_signature": {
      "kurtosis": 1112.759521484375,
      "phi": 