{
  "timestamp": 1782392847.042001,
  "datetime": "2026-06-25T15:07:27.042001",
  "model_id": "gemma3-270m",
  "prompt_tokens": 12297,
  "completion_tokens": 391,
  "px_metrics": {
    "phi": 0.9435837864875793,
    "steps": 6,
    "path": [
      "L7",
      "L7",
      "L8",
      "L9",
      "L10",
      "L9",
      "L7"
    ],
    "zone": "MATH",
    "zone_weights": {
      "math": 0.2,
      "logic_a": 0.2,
      "logic_b": 0.2,
      "creative": 0.2,
      "synthesis": 0.2
    },
    "cognitive_signature": {
      "kurtosis": 397.7723083496094,
      "phi": 