{
  "timestamp": 1781485006.5828755,
  "datetime": "2026-06-15T02:56:46.582876",
  "model_id": "gemma3-1b-it",
  "prompt_tokens": 6462,
  "completion_tokens": 107,
  "px_metrics": {
    "phi": 0.9982638359069824,
    "steps": 2,
    "path": [
      "L7",
      "L8",
      "L7"
    ],
    "zone": "MATH",
    "zone_weights": {
      "math": 0.5787200407787098,
      "logic_a": 0.22790934689164127,
      "logic_b": 0.11395467344582064,
      "creative": 0.022438600160917987,
      "synthesis": 0.05697733672291032
    },
    "cognitive_signature": {
      "kurtosis": 1094.38037109375,
      "phi": 