{
  "timestamp": 1781488245.1659873,
  "datetime": "2026-06-15T03:50:45.165988",
  "model_id": "gemma3-1b-it",
  "prompt_tokens": 4120,
  "completion_tokens": 18,
  "px_metrics": {
    "phi": 0.9979451298713684,
    "steps": 2,
    "path": [
      "L8",
      "L9",
      "L8"
    ],
    "zone": "MATH",
    "zone_weights": {
      "math": 0.4441104994010791,
      "logic_a": 0.29050447203229524,
      "logic_b": 0.14525223601614762,
      "creative": 0.04750667254240417,
      "synthesis": 0.07262611800807381
    },
    "cognitive_signature": {
      "kurtosis": 1084.76416015625,
      "phi": 