{
  "timestamp": 1782656886.039494,
  "datetime": "2026-06-28T16:28:06.039496",
  "model_id": "gemma3-1b-it",
  "prompt_tokens": 17,
  "completion_tokens": 15,
  "px_metrics": {
    "phi": 0.9703630805015564,
    "steps": 1,
    "path": [
      "L9",
      "L9"
    ],
    "zone": "CREATIVE",
    "zone_weights": {
      "math": 0.014999971767822643,
      "logic_a": 0.19620902499709342,
      "logic_b": 0.09810451249854671,
      "creative": 0.6416342324872638,
      "synthesis": 0.049052256249273354
    },
    "cognitive_signature": {
      "kurtosis": 1110.3724365234375,
      "phi": 