{
  "timestamp": 1781247933.686326,
  "datetime": "2026-06-12T09:05:33.686326",
  "model_id": "gemma4-e2b-it",
  "prompt_tokens": 46,
  "completion_tokens": 983,
  "px_metrics": {
    "phi": 0.022659219801425934,
    "steps": 0,
    "path": [],
    "zone": "creative",
    "zone_weights": {
      "math": 0.20590672032039337,
      "logic_a": 0.30937460202522127,
      "logic_b": 0.1304453503873268,
      "creative": 0.3284569497319263,
      "synthesis": 0.02581637653513233
    },
    "cognitive_signature": {
      "kurtosis": 295.7379150390625,
      "phi": 