{
  "timestamp": 1781660492.5828204,
  "datetime": "2026-06-17T03:41:32.582821",
  "model_id": "gemma3-1b-it",
  "prompt_tokens": 840,
  "completion_tokens": 187,
  "px_metrics": {
    "phi": 0.9970077276229858,
    "steps": 6,
    "path": [
      "L9",
      "L10",
      "L11",
      "L12",
      "L13",
      "L14",
      "L9"
    ],
    "zone": "LOGIC_A",
    "zone_weights": {
      "math": 0.12936319253263187,
      "logic_a": 0.3568677349396199,
      "logic_b": 0.17843386746980994,
      "creative": 0.24611826932303332,
      "synthesis": 0.08921693373490497
    },
    "cognitive_signature": {
      "kurtosis": 1102.8692626953125,
      "phi": 