{
  "timestamp": 1781216454.8737264,
  "datetime": "2026-06-12T00:20:54.873727",
  "model_id": "gemma4-e2b-it",
  "prompt_tokens": 14,
  "completion_tokens": 990,
  "px_metrics": {
    "phi": 0.01178740058094263,
    "steps": 0,
    "path": [],
    "zone": "creative",
    "zone_weights": {
      "math": 0.12550889486590233,
      "logic_a": 0.17993244817636206,
      "logic_b": 0.14685627011434169,
      "creative": 0.3766827829919085,
      "synthesis": 0.17101960285148532
    },
    "cognitive_signature": {
      "kurtosis": 198.51649475097656,
      "phi": 