{
  "timestamp": 1782283248.0574534,
  "datetime": "2026-06-24T08:40:48.057457",
  "model_id": "gemma3-4b-it",
  "prompt_tokens": 7902,
  "completion_tokens": 32,
  "px_metrics": {
    "phi": 0.9977708458900452,
    "steps": 8,
    "path": [
      "L8",
      "L9",
      "L10",
      "L11",
      "L12",
      "L13",
      "L14",
      "L15",
      "L8"
    ],
    "zone": "MATH",
    "zone_weights": {
      "math": 0.2,
      "logic_a": 0.2,
      "logic_b": 0.2,
      "creative": 0.2,
      "synthesis": 0.2
    },
    "cognitive_signature": {
      "kurtosis": 2356.7431640625,
      "phi": 