{
  "timestamp": 1781383202.8495266,
  "datetime": "2026-06-13T22:40:02.849527",
  "model_id": "gemma3-1b-it",
  "prompt_tokens": 3446,
  "completion_tokens": 298,
  "px_metrics": {
    "phi": 0.9979413151741028,
    "steps": 2,
    "path": [
      "L8",
      "L9",
      "L8"
    ],
    "zone": "MATH",
    "zone_weights": {
      "math": 0.3904036402541848,
      "logic_a": 0.31258646311975097,
      "logic_b": 0.15629323155987548,
      "creative": 0.06257004728625096,
      "synthesis": 0.07814661577993774
    },
    "cognitive_signature": {
      "kurtosis": 1102.5615234375,
      "phi": 