{
  "timestamp": 1781779024.8980737,
  "datetime": "2026-06-18T12:37:04.898074",
  "model_id": "gemma3-1b-it",
  "prompt_tokens": 26837,
  "completion_tokens": 134,
  "px_metrics": {
    "phi": 0.9980303049087524,
    "steps": 2,
    "path": [
      "L7",
      "L8",
      "L7"
    ],
    "zone": "MATH",
    "zone_weights": {
      "math": 0.8006799157639657,
      "logic_a": 0.11167217469883448,
      "logic_b": 0.05583608734941724,
      "creative": 0.0038937765130739425,
      "synthesis": 0.02791804367470862
    },
    "cognitive_signature": {
      "kurtosis": 1096.010986328125,
      "phi": 