{
  "timestamp": 1781506615.9357786,
  "datetime": "2026-06-15T08:56:55.935779",
  "model_id": "gemma3-1b-it",
  "prompt_tokens": 823,
  "completion_tokens": 55,
  "px_metrics": {
    "phi": 0.9975866675376892,
    "steps": 7,
    "path": [
      "L8",
      "L9",
      "L10",
      "L11",
      "L12",
      "L13",
      "L14",
      "L8"
    ],
    "zone": "LOGIC_A",
    "zone_weights": {
      "math": 0.21537089477624535,
      "logic_a": 0.36161959787818354,
      "logic_b": 0.18080979893909177,
      "creative": 0.15179480693693354,
      "synthesis": 0.09040489946954589
    },
    "cognitive_signature": {
      "kurtosis": 1097.1309814453125,
      "phi": 