{
  "timestamp": 1781486114.2750795,
  "datetime": "2026-06-15T03:15:14.275080",
  "model_id": "gemma3-1b-it",
  "prompt_tokens": 1153,
  "completion_tokens": 379,
  "px_metrics": {
    "phi": 0.9978707432746887,
    "steps": 2,
    "path": [
      "L8",
      "L9",
      "L8"
    ],
    "zone": "LOGIC_A",
    "zone_weights": {
      "math": 0.20106279476715624,
      "logic_a": 0.3629421698425467,
      "logic_b": 0.18147108492127334,
      "creative": 0.16378840600838712,
      "synthesis": 0.09073554246063667
    },
    "cognitive_signature": {
      "kurtosis": 1096.658203125,
      "phi": 