{
  "timestamp": 1782651669.1553288,
  "datetime": "2026-06-28T15:01:09.155332",
  "model_id": "gemma3-1b-it",
  "prompt_tokens": 18,
  "completion_tokens": 11,
  "px_metrics": {
    "phi": 0.9603252410888672,
    "steps": 1,
    "path": [
      "L10",
      "L10"
    ],
    "zone": "CREATIVE",
    "zone_weights": {
      "math": 0.005313149625040868,
      "logic_a": 0.12798328016831534,
      "logic_b": 0.06399164008415767,
      "creative": 0.7707161080804072,
      "synthesis": 0.031995820042078835
    },
    "cognitive_signature": {
      "kurtosis": 1092.5882568359375,
      "phi": 