{
  "timestamp": 1781162944.5406842,
  "datetime": "2026-06-11T09:29:04.540685",
  "model_id": "gemma3-270m-it",
  "prompt_tokens": 55,
  "completion_tokens": 19,
  "px_metrics": {
    "phi": 0.9686227440834045,
    "steps": 74,
    "path": [
      "L5",
      "L5",
      "L6",
      "L7",
      "L8",
      "L9",
      "L10",
      "L5",
      "L6",
      "L10",
      "L10",
      "L10",
      "L10",
      "L10",
      "L10",
      "L10",
      "L10",
      "L10",
      "L10",
      "L10",
      "L10",
      "L10",
      "L10",
      "L10",
      "L10",
      "L10",
      "L10",
      "L10",
      "L10",
      "L10",
      "L10",
      "L10",
      "L10",
      "L10",
      "L10",
      "L10",
      "L10",
      "L10",
      "L10",
      "L10",
      "L10",
      "L10",
      "L10",
      "L10",
      "L10",
      "L10",
      "L10",
      "L10",
      "L10",
      "L10",
      "L10",
      "L10",
      "L10",
      "L10",
      "L10",
      "L10",
      "L10",
      "L10",
      "L10",
      "L10",
      "L10",
      "L10",
      "L10",
      "L10",
      "L10",
      "L10",
      "L10",
      "L10",
      "L10",
      "L10",
      "L10",
      "L10",
      "L10",
      "L10"
    ],
    "zone": "math (Standard)",
    "zone_weights": {
      "math": 0.9066746055628101,
      "logic_a": 0.049968705309505354,
      "logic_b": 0.02497455412658114,
      "creative": 0.005907149230975515,
      "synthesis": 0.012474984770127944
    },
    "cognitive_signature": {
      "kurtosis": 305.8362121582031,
      "phi": 