{
  "timestamp": 1781980940.312882,
  "datetime": "2026-06-20T20:42:20.312882",
  "model_id": "gemma3-1b-it",
  "prompt_tokens": 7485,
  "completion_tokens": 365,
  "px_metrics": {
    "phi": 0.9983142018318176,
    "steps": 2,
    "path": [
      "L7",
      "L8",
      "L7"
    ],
    "zone": "MATH",
    "zone_weights": {
      "math": 0.6711988138021295,
      "logic_a": 0.18091976030539425,
      "logic_b": 0.09045988015269713,
      "creative": 0.01219160366343062,
      "synthesis": 0.04522994007634856
    },
    "cognitive_signature": {
      "kurtosis": 1103.2598876953125,
      "phi": 