{
  "timestamp": 1781068984.1448607,
  "datetime": "2026-06-10T07:23:04.144863",
  "model_id": "gemma3-1b-it",
  "prompt_tokens": 11,
  "completion_tokens": 5,
  "px_metrics": {
    "phi": 0.990801215171814,
    "steps": 87,
    "path": [
      "L8",
      "L8",
      "L8",
      "L9",
      "L10",
      "L11",
      "L12",
      "L13",
      "L14",
      "L8",
      "L12",
      "L13",
      "L14",
      "L8",
      "L12",
      "L12",
      "L12",
      "L12",
      "L12",
      "L12",
      "L12",
      "L12",
      "L12",
      "L12",
      "L12",
      "L12",
      "L12",
      "L12",
      "L12",
      "L12",
      "L12",
      "L12",
      "L12",
      "L12",
      "L12",
      "L12",
      "L12",
      "L12",
      "L12",
      "L12",
      "L12",
      "L12",
      "L12",
      "L12",
      "L12",
      "L12",
      "L12",
      "L12",
      "L12",
      "L12",
      "L12",
      "L12",
      "L12",
      "L12",
      "L12",
      "L12",
      "L12",
      "L12",
      "L12",
      "L12",
      "L12",
      "L12",
      "L12",
      "L12",
      "L12",
      "L12",
      "L12",
      "L12",
      "L12",
      "L12",
      "L12",
      "L12",
      "L12",
      "L12",
      "L12",
      "L12",
      "L12",
      "L12",
      "L12",
      "L12",
      "L12",
      "L12",
      "L12",
      "L12",
      "L12",
      "L12",
      "L12"
    ],
    "zone": "synthesis (Standard)",
    "zone_weights": {
      "math": 0.315797966642065,
      "logic_a": 0.10067646445391956,
      "logic_b": 0.05197715785255725,
      "creative": 0.1972107318032949,
      "synthesis": 0.33433767824816324
    },
    "cognitive_signature": {
      "kurtosis": 1103.908935546875,
      "phi": 