{
  "timestamp": 1781983932.450681,
  "datetime": "2026-06-20T21:32:12.450681",
  "model_id": "gemma3-1b-it",
  "prompt_tokens": 8933,
  "completion_tokens": 374,
  "px_metrics": {
    "phi": 0.9982813000679016,
    "steps": 2,
    "path": [
      "L7",
      "L8",
      "L7"
    ],
    "zone": "MATH",
    "zone_weights": {
      "math": 0.6803110181529162,
      "logic_a": 0.17616279072903546,
      "logic_b": 0.08808139536451773,
      "creative": 0.011404096071271644,
      "synthesis": 0.044040697682258864
    },
    "cognitive_signature": {
      "kurtosis": 1104.740234375,
      "phi": 