{
  "timestamp": 1781066286.7471728,
  "datetime": "2026-06-10T06:38:06.747176",
  "model_id": "gemma3-1b-it",
  "prompt_tokens": 15,
  "completion_tokens": 3,
  "px_metrics": {
    "phi": 0.9941213130950928,
    "steps": 86,
    "path": [
      "L8",
      "L8",
      "L9",
      "L10",
      "L11",
      "L12",
      "L13",
      "L14",
      "L8",
      "L12",
      "L12",
      "L12",
      "L12",
      "L12",
      "L12",
      "L12",
      "L12",
      "L12",
      "L12",
      "L12",
      "L12",
      "L12",
      "L12",
      "L12",
      "L12",
      "L12",
      "L12",
      "L12",
      "L12",
      "L12",
      "L12",
      "L12",
      "L12",
      "L12",
      "L12",
      "L12",
      "L12",
      "L12",
      "L12",
      "L12",
      "L12",
      "L12",
      "L12",
      "L12",
      "L12",
      "L12",
      "L12",
      "L12",
      "L12",
      "L12",
      "L12",
      "L12",
      "L12",
      "L12",
      "L12",
      "L12",
      "L12",
      "L12",
      "L12",
      "L12",
      "L12",
      "L12",
      "L12",
      "L12",
      "L12",
      "L12",
      "L12",
      "L12",
      "L12",
      "L12",
      "L12",
      "L12",
      "L12",
      "L12",
      "L12",
      "L12",
      "L12",
      "L12",
      "L12",
      "L12",
      "L12",
      "L12",
      "L12",
      "L12",
      "L12",
      "L12"
    ],
    "zone": "synthesis (Standard)",
    "zone_weights": {
      "math": 0.18882741609831638,
      "logic_a": 0.15874735530122663,
      "logic_b": 0.07937367766041557,
      "creative": 0.049134969632388115,
      "synthesis": 0.5239165803076532
    },
    "cognitive_signature": {
      "kurtosis": 1091.3680419921875,
      "phi": 