{
  "timestamp": 1781660393.4698403,
  "datetime": "2026-06-17T03:39:53.469840",
  "model_id": "gemma3-1b-it",
  "prompt_tokens": 11,
  "completion_tokens": 361,
  "px_metrics": {
    "phi": 0.8947992324829102,
    "steps": 6,
    "path": [
      "L9",
      "L9",
      "L9",
      "L9",
      "L9",
      "L10",
      "L9"
    ],
    "zone": "CREATIVE",
    "zone_weights": {
      "math": 0.037288789672753474,
      "logic_a": 0.2702714744414095,
      "logic_b": 0.13513573722070474,
      "creative": 0.4897361280547801,
      "synthesis": 0.06756786861035237
    },
    "cognitive_signature": {
      "kurtosis": 1101.419677734375,
      "phi": 