{
  "timestamp": 1781372879.8140335,
  "datetime": "2026-06-13T19:47:59.814034",
  "model_id": "gemma3-1b-it",
  "prompt_tokens": 134,
  "completion_tokens": 23,
  "px_metrics": {
    "phi": 0.9965537786483765,
    "steps": 7,
    "path": [
      "L9",
      "L10",
      "L11",
      "L12",
      "L13",
      "L14",
      "L15",
      "L9"
    ],
    "zone": "CREATIVE",
    "zone_weights": {
      "math": 0.038234946680440564,
      "logic_a": 0.2723802880183577,
      "logic_b": 0.13619014400917884,
      "creative": 0.4850995472874335,
      "synthesis": 0.06809507200458942
    },
    "cognitive_signature": {
      "kurtosis": 1105.37451171875,
      "phi": 