{
  "timestamp": 1782207192.1009123,
  "datetime": "2026-06-23T11:33:12.100915",
  "model_id": "gemma3-1b-it",
  "prompt_tokens": 21,
  "completion_tokens": 35,
  "px_metrics": {
    "phi": 0.8406744003295898,
    "steps": 4,
    "path": [
      "L10",
      "L10",
      "L10",
      "L10",
      "L10"
    ],
    "zone": "CREATIVE",
    "zone_weights": {
      "math": 0.003279500861999553,
      "logic_a": 0.10344229871535715,
      "logic_b": 0.051721149357678575,
      "creative": 0.8156964743861255,
      "synthesis": 0.025860574678839288
    },
    "cognitive_signature": {
      "kurtosis": 1095.895751953125,
      "phi": 