{
  "timestamp": 1781679505.9146936,
  "datetime": "2026-06-17T08:58:25.914694",
  "model_id": "gemma3-1b-it",
  "prompt_tokens": 27,
  "completion_tokens": 1023,
  "px_metrics": {
    "phi": 0.9930642247200012,
    "steps": 7,
    "path": [
      "L10",
      "L11",
      "L12",
      "L13",
      "L14",
      "L15",
      "L16",
      "L10"
    ],
    "zone": "CREATIVE",
    "zone_weights": {
      "math": 0.003022523603154973,
      "logic_a": 0.09971832733483127,
      "logic_b": 0.049859163667415635,
      "creative": 0.8224704015608901,
      "synthesis": 0.024929581833707817
    },
    "cognitive_signature": {
      "kurtosis": 1113.697509765625,
      "phi": 