{
  "timestamp": 1781773130.7526212,
  "datetime": "2026-06-18T10:58:50.752621",
  "model_id": "gemma3-1b-it",
  "prompt_tokens": 19532,
  "completion_tokens": 182,
  "px_metrics": {
    "phi": 0.9981204271316528,
    "steps": 2,
    "path": [
      "L7",
      "L8",
      "L7"
    ],
    "zone": "MATH",
    "zone_weights": {
      "math": 0.7555707591222405,
      "logic_a": 0.13616812661735203,
      "logic_b": 0.06808406330867602,
      "creative": 0.00613501729739366,
      "synthesis": 0.03404203165433801
    },
    "cognitive_signature": {
      "kurtosis": 1099.175537109375,
      "phi": 