{
  "timestamp": 1781472095.1869109,
  "datetime": "2026-06-14T23:21:35.186911",
  "model_id": "gemma3-1b-it",
  "prompt_tokens": 204,
  "completion_tokens": 101,
  "px_metrics": {
    "phi": 0.9969192743301392,
    "steps": 7,
    "path": [
      "L9",
      "L10",
      "L11",
      "L12",
      "L13",
      "L14",
      "L15",
      "L9"
    ],
    "zone": "CREATIVE",
    "zone_weights": {
      "math": 0.06567052099911816,
      "logic_a": 0.3162861057698972,
      "logic_b": 0.1581430528849486,
      "creative": 0.3808287919035617,
      "synthesis": 0.0790715264424743
    },
    "cognitive_signature": {
      "kurtosis": 1096.53857421875,
      "phi": 