{
  "timestamp": 1781476686.292319,
  "datetime": "2026-06-15T00:38:06.292319",
  "model_id": "gemma3-1b-it",
  "prompt_tokens": 3377,
  "completion_tokens": 38,
  "px_metrics": {
    "phi": 0.9983541965484619,
    "steps": 6,
    "path": [
      "L8",
      "L9",
      "L10",
      "L11",
      "L12",
      "L13",
      "L8"
    ],
    "zone": "MATH",
    "zone_weights": {
      "math": 0.46746608700587283,
      "logic_a": 0.28029553204628005,
      "logic_b": 0.14014776602314002,
      "creative": 0.042016729913137096,
      "synthesis": 0.07007388301157001
    },
    "cognitive_signature": {
      "kurtosis": 1077.2318115234375,
      "phi": 