{
  "timestamp": 1782206886.581798,
  "datetime": "2026-06-23T11:28:06.581801",
  "model_id": "gemma3-1b-it",
  "prompt_tokens": 42,
  "completion_tokens": 120,
  "px_metrics": {
    "phi": 0.9941951632499695,
    "steps": 7,
    "path": [
      "L10",
      "L11",
      "L12",
      "L13",
      "L14",
      "L15",
      "L16",
      "L10"
    ],
    "zone": "CREATIVE",
    "zone_weights": {
      "math": 0.003279500861999553,
      "logic_a": 0.10344229871535715,
      "logic_b": 0.051721149357678575,
      "creative": 0.8156964743861255,
      "synthesis": 0.025860574678839288
    },
    "cognitive_signature": {
      "kurtosis": 1114.762451171875,
      "phi": 