{
  "timestamp": 1781682452.070404,
  "datetime": "2026-06-17T09:47:32.070404",
  "model_id": "gemma3-1b-it",
  "prompt_tokens": 434,
  "completion_tokens": 912,
  "px_metrics": {
    "phi": 0.9959844946861267,
    "steps": 7,
    "path": [
      "L9",
      "L10",
      "L11",
      "L12",
      "L13",
      "L14",
      "L15",
      "L9"
    ],
    "zone": "CREATIVE",
    "zone_weights": {
      "math": 0.013783051784553302,
      "logic_a": 0.18987584545693248,
      "logic_b": 0.09493792272846624,
      "creative": 0.6539342166658149,
      "synthesis": 0.04746896136423312
    },
    "cognitive_signature": {
      "kurtosis": 1105.412109375,
      "phi": 