{
  "timestamp": 1781327990.2975473,
  "datetime": "2026-06-13T07:19:50.297548",
  "model_id": "gemma3-1b-it",
  "prompt_tokens": 790,
  "completion_tokens": 436,
  "px_metrics": {
    "phi": 0.9906507134437561,
    "steps": 7,
    "path": [
      "L8",
      "L9",
      "L10",
      "L11",
      "L12",
      "L13",
      "L14",
      "L8"
    ],
    "zone": "MATH",
    "zone_weights": {
      "math": 0.2,
      "logic_a": 0.2,
      "logic_b": 0.2,
      "creative": 0.2,
      "synthesis": 0.2
    },
    "cognitive_signature": {
      "kurtosis": 1112.7564697265625,
      "phi": 