{
  "timestamp": 1781438685.479533,
  "datetime": "2026-06-14T14:04:45.479533",
  "model_id": "gemma3-1b-it",
  "prompt_tokens": 17,
  "completion_tokens": 52,
  "px_metrics": {
    "phi": 0.9497959017753601,
    "steps": 1,
    "path": [
      "L10",
      "L10"
    ],
    "zone": "CREATIVE",
    "zone_weights": {
      "math": 0.00645575288956058,
      "logic_a": 0.1391665558269693,
      "logic_b": 0.06958327791348465,
      "creative": 0.7500027724132431,
      "synthesis": 0.034791638956742324
    },
    "cognitive_signature": {
      "kurtosis": 1099.454345703125,
      "phi": 