{
  "timestamp": 1781379629.9185216,
  "datetime": "2026-06-13T21:40:29.918522",
  "model_id": "gemma3-270m",
  "prompt_tokens": 24,
  "completion_tokens": 142,
  "px_metrics": {
    "phi": 0.966853141784668,
    "steps": 10,
    "path": [
      "L7",
      "L7",
      "L8",
      "L9",
      "L10",
      "L11",
      "L9",
      "L10",
      "L11",
      "L9",
      "L7"
    ],
    "zone": "MATH",
    "zone_weights": {
      "math": 0.2,
      "logic_a": 0.2,
      "logic_b": 0.2,
      "creative": 0.2,
      "synthesis": 0.2
    },
    "cognitive_signature": {
      "kurtosis": 371.33575439453125,
      "phi": 