{
  "timestamp": 1781689327.4005125,
  "datetime": "2026-06-17T11:42:07.400513",
  "model_id": "gemma3-1b-it",
  "prompt_tokens": 13973,
  "completion_tokens": 546,
  "px_metrics": {
    "phi": 0.9981666803359985,
    "steps": 2,
    "path": [
      "L7",
      "L8",
      "L7"
    ],
    "zone": "MATH",
    "zone_weights": {
      "math": 0.680852385899836,
      "logic_a": 0.17587954174690038,
      "logic_b": 0.08793977087345019,
      "creative": 0.011358414043088369,
      "synthesis": 0.043969885436725094
    },
    "cognitive_signature": {
      "kurtosis": 1105.670166015625,
      "phi": 