{
  "timestamp": 1781483272.229533,
  "datetime": "2026-06-15T02:27:52.229533",
  "model_id": "gemma3-1b-it",
  "prompt_tokens": 3408,
  "completion_tokens": 34,
  "px_metrics": {
    "phi": 0.9982613325119019,
    "steps": 6,
    "path": [
      "L8",
      "L9",
      "L10",
      "L11",
      "L12",
      "L13",
      "L8"
    ],
    "zone": "MATH",
    "zone_weights": {
      "math": 0.4719036519776542,
      "logic_a": 0.2783196849212709,
      "logic_b": 0.13915984246063545,
      "creative": 0.04103689741012192,
      "synthesis": 0.06957992123031773
    },
    "cognitive_signature": {
      "kurtosis": 1087.943359375,
      "phi": 