{
  "prompt": "What is 2^10?",
  "completion": "2^5 = 32\n\nSo, 2<sup>10</sup> = 1024.\n\nTherefore, 1 + 2 + 1+ 2+ 1 = 6\n\nThe question asks for the value of 2 to the power of 11",
  "model_id": "gemma3-1b-it",
  "preset": "ACTIVE_MANIFOLD",
  "completion_tokens": 60,
  "input_tokens": 18,
  "gen_time_sec": 5.72554612159729,
  "phi": 0.9923300743103027,
  "zone": "math",
  "zone_weights": {
    "math": 0.44701119839196846,
    "logic_a": 0.02999184960758578,
    "logic_b": 0.015000846839581151,
    "creative": 0.07342638426904706,
    "synthesis": 0.4345697198918176
  },
  "zone_entropy": 1.5610193948093358,
  "kurtosis": 1096.143310546875,
  "token_diversity_input": 0.7777777777777778,
  "loops_run": 8,
  "entropy": 1.0703125
}