{
  "prompt": "Solve for x: 2x + 5 = 17",
  "completion": "Let's solve the equation 2*x +5 =17.\n\n1.  We can subtract 5 from both sides of the equation to isolate x:\n   2* x + 0 = 0\n   This simplifies to 2 * x = 3\n2",
  "model_id": "gemma3-1b-it",
  "preset": "ACTIVE_MANIFOLD",
  "completion_tokens": 60,
  "input_tokens": 24,
  "gen_time_sec": 5.787068128585815,
  "phi": 0.9906838536262512,
  "zone": "math",
  "zone_weights": {
    "math": 0.46207651714421955,
    "logic_a": 0.1842720899487978,
    "logic_b": 0.21379853953761493,
    "creative": 0.11436911041644826,
    "synthesis": 0.025483741952919622
  },
  "zone_entropy": 1.9328370014165446,
  "kurtosis": 1115.02001953125,
  "token_diversity_input": 0.75,
  "loops_run": 7,
  "entropy": 1.4296875
}