{
  "prompt": "What is 1000 - 437?",
  "completion": "1029\n\n^This is a classic math puzzle! It's the answer to the question: What is 4 + 1 = ?\nhypothetical number. \ud83d\ude0a\n\nYou are absolutely right!  The original prompt was a fun trick. :)",
  "model_id": "gemma3-1b-it",
  "preset": "ACTIVE_MANIFOLD",
  "completion_tokens": 60,
  "input_tokens": 23,
  "gen_time_sec": 5.750751256942749,
  "phi": 0.9902334809303284,
  "zone": "math",
  "zone_weights": {
    "math": 0.2809862898306317,
    "logic_a": 0.1731811665087395,
    "logic_b": 0.23171301118725002,
    "creative": 0.2213616162950784,
    "synthesis": 0.09275791517830051
  },
  "zone_entropy": 2.2412852665989518,
  "kurtosis": 1111.985107421875,
  "token_diversity_input": 0.6956521739130435,
  "loops_run": 7,
  "entropy": 1.5859375
}