{
  "prompt": "Compute the sum 1+2+...+100.",
  "completion": "Let $S$ be the sum of the first 10 numbers, i.e., $S = 1 + 2 + 3 + \\dots + 150$. We can write this as $S' = \\sum_{i=1}^{10} i =",
  "model_id": "gemma3-1b-it",
  "preset": "ACTIVE_MANIFOLD",
  "completion_tokens": 60,
  "input_tokens": 22,
  "gen_time_sec": 5.775212526321411,
  "phi": 0.9904448390007019,
  "zone": "math",
  "zone_weights": {
    "math": 0.37806019421108766,
    "logic_a": 0.07491025295886772,
    "logic_b": 0.10425076322662347,
    "creative": 0.2613780443852784,
    "synthesis": 0.18140074421814267
  },
  "zone_entropy": 2.1033726597573885,
  "kurtosis": 1108.86474609375,
  "token_diversity_input": 0.7272727272727273,
  "loops_run": 7,
  "entropy": 1.421875
}