{
  "prompt": "Calculate 15% of 240.",
  "completion": "15 % of 3 is 17.\n\nSo, the answer is 37.  (15 * 3 = 45)\u0923\u093f\n- 16.98 (This is not correct.)\n\n15 percent of 100 is",
  "model_id": "gemma3-1b-it",
  "preset": "ACTIVE_MANIFOLD",
  "completion_tokens": 60,
  "input_tokens": 21,
  "gen_time_sec": 5.735785007476807,
  "phi": 0.9903209805488586,
  "zone": "math",
  "zone_weights": {
    "math": 0.42967544144209924,
    "logic_a": 0.0398320498719024,
    "logic_b": 0.028980426372028013,
    "creative": 0.20509464180955916,
    "synthesis": 0.2964174395044112
  },
  "zone_entropy": 1.8456844679222542,
  "kurtosis": 1105.141357421875,
  "token_diversity_input": 0.7619047619047619,
  "loops_run": 7,
  "entropy": 1.328125
}