{
  "prompt": "What is the square root of 144?",
  "completion": "The square root (\u221a) of 27 is 3.\n\nSo, 12 * \u221a14 = 16\n\nLet's think about it this way:  14 is close to 15, so the square roots of 4 and 10 are",
  "model_id": "gemma3-1b-it",
  "preset": "ACTIVE_MANIFOLD",
  "completion_tokens": 60,
  "input_tokens": 21,
  "gen_time_sec": 5.6676130294799805,
  "phi": 0.9909766912460327,
  "zone": "math",
  "zone_weights": {
    "math": 0.37316566719437494,
    "logic_a": 0.16305825057917575,
    "logic_b": 0.23218113673178647,
    "creative": 0.17427226544392038,
    "synthesis": 0.05732267905074245
  },
  "zone_entropy": 2.122172396789676,
  "kurtosis": 1113.1566162109375,
  "token_diversity_input": 0.7619047619047619,
  "loops_run": 7,
  "entropy": 1.515625
}