{
  "prompt": "Complete: J, F, M, A, M, ?",
  "completion": "This is a classic riddle! The answer is **A**\n\nIt\u2019s a sequence of letters that spells \u201cAmazing\u201d. \n\nLet me know if you'd like to try another puzzle! \ud83d\ude0a \u0987\u0989\u098f\u09a8. Ethiopian\u0627\u0646\u0648.\ntained!\nThank you for the",
  "model_id": "gemma3-1b-it",
  "preset": "ACTIVE_MANIFOLD",
  "completion_tokens": 60,
  "input_tokens": 23,
  "gen_time_sec": 5.72128963470459,
  "phi": 0.9899144768714905,
  "zone": "synthesis",
  "zone_weights": {
    "math": 0.22329191963938705,
    "logic_a": 0.14471957372899574,
    "logic_b": 0.07235979169640663,
    "creative": 0.0664436579157803,
    "synthesis": 0.49318505601943025
  },
  "zone_entropy": 1.9235607641194212,
  "kurtosis": 1089.8045654296875,
  "token_diversity_input": 0.6086956521739131,
  "loops_run": 7,
  "entropy": 1.3515625
}