{
  "prompt": "What is 7 factorial?",
  "completion": "The factorial of a number, denoted by $n!$, is the product of all positive integers from 1 to n. So, for example:\n\n$7! = 7 \\times 6 \\times (7 \\cdot 5) = 504$.\n\nTherefore, $",
  "model_id": "gemma3-1b-it",
  "preset": "ACTIVE_MANIFOLD",
  "completion_tokens": 60,
  "input_tokens": 16,
  "gen_time_sec": 5.404649972915649,
  "phi": 0.9904332756996155,
  "zone": "math",
  "zone_weights": {
    "math": 0.26650848892173756,
    "logic_a": 0.16715104395477948,
    "logic_b": 0.22023278825456513,
    "creative": 0.2382470352402764,
    "synthesis": 0.1078606426286414
  },
  "zone_entropy": 2.2601312810627108,
  "kurtosis": 1111.472412109375,
  "token_diversity_input": 0.75,
  "loops_run": 7,
  "entropy": 1.5703125
}