{
  "prompt": "What is the logical negation of 'All swans are white'?",
  "completion": "This is a classic logic puzzle! The answer is: **'No swan is white.'**\n\nHere\u2019s why it works:\n\n*   The statement \"All swans...\" implies that if something is white, then it must be white. \n*   It doesn't say anything about",
  "model_id": "gemma3-1b-it",
  "preset": "ACTIVE_MANIFOLD",
  "completion_tokens": 60,
  "input_tokens": 22,
  "gen_time_sec": 5.596100807189941,
  "phi": 0.9906715154647827,
  "zone": "synthesis",
  "zone_weights": {
    "math": 0.16368142715214218,
    "logic_a": 0.16765920980317495,
    "logic_b": 0.08382960490171924,
    "creative": 0.076499406899652,
    "synthesis": 0.5083303502432748
  },
  "zone_entropy": 1.9390464261365046,
  "kurtosis": 1081.7777099609375,
  "token_diversity_input": 0.8181818181818182,
  "loops_run": 7,
  "entropy": 1.359375
}