{
  "prompt": "Write the opening line of a novel set inside a dream.",
  "completion": "The rain tasted like regret. \n\n---\n\nThis is just a starting point, but it sets a slightly melancholic and unsettling tone \u2013 perfect for a novel! Let me know if you\u2019d like something different. \ud83d\ude0a\n indenpendentlytainedtained\nOkay, here's",
  "model_id": "gemma3-1b-it",
  "preset": "ACTIVE_MANIFOLD",
  "completion_tokens": 60,
  "input_tokens": 22,
  "gen_time_sec": 5.643348217010498,
  "phi": 0.9909910559654236,
  "zone": "synthesis",
  "zone_weights": {
    "math": 0.16367653951816907,
    "logic_a": 0.16765404316798652,
    "logic_b": 0.08438867360091734,
    "creative": 0.1752066651111521,
    "synthesis": 0.40907407760177494
  },
  "zone_entropy": 2.128121106320895,
  "kurtosis": 1101.369384765625,
  "token_diversity_input": 0.7727272727272727,
  "loops_run": 7,
  "entropy": 1.4765625
}