{
  "prompt": "If a triangle has sides 3, 4, 5, what is its area?",
  "completion": "Let the triangle have sides $a=3$, $b=4$ and $c=5$. We want to find the area of this triangle.\n\nWe can use Heron's formula for the area:\n$$A = \\sqrt{s(s-a)(s-b)(",
  "model_id": "gemma3-1b-it",
  "preset": "ACTIVE_MANIFOLD",
  "completion_tokens": 60,
  "input_tokens": 29,
  "gen_time_sec": 5.882781982421875,
  "phi": 0.9913235902786255,
  "zone": "synthesis",
  "zone_weights": {
    "math": 0.2725252179622806,
    "logic_a": 0.1221845767762574,
    "logic_b": 0.06388884125812906,
    "creative": 0.1830239704817309,
    "synthesis": 0.3583773925216021
  },
  "zone_entropy": 2.114179389144928,
  "kurtosis": 1103.443603515625,
  "token_diversity_input": 0.7241379310344828,
  "loops_run": 7,
  "entropy": 1.4921875
}