{
  "prompt": "What is the missing number: 2, 4, 8, 16, ?, 64",
  "completion": "The missing number is 32.\n\nThis sequence consists of numbers that are powers of 2 (2^1). The pattern is 2 * 2 = 4; 4*2=8; 8*2 =16; 17.\n\nSo the answer",
  "model_id": "gemma3-1b-it",
  "preset": "ACTIVE_MANIFOLD",
  "completion_tokens": 60,
  "input_tokens": 33,
  "gen_time_sec": 6.168690204620361,
  "phi": 0.991226851940155,
  "zone": "math",
  "zone_weights": {
    "math": 0.5109496887515103,
    "logic_a": 0.2092586847938769,
    "logic_b": 0.18540084231949486,
    "creative": 0.08011333403423904,
    "synthesis": 0.01427744910087885
  },
  "zone_entropy": 1.7972442543058842,
  "kurtosis": 1116.50146484375,
  "token_diversity_input": 0.6060606060606061,
  "loops_run": 7,
  "entropy": 1.3515625
}