{
  "prompt": "Imagine a letter written by a river to the sea.",
  "completion": "Okay, here's a letter from a river, reflecting on its journey and observations:\n\n---\n\nTo the Sea, Vast and Deep,\n\nI\u2019ve been flowing for what feels like an eternity, though I suppose time is a strange thing when you\u2019re constantly moving.  I remember",
  "model_id": "gemma3-1b-it",
  "preset": "ACTIVE_MANIFOLD",
  "completion_tokens": 60,
  "input_tokens": 21,
  "gen_time_sec": 5.647393465042114,
  "phi": 0.9895459413528442,
  "zone": "creative",
  "zone_weights": {
    "math": 0.18396388239844072,
    "logic_a": 0.16346137690876125,
    "logic_b": 0.12547709705707646,
    "creative": 0.2876365183090675,
    "synthesis": 0.23946112432665412
  },
  "zone_entropy": 2.263075839808879,
  "kurtosis": 1107.900634765625,
  "token_diversity_input": 0.7619047619047619,
  "loops_run": 8,
  "entropy": 1.6015625
}