{
  "prompt": "If P is false, what is the truth value of 'P or Q'?",
  "completion": "Let's analyze the truth values of the expression \"P or (Q)\" when P is False.\n\n* **P:** False\n* **Q:** True (We are not given a specific value for Q)\n\nSo we have:  False OR True = True\n\nTherefore, the truth",
  "model_id": "gemma3-1b-it",
  "preset": "ACTIVE_MANIFOLD",
  "completion_tokens": 60,
  "input_tokens": 26,
  "gen_time_sec": 5.801069736480713,
  "phi": 0.9913650751113892,
  "zone": "math",
  "zone_weights": {
    "math": 0.29946370309386017,
    "logic_a": 0.1802527912564311,
    "logic_b": 0.2403617825326714,
    "creative": 0.20173768528236588,
    "synthesis": 0.0781840368346715
  },
  "zone_entropy": 2.214240133130704,
  "kurtosis": 1112.5343017578125,
  "token_diversity_input": 0.8076923076923077,
  "loops_run": 7,
  "entropy": 1.53125
}