{
  "prompt": "What is 1024 / 32?",
  "completion": "1000 / 8 = 125\n\n10.  124\n\n126\n\nSo, 1 * 1 + 2 + 6 = 9\n\nTherefore, the answer is 9.\n\n1/32 = 0.0",
  "model_id": "gemma3-1b-it",
  "preset": "ACTIVE_MANIFOLD",
  "completion_tokens": 60,
  "input_tokens": 22,
  "gen_time_sec": 5.9004902839660645,
  "phi": 0.9921134114265442,
  "zone": "math",
  "zone_weights": {
    "math": 0.4794387453891706,
    "logic_a": 0.013686099002077332,
    "logic_b": 0.006843049501038772,
    "creative": 0.03659697451716011,
    "synthesis": 0.46343513058357916
  },
  "zone_entropy": 1.331280876154334,
  "kurtosis": 1077.02978515625,
  "token_diversity_input": 0.7272727272727273,
  "loops_run": 8,
  "entropy": 0.96875
}