{
  "prompt": "If f(x) = 2x + 1, what is f(5)?",
  "completion": "Given that f(a) = x. We want to find the value of f(3).\n\nWe are given that f'(x) represents the derivative of the function f(\ud835\udc65), and we need to find f(c) where c is a point on the graph of f.\n\n",
  "model_id": "gemma3-1b-it",
  "preset": "ACTIVE_MANIFOLD",
  "completion_tokens": 60,
  "input_tokens": 29,
  "gen_time_sec": 5.963796377182007,
  "phi": 0.9913098812103271,
  "zone": "math",
  "zone_weights": {
    "math": 0.3857635771837584,
    "logic_a": 0.2674431857406111,
    "logic_b": 0.22306355892276533,
    "creative": 0.09218661158498574,
    "synthesis": 0.03154306556787932
  },
  "zone_entropy": 1.996146569565054,
  "kurtosis": 1116.204345703125,
  "token_diversity_input": 0.7241379310344828,
  "loops_run": 7,
  "entropy": 1.53125
}