{
  "prompt": "What is the perimeter of a square with side 7?",
  "completion": "Let $s$ be the side length of the square. The perimeter of the shape is given by $4s$.\n\nIn this case, the side of the squares is 7. So, the perimeter is $4 \\times 7 = 28$.\n\nAlternatively, we can consider",
  "model_id": "gemma3-1b-it",
  "preset": "ACTIVE_MANIFOLD",
  "completion_tokens": 60,
  "input_tokens": 22,
  "gen_time_sec": 5.638594388961792,
  "phi": 0.9908435940742493,
  "zone": "math",
  "zone_weights": {
    "math": 0.4041123290737462,
    "logic_a": 0.14554429244228204,
    "logic_b": 0.2235202892784819,
    "creative": 0.1732385599295437,
    "synthesis": 0.053584528275946106
  },
  "zone_entropy": 2.080455244954968,
  "kurtosis": 1113.1309814453125,
  "token_diversity_input": 0.8181818181818182,
  "loops_run": 7,
  "entropy": 1.4453125
}