{
  "prompt": "If it rains, the ground gets wet. The ground is wet. Did it rain?",
  "completion": "This is a classic logic puzzle! Here's how to break it down:\n\n* **The statement \"If it rained, then the ground would get wet\" doesn\u2019t mean that rain was the *only* thing that could make the ground wet.** \n* **It's possible",
  "model_id": "gemma3-1b-it",
  "preset": "ACTIVE_MANIFOLD",
  "completion_tokens": 60,
  "input_tokens": 28,
  "gen_time_sec": 5.874869108200073,
  "phi": 0.9928467273712158,
  "zone": "synthesis",
  "zone_weights": {
    "math": 0.2623328524097745,
    "logic_a": 0.1270232977077294,
    "logic_b": 0.06351185251435842,
    "creative": 0.07005488970023668,
    "synthesis": 0.47707710666790093
  },
  "zone_entropy": 1.915208963313653,
  "kurtosis": 1093.0867919921875,
  "token_diversity_input": 0.7142857142857143,
  "loops_run": 8,
  "entropy": 1.4140625
}