{
  "prompt": "If today is Wednesday, what day will it be 10 days from now?",
  "completion": "Let's figure this out!\n\n*   Today is Wednesday.\n*   We need to find the date that is 19 days after today. Since there are 7 days in a week, 18 days later.\n    *   Adding 1 day: Thursday (1",
  "model_id": "gemma3-1b-it",
  "preset": "ACTIVE_MANIFOLD",
  "completion_tokens": 60,
  "input_tokens": 27,
  "gen_time_sec": 5.798096179962158,
  "phi": 0.9908204674720764,
  "zone": "creative",
  "zone_weights": {
    "math": 0.26811267367185815,
    "logic_a": 0.1290489328352941,
    "logic_b": 0.12032171029765414,
    "creative": 0.2712908982929672,
    "synthesis": 0.21122578390222646
  },
  "zone_entropy": 2.242370787670565,
  "kurtosis": 1108.433349609375,
  "token_diversity_input": 0.8518518518518519,
  "loops_run": 7,
  "entropy": 1.5703125
}