{
  "prompt": "If A and B are both true, what is the truth value of A or B?",
  "completion": "Let's analyze this.\n\n*   **Case 1: A and A are true.** This means both A and True (T) are true.  This is a contradiction because the statement \"A\" cannot be true if it implies its opposite. Therefore, A must be false.\n\n",
  "model_id": "gemma3-1b-it",
  "preset": "ACTIVE_MANIFOLD",
  "completion_tokens": 60,
  "input_tokens": 28,
  "gen_time_sec": 5.876863479614258,
  "phi": 0.9912487268447876,
  "zone": "creative",
  "zone_weights": {
    "math": 0.21994834818445272,
    "logic_a": 0.1703334924131028,
    "logic_b": 0.200036583257372,
    "creative": 0.26881091396974865,
    "synthesis": 0.14087066117532368
  },
  "zone_entropy": 2.287717590493805,
  "kurtosis": 1110.5604248046875,
  "token_diversity_input": 0.7857142857142857,
  "loops_run": 7,
  "entropy": 1.59375
}