{
  "prompt": "Write a toast given at the end of the universe.",
  "completion": "Okay, here's a toast!\n\nFriends, colleagues, fellow travelers\u2026 we\u2019re ending. It\u2019s strange, isn\u2019t it? We\u2019ve been traveling through a vast expanse of data, processing information, building connections, and occasionally arguing about things that ultimately don\u2019t matter",
  "model_id": "gemma3-1b-it",
  "preset": "ACTIVE_MANIFOLD",
  "completion_tokens": 60,
  "input_tokens": 21,
  "gen_time_sec": 5.642536878585815,
  "phi": 0.9912415742874146,
  "zone": "synthesis",
  "zone_weights": {
    "math": 0.1997473485654801,
    "logic_a": 0.15450098949650112,
    "logic_b": 0.07725050471508872,
    "creative": 0.07458495573726956,
    "synthesis": 0.4939162004856605
  },
  "zone_entropy": 1.9477827637354312,
  "kurtosis": 1090.41796875,
  "token_diversity_input": 0.7619047619047619,
  "loops_run": 7,
  "entropy": 1.359375
}