{
  "scale": "4B",
  "model_id": "gemma3-4b-it",
  "preset": "ACTIVE_MANIFOLD",
  "prompts_per_cat": 2,
  "n_total": 8,
  "total_time_sec": 139.00548672676086,
  "results": [
    {
      "prompt": "What is 17 * 23?",
      "completion": "17 * 23 = 391\n\nHere's how to calculate it:\n\n(17 * 20) +",
      "model_id": "gemma3-4b-it",
      "preset": "ACTIVE_MANIFOLD",
      "completion_tokens": 30,
      "input_tokens": 20,
      "gen_time_sec": 5.8696417808532715,
      "phi": 0.8784019947052002,
      "zone": "logic_b",
      "zone_weights": {
        "math": 0.030195755273367222,
        "logic_a": 0.27362229490872114,
        "logic_b": 0.4707293930651856,
        "creative": 0.2155156205117455,
        "synthesis": 0.00993693577025117
      },
      "zone_entropy": 1.7190650946075978,
      "kurtosis": 2383.646240234375,
      "token_diversity_input": 0.75,
      "loops_run": 8,
      "entropy": 1.1875,
      "category": "math",
      "elapsed_sec": 36.54665660858154
    },
    {
      "prompt": "Solve for x: 2x + 5 = 17",
      "completion": "To solve for x in the equation 2x + 5 = 17, we want to isolate x on one side of the equation.",
      "model_id": "gemma3-4b-it",
      "preset": "ACTIVE_MANIFOLD",
      "completion_tokens": 30,
      "input_tokens": 24,
      "gen_time_sec": 6.0181989669799805,
      "phi": 0.8711769580841064,
      "zone": "logic_b",
      "zone_weights": {
        "math": 0.030195755273367222,
        "logic_a": 0.27362229490872114,
        "logic_b": 0.4707293930651856,
        "creative": 0.2155156205117455,
        "synthesis": 0.00993693577025117
      },
      "zone_entropy": 1.7190650946075978,
      "kurtosis": 2366.89794921875,
      "token_diversity_input": 0.75,
      "loops_run": 8,
      "entropy": 1.1875,
      "category": "math",
      "elapsed_sec": 18.71673059463501
    },
    {
      "prompt": "If all roses are flowers, and some flowers fade quickly, can we conclude that some roses fade quickly?",
      "completion": "Yes, you can conclude that some roses fade quickly. Here's the logic:\n\n* **Premise 1:** All roses are flowers.",
      "model_id": "gemma3-4b-it",
      "preset": "ACTIVE_MANIFOLD",
      "completion_tokens": 30,
      "input_tokens": 31,
      "gen_time_sec": 6.207265138626099,
      "phi": 0.8694255352020264,
      "zone": "logic_b",
      "zone_weights": {
        "math": 0.030195755273367222,
        "logic_a": 0.27362229490872114,
        "logic_b": 0.4707293930651856,
        "creative": 0.2155156205117455,
        "synthesis": 0.00993693577025117
      },
      "zone_entropy": 1.7190650946075978,
      "kurtosis": 2414.00390625,
      "token_diversity_input": 0.6774193548387096,
      "loops_run": 8,
      "entropy": 1.1875,
      "category": "logic",
      "elapsed_sec": 14.521920442581177
    },
    {
      "prompt": "What comes next in the sequence: 1, 1, 2, 3, 5, 8, ?",
      "completion": "The sequence is the Fibonacci sequence. Each number is the sum of the two preceding numbers.\n\n*   1 + 1 = 2\n*",
      "model_id": "gemma3-4b-it",
      "preset": "ACTIVE_MANIFOLD",
      "completion_tokens": 30,
      "input_tokens": 36,
      "gen_time_sec": 6.305201768875122,
      "phi": 0.837952196598053,
      "zone": "logic_b",
      "zone_weights": {
        "math": 0.030195755273367222,
        "logic_a": 0.27362229490872114,
        "logic_b": 0.4707293930651856,
        "creative": 0.2155156205117455,
        "synthesis": 0.00993693577025117
      },
      "zone_entropy": 1.7190650946075978,
      "kurtosis": 2363.112060546875,
      "token_diversity_input": 0.5833333333333334,
      "loops_run": 6,
      "entropy": 1.1875,
      "category": "logic",
      "elapsed_sec": 14.925613164901733
    },
    {
      "prompt": "Write a haiku about a forgotten robot.",
      "completion": "Rust whispers low now,\nGears still turn, a silent plea,\nLost in dusty light.",
      "model_id": "gemma3-4b-it",
      "preset": "ACTIVE_MANIFOLD",
      "completion_tokens": 22,
      "input_tokens": 19,
      "gen_time_sec": 4.096814155578613,
      "phi": 0.8665152788162231,
      "zone": "logic_b",
      "zone_weights": {
        "math": 0.030195755273367222,
        "logic_a": 0.27362229490872114,
        "logic_b": 0.4707293930651856,
        "creative": 0.2155156205117455,
        "synthesis": 0.00993693577025117
      },
      "zone_entropy": 1.7190650946075978,
      "kurtosis": 2209.91552734375,
      "token_diversity_input": 0.7368421052631579,
      "loops_run": 7,
      "entropy": 1.1875,
      "category": "creative",
      "elapsed_sec": 12.458841800689697
    },
    {
      "prompt": "Describe the color of silence to someone who has never seen.",
      "completion": "Okay, this is a fascinating challenge! Describing a color to someone who has never experienced sight is incredibly difficult, but here's my attempt to",
      "model_id": "gemma3-4b-it",
      "preset": "ACTIVE_MANIFOLD",
      "completion_tokens": 30,
      "input_tokens": 22,
      "gen_time_sec": 5.596173048019409,
      "phi": 0.8790082335472107,
      "zone": "logic_b",
      "zone_weights": {
        "math": 0.030195755273367222,
        "logic_a": 0.27362229490872114,
        "logic_b": 0.4707293930651856,
        "creative": 0.2155156205117455,
        "synthesis": 0.00993693577025117
      },
      "zone_entropy": 1.7190650946075978,
      "kurtosis": 2410.111572265625,
      "token_diversity_input": 0.8181818181818182,
      "loops_run": 8,
      "entropy": 1.1875,
      "category": "creative",
      "elapsed_sec": 14.103724718093872
    },
    {
      "prompt": "What is the relationship between mathematics and music?",
      "completion": "The relationship between mathematics and music is surprisingly deep and intricate, stretching back centuries. It's not just a superficial connection; they're fundamentally intertwined",
      "model_id": "gemma3-4b-it",
      "preset": "ACTIVE_MANIFOLD",
      "completion_tokens": 30,
      "input_tokens": 19,
      "gen_time_sec": 5.3831541538238525,
      "phi": 0.8571430444717407,
      "zone": "logic_b",
      "zone_weights": {
        "math": 0.030195755273367222,
        "logic_a": 0.27362229490872114,
        "logic_b": 0.4707293930651856,
        "creative": 0.2155156205117455,
        "synthesis": 0.00993693577025117
      },
      "zone_entropy": 1.7190650946075978,
      "kurtosis": 2320.474365234375,
      "token_diversity_input": 0.7894736842105263,
      "loops_run": 7,
      "entropy": 1.1875,
      "category": "synthesis",
      "elapsed_sec": 13.707125425338745
    },
    {
      "prompt": "How do literature and computer science inform each other?",
      "completion": "That's a fantastic question! The relationship between literature and computer science is surprisingly deep and increasingly intertwined. For a long time, they were seen as",
      "model_id": "gemma3-4b-it",
      "preset": "ACTIVE_MANIFOLD",
      "completion_tokens": 30,
      "input_tokens": 20,
      "gen_time_sec": 5.573151350021362,
      "phi": 0.8618023991584778,
      "zone": "logic_b",
      "zone_weights": {
        "math": 0.030195755273367222,
        "logic_a": 0.27362229490872114,
        "logic_b": 0.4707293930651856,
        "creative": 0.2155156205117455,
        "synthesis": 0.00993693577025117
      },
      "zone_entropy": 1.7190650946075978,
      "kurtosis": 2366.0380859375,
      "token_diversity_input": 0.8,
      "loops_run": 7,
      "entropy": 1.1875,
      "category": "synthesis",
      "elapsed_sec": 14.024155616760254
    }
  ]
}