{
  "prompt": "Write a haiku about a forgotten robot.",
  "completion": "Rust whispers low now,\nGears still turn, a silent plea,\nLost in dusty light.",
  "model_id": "gemma3-4b-it",
  "preset": "ACTIVE_MANIFOLD",
  "completion_tokens": 22,
  "input_tokens": 19,
  "gen_time_sec": 4.096814155578613,
  "phi": 0.8665152788162231,
  "zone": "logic_b",
  "zone_weights": {
    "math": 0.030195755273367222,
    "logic_a": 0.27362229490872114,
    "logic_b": 0.4707293930651856,
    "creative": 0.2155156205117455,
    "synthesis": 0.00993693577025117
  },
  "zone_entropy": 1.7190650946075978,
  "kurtosis": 2209.91552734375,
  "token_diversity_input": 0.7368421052631579,
  "loops_run": 7,
  "entropy": 1.1875
}