{
  "input_file": "/run/media/julian/ML4/ollama-work/all_space/eval/results/4B_ACTIVE_MANIFOLD_20260611_162847/4B_ACTIVE_MANIFOLD_aggregate.json",
  "scale": "4B",
  "model_id": "gemma3-4b-it",
  "preset": "ACTIVE_MANIFOLD",
  "n_prompts_total": 8,
  "n_successful": 8,
  "n_errors": 0,
  "anova_zone_entropy": {
    "F": 0.0,
    "eta_squared": 0.0,
    "k": 3,
    "n": 4,
    "note": "zero within-group variance"
  },
  "anova_phi": {
    "F": 1.3739937741485302,
    "p_approx": 0.3713449797275691,
    "eta_squared": 0.5075093328587501,
    "ss_between": 0.000628888475348699,
    "ss_within": 0.0006102778505319151,
    "k": 3,
    "n": 4
  },
  "r2_token_diversity_to_zone_entropy": 0.0,
  "mean_phi_per_category": {
    "math": 0.8747894763946533,
    "logic": 0.8536888659000397,
    "creative": 0.8727617561817169,
    "synthesis": 0.8594727218151093
  },
  "mean_zone_entropy_per_category": {
    "math": 1.7190650946075978,
    "logic": 1.7190650946075978,
    "creative": 1.7190650946075978,
    "synthesis": 1.7190650946075978
  },
  "mean_kurtosis_per_category": {
    "math": 2375.2720947265625,
    "logic": 2388.5579833984375,
    "creative": 2310.0135498046875,
    "synthesis": 2343.2562255859375
  },
  "mean_zone_weights_per_category": {
    "math": {
      "math": 0.030195755273367222,
      "logic_a": 0.27362229490872114,
      "logic_b": 0.4707293930651856,
      "creative": 0.2155156205117455,
      "synthesis": 0.00993693577025117
    },
    "logic": {
      "math": 0.030195755273367222,
      "logic_a": 0.27362229490872114,
      "logic_b": 0.4707293930651856,
      "creative": 0.2155156205117455,
      "synthesis": 0.00993693577025117
    },
    "creative": {
      "math": 0.030195755273367222,
      "logic_a": 0.27362229490872114,
      "logic_b": 0.4707293930651856,
      "creative": 0.2155156205117455,
      "synthesis": 0.00993693577025117
    },
    "synthesis": {
      "math": 0.030195755273367222,
      "logic_a": 0.27362229490872114,
      "logic_b": 0.4707293930651856,
      "creative": 0.2155156205117455,
      "synthesis": 0.00993693577025117
    }
  },
  "verdict": "ETA2_BELOW_THRESHOLD",
  "verdict_note": "\u03b7\u00b2=0.000 < 0.10. Categorical differentiation is weak \u2014 architecture may not have crossed the threshold at this scale with this preset."
}