{
  "prompt": "Solve for x: 2x + 5 = 17",
  "completion": "To solve for x in the equation 2x + 5 = 17, we want to isolate x on one side of the equation.",
  "model_id": "gemma3-4b-it",
  "preset": "ACTIVE_MANIFOLD",
  "completion_tokens": 30,
  "input_tokens": 24,
  "gen_time_sec": 6.0181989669799805,
  "phi": 0.8711769580841064,
  "zone": "logic_b",
  "zone_weights": {
    "math": 0.030195755273367222,
    "logic_a": 0.27362229490872114,
    "logic_b": 0.4707293930651856,
    "creative": 0.2155156205117455,
    "synthesis": 0.00993693577025117
  },
  "zone_entropy": 1.7190650946075978,
  "kurtosis": 2366.89794921875,
  "token_diversity_input": 0.75,
  "loops_run": 8,
  "entropy": 1.1875
}