{
  "prompt": "What is 17 * 23?",
  "completion": "17 * 23 = 391\n\nHere's how to calculate it:\n\n(17 * 20) +",
  "model_id": "gemma3-4b-it",
  "preset": "ACTIVE_MANIFOLD",
  "completion_tokens": 30,
  "input_tokens": 20,
  "gen_time_sec": 5.8696417808532715,
  "phi": 0.8784019947052002,
  "zone": "logic_b",
  "zone_weights": {
    "math": 0.030195755273367222,
    "logic_a": 0.27362229490872114,
    "logic_b": 0.4707293930651856,
    "creative": 0.2155156205117455,
    "synthesis": 0.00993693577025117
  },
  "zone_entropy": 1.7190650946075978,
  "kurtosis": 2383.646240234375,
  "token_diversity_input": 0.75,
  "loops_run": 8,
  "entropy": 1.1875
}