{
  "prompt": "How do games and stories share narrative structure?",
  "category": "synthesis",
  "completion": "Games and stories are masterful storytellers, utilizing a complex system of narrative structures to engage players. It's not just about telling a plot; it",
  "model_id": "gemma3-1b-it",
  "preset": "ACTIVE_MANIFOLD",
  "condition": "-aks",
  "completion_tokens": 30,
  "input_tokens": 19,
  "gen_time_sec": 2.614898204803467,
  "phi": 0.9912610054016113,
  "zone": "CREATIVE",
  "zone_weights": {
    "math": 0.0022662138659699056,
    "logic_a": 0.08750003432661042,
    "logic_b": 0.04375001716330521,
    "creative": 0.8446087240624618,
    "synthesis": 0.021875008581652606
  },
  "zone_entropy": 0.8513636441060001,
  "kurtosis": 1100.21533203125,
  "token_diversity_input": 0.7894736842105263,
  "loops_run": 7,
  "entropy": 0.59765625,
  "focus_index": 0.9999963045120239,
  "emancipation": 0.9919053912162781,
  "aks_friction": 0.0
}