{
  "prompt": "How do economic systems and ecological systems balance?",
  "category": "synthesis",
  "completion": "Okay, this is a really fascinating and increasingly important question! The relationship between economic systems (how we organize production and distribution of goods and services) and",
  "model_id": "gemma3-1b-it",
  "preset": "ACTIVE_MANIFOLD",
  "condition": "-aks",
  "completion_tokens": 30,
  "input_tokens": 19,
  "gen_time_sec": 2.6165456771850586,
  "phi": 0.9906030297279358,
  "zone": "CREATIVE",
  "zone_weights": {
    "math": 0.004308797814117213,
    "logic_a": 0.11678413310642405,
    "logic_b": 0.058392066553212024,
    "creative": 0.7913189672496408,
    "synthesis": 0.029196033276606012
  },
  "zone_entropy": 1.051010815218144,
  "kurtosis": 1112.46484375,
  "token_diversity_input": 0.7368421052631579,
  "loops_run": 7,
  "entropy": 0.734375,
  "focus_index": 0.999998927116394,
  "emancipation": 0.9913070201873779,
  "aks_friction": 0.0
}