{
  "prompt": "What is the connection between color theory and emotional states?",
  "category": "synthesis",
  "completion": "Okay, this is a fascinating and increasingly researched area! The connection between colour theory and emotions isn't just about pretty pictures; it\u2019s deeply",
  "model_id": "gemma3-1b-it",
  "preset": "ACTIVE_MANIFOLD",
  "condition": "-aks",
  "completion_tokens": 30,
  "input_tokens": 21,
  "gen_time_sec": 2.33581280708313,
  "phi": 0.9908282160758972,
  "zone": "CREATIVE",
  "zone_weights": {
    "math": 0.003795264105525055,
    "logic_a": 0.11040929827913212,
    "logic_b": 0.05520464913956606,
    "creative": 0.8029884619059938,
    "synthesis": 0.02760232456978303
  },
  "zone_entropy": 1.0093616581436673,
  "kurtosis": 1096.3931884765625,
  "token_diversity_input": 0.8095238095238095,
  "loops_run": 7,
  "entropy": 0.71875,
  "focus_index": 0.999992847442627,
  "emancipation": 0.9914750456809998,
  "aks_friction": 0.0
}