{
  "prompt": "If it rains, the ground gets wet. The ground is wet. Did it rain?",
  "category": "logic",
  "completion": "Yes, it\u2019s possible that it rained. \n\nThis is a classic example of a logical fallacy called \"affirming the consequent.\"\n\n*   ",
  "model_id": "gemma3-1b-it",
  "preset": "ACTIVE_MANIFOLD",
  "condition": "-aks",
  "completion_tokens": 30,
  "input_tokens": 28,
  "gen_time_sec": 2.173163890838623,
  "phi": 0.9908093214035034,
  "zone": "CREATIVE",
  "zone_weights": {
    "math": 0.012441414660682163,
    "logic_a": 0.18238128915772558,
    "logic_b": 0.09119064457886279,
    "creative": 0.6683913273132981,
    "synthesis": 0.045595322289431396
  },
  "zone_entropy": 1.4331579832326167,
  "kurtosis": 1092.852294921875,
  "token_diversity_input": 0.7142857142857143,
  "loops_run": 2,
  "entropy": 0.99609375,
  "focus_index": 0.9999797344207764,
  "emancipation": 0.9813350439071655,
  "aks_friction": 0.0
}