{
  "prompt": "What is the relationship between language and thought?",
  "category": "synthesis",
  "completion": "The relationship between languages and thoughts is a fascinating and complex one, debated by philosophers, linguists, psychologists, and neuroscientists for centuries. There'",
  "model_id": "gemma3-1b-it",
  "preset": "ACTIVE_MANIFOLD",
  "condition": "-aks",
  "completion_tokens": 30,
  "input_tokens": 19,
  "gen_time_sec": 2.4764022827148438,
  "phi": 0.9906460046768188,
  "zone": "CREATIVE",
  "zone_weights": {
    "math": 0.010819813393285601,
    "logic_a": 0.1724757682842154,
    "logic_b": 0.0862378841421077,
    "creative": 0.6873475901093374,
    "synthesis": 0.04311894207105385
  },
  "zone_entropy": 1.3802162630062835,
  "kurtosis": 1111.322509765625,
  "token_diversity_input": 0.7894736842105263,
  "loops_run": 2,
  "entropy": 1.0078125,
  "focus_index": 0.9999986886978149,
  "emancipation": 0.9780498743057251,
  "aks_friction": 0.0
}