{
  "prompt": "If today is Wednesday, what day will it be 10 days from now?",
  "category": "logic",
  "completion": "Today is Wednesday.\n\n*   Adding 1 day: Thursday\n*   Add another day: Friday\n* Add another day : Saturday\n*",
  "model_id": "gemma3-1b-it",
  "preset": "ACTIVE_MANIFOLD",
  "condition": "-aks",
  "completion_tokens": 30,
  "input_tokens": 27,
  "gen_time_sec": 2.226274013519287,
  "phi": 0.9909119606018066,
  "zone": "CREATIVE",
  "zone_weights": {
    "math": 0.027427682725340807,
    "logic_a": 0.24446900062406335,
    "logic_b": 0.12223450031203167,
    "creative": 0.5447515641825483,
    "synthesis": 0.06111725015601584
  },
  "zone_entropy": 1.7336019841348371,
  "kurtosis": 1109.6595458984375,
  "token_diversity_input": 0.8518518518518519,
  "loops_run": 2,
  "entropy": 1.15625,
  "focus_index": 0.9999963045120239,
  "emancipation": 0.9809892773628235,
  "aks_friction": 0.0
}