{
  "prompt": "How do rivers shape civilizations?",
  "category": "synthesis",
  "completion": "Rivers are so much more than just flowing water \u2013 they\u2019re powerful forces that have profoundly shaped the course of human civilization. Their influence is felt across",
  "model_id": "gemma3-1b-it",
  "preset": "ACTIVE_MANIFOLD",
  "condition": "-aks",
  "completion_tokens": 30,
  "input_tokens": 16,
  "gen_time_sec": 3.0513930320739746,
  "phi": 0.9904715418815613,
  "zone": "CREATIVE",
  "zone_weights": {
    "math": 0.0006542508872142613,
    "logic_a": 0.048901282347178374,
    "logic_b": 0.024450641173589187,
    "creative": 0.9137685030052236,
    "synthesis": 0.012225320586794593
  },
  "zone_entropy": 0.5473045186256662,
  "kurtosis": 1106.93896484375,
  "token_diversity_input": 0.75,
  "loops_run": 7,
  "entropy": 0.4140625,
  "focus_index": 0.9999988079071045,
  "emancipation": 0.9911994338035583,
  "aks_friction": 0.0
}