{
  "prompt": "Solve 5x = 25.",
  "category": "math",
  "completion": "5 * 5 = 10\n\nTherefore, x = 5\n\nThe solution is 5.\nApex Solution:\n\n**Step",
  "model_id": "gemma3-1b-it",
  "preset": "ACTIVE_MANIFOLD",
  "condition": "-aks",
  "completion_tokens": 30,
  "input_tokens": 19,
  "gen_time_sec": 2.3314692974090576,
  "phi": 0.9900941848754883,
  "zone": "LOGIC_A",
  "zone_weights": {
    "math": 0.08681070056679772,
    "logic_a": 0.3360184754476224,
    "logic_b": 0.1680092377238112,
    "creative": 0.32515696539986294,
    "synthesis": 0.0840046188619056
  },
  "zone_entropy": 2.0943260313938685,
  "kurtosis": 1097.8795166015625,
  "token_diversity_input": 0.6842105263157895,
  "loops_run": 2,
  "entropy": 1.4609375,
  "focus_index": 0.9999953508377075,
  "emancipation": 0.9778702259063721,
  "aks_friction": 0.0
}