{
  "prompt": "Compare a forest ecosystem to a market economy.",
  "category": "synthesis",
  "completion": "Okay, let's compare a forest ecosystems to a modern-day market economy! It\u2019s a fascinating exercise \u2013 both involve complex interactions and dynamic",
  "model_id": "gemma3-1b-it",
  "preset": "ACTIVE_MANIFOLD",
  "condition": "-aks",
  "completion_tokens": 30,
  "input_tokens": 19,
  "gen_time_sec": 2.378462553024292,
  "phi": 0.990466296672821,
  "zone": "CREATIVE",
  "zone_weights": {
    "math": 0.010819813393285601,
    "logic_a": 0.1724757682842154,
    "logic_b": 0.0862378841421077,
    "creative": 0.6873475901093374,
    "synthesis": 0.04311894207105385
  },
  "zone_entropy": 1.3802162630062835,
  "kurtosis": 1111.6634521484375,
  "token_diversity_input": 0.7368421052631579,
  "loops_run": 2,
  "entropy": 1.015625,
  "focus_index": 0.9999988079071045,
  "emancipation": 0.9779937267303467,
  "aks_friction": 0.0
}