{
  "prompt": "What can physics learn from biology?",
  "category": "synthesis",
  "completion": "Okay, this is a fantastic question! The relationship between physics and biology is incredibly rich and fruitful. Physics has profoundly influenced our understanding of life, and",
  "model_id": "gemma3-1b-it",
  "preset": "ACTIVE_MANIFOLD",
  "condition": "-aks",
  "completion_tokens": 30,
  "input_tokens": 17,
  "gen_time_sec": 2.7308189868927,
  "phi": 0.9905623197555542,
  "zone": "CREATIVE",
  "zone_weights": {
    "math": 0.0035509172898723464,
    "logic_a": 0.10718656070237484,
    "logic_b": 0.05359328035118742,
    "creative": 0.8088725994809717,
    "synthesis": 0.02679664017559371
  },
  "zone_entropy": 0.9879447850816269,
  "kurtosis": 1118.7081298828125,
  "token_diversity_input": 0.7647058823529411,
  "loops_run": 7,
  "entropy": 0.671875,
  "focus_index": 0.9999995231628418,
  "emancipation": 0.9915453195571899,
  "aks_friction": 0.0
}