{
  "prompt": "Describe the texture of a lie.",
  "category": "creative",
  "completion": "Okay, this is a really interesting and complex question! It's rarely a straightforward texture, as lies are often intangible and layered. Here\u2019s",
  "model_id": "gemma3-1b-it",
  "preset": "ACTIVE_MANIFOLD",
  "condition": "-aks",
  "completion_tokens": 30,
  "input_tokens": 17,
  "gen_time_sec": 2.3797659873962402,
  "phi": 0.9906406402587891,
  "zone": "CREATIVE",
  "zone_weights": {
    "math": 0.004941141716391999,
    "logic_a": 0.12400706413761058,
    "logic_b": 0.06200353206880529,
    "creative": 0.7780464940427895,
    "synthesis": 0.031001766034402644
  },
  "zone_entropy": 1.097103474395813,
  "kurtosis": 1098.1884765625,
  "token_diversity_input": 0.7647058823529411,
  "loops_run": 7,
  "entropy": 0.74609375,
  "focus_index": 0.9999966621398926,
  "emancipation": 0.9917125105857849,
  "aks_friction": 0.0
}