{
  "prompt": "What comes next in the sequence: 1, 1, 2, 3, 5, 8, ?",
  "category": "logic",
  "completion": "The next number in the Fibonacci sequence is 13.\n\nThe sequence is generated by adding the two preceding numbers.\u0939\u0940\u0928\n\u200d",
  "model_id": "gemma3-1b-it",
  "preset": "ACTIVE_MANIFOLD",
  "condition": "-aks",
  "completion_tokens": 30,
  "input_tokens": 36,
  "gen_time_sec": 2.2413992881774902,
  "phi": 0.9912375807762146,
  "zone": "LOGIC_A",
  "zone_weights": {
    "math": 0.11095231804138982,
    "logic_a": 0.35015873550865456,
    "logic_b": 0.17507936775432728,
    "creative": 0.27626989281846476,
    "synthesis": 0.08753968387716364
  },
  "zone_entropy": 2.1425095445833215,
  "kurtosis": 1022.0300903320312,
  "token_diversity_input": 0.5833333333333334,
  "loops_run": 4,
  "entropy": 1.4765625,
  "focus_index": 0.96959388256073,
  "emancipation": 0.9991104006767273,
  "aks_friction": 0.0
}