{
  "prompt": "How do cooking and chemistry relate?",
  "category": "synthesis",
  "completion": "Okay, let's break down the fascinating relationship between cooking and chemical reactions! It\u2019s a surprisingly deep connection. Here's how they intertw",
  "model_id": "gemma3-1b-it",
  "preset": "ACTIVE_MANIFOLD",
  "condition": "-aks",
  "completion_tokens": 30,
  "input_tokens": 17,
  "gen_time_sec": 2.6643595695495605,
  "phi": 0.9903760552406311,
  "zone": "CREATIVE",
  "zone_weights": {
    "math": 0.0035509172898723464,
    "logic_a": 0.10718656070237484,
    "logic_b": 0.05359328035118742,
    "creative": 0.8088725994809717,
    "synthesis": 0.02679664017559371
  },
  "zone_entropy": 0.9879447850816269,
  "kurtosis": 1107.0972900390625,
  "token_diversity_input": 0.7647058823529411,
  "loops_run": 7,
  "entropy": 0.69140625,
  "focus_index": 0.9999985694885254,
  "emancipation": 0.9913233518600464,
  "aks_friction": 0.0
}