{
  "prompt": "What is the smell of a forgotten promise?",
  "category": "creative",
  "completion": "The smell of forgotten promises is surprisingly complex and evokes a lot of emotions. It\u2019s not just one scent, but rather a layered experience \u2013 a",
  "model_id": "gemma3-1b-it",
  "preset": "ACTIVE_MANIFOLD",
  "condition": "-aks",
  "completion_tokens": 30,
  "input_tokens": 19,
  "gen_time_sec": 2.5829906463623047,
  "phi": 0.9911662936210632,
  "zone": "CREATIVE",
  "zone_weights": {
    "math": 0.005894193038077598,
    "logic_a": 0.13384812075057886,
    "logic_b": 0.06692406037528943,
    "creative": 0.7598715936484095,
    "synthesis": 0.033462030187644716
  },
  "zone_entropy": 1.1581346197068634,
  "kurtosis": 1110.6123046875,
  "token_diversity_input": 0.7894736842105263,
  "loops_run": 7,
  "entropy": 0.84375,
  "focus_index": 0.9999986886978149,
  "emancipation": 0.9921393394470215,
  "aks_friction": 0.0
}