{
  "prompt": "Solve 5x = 25.",
  "category": "math",
  "completion": "5 * 5 = 30\n\nTherefore, x = 6\n\nThe solution is 6.Apex\name\nMechanical",
  "model_id": "gemma3-1b-it",
  "preset": "ACTIVE_MANIFOLD",
  "condition": "-all",
  "completion_tokens": 30,
  "input_tokens": 19,
  "gen_time_sec": 2.246687412261963,
  "phi": 0.9906514286994934,
  "zone": "LOGIC_A",
  "zone_weights": {
    "math": 0.1074738215572478,
    "logic_a": 0.3485401270388979,
    "logic_b": 0.17427006351944896,
    "creative": 0.28258095412468087,
    "synthesis": 0.08713503175972448
  },
  "zone_entropy": 2.137089119368543,
  "kurtosis": 1045.35888671875,
  "token_diversity_input": 0.6842105263157895,
  "loops_run": 2,
  "entropy": 1.453125,
  "focus_index": 0.9991846680641174,
  "emancipation": 0.0,
  "aks_friction": 0.0
}