{
  "prompt": "If it rains, the ground gets wet. The ground is wet. Did it rain?",
  "category": "logic",
  "completion": "Yes, it\u2019s possible that it rained. \n\nThis is a classic logic puzzle! Here's how it works:\n\n*   **",
  "model_id": "gemma3-1b-it",
  "preset": "ACTIVE_MANIFOLD",
  "condition": "-all",
  "completion_tokens": 30,
  "input_tokens": 28,
  "gen_time_sec": 2.1247124671936035,
  "phi": 0.9908261299133301,
  "zone": "CREATIVE",
  "zone_weights": {
    "math": 0.012441414660682163,
    "logic_a": 0.18238128915772558,
    "logic_b": 0.09119064457886279,
    "creative": 0.6683913273132981,
    "synthesis": 0.045595322289431396
  },
  "zone_entropy": 1.4331579832326167,
  "kurtosis": 1108.099609375,
  "token_diversity_input": 0.7142857142857143,
  "loops_run": 2,
  "entropy": 0.99609375,
  "focus_index": 0.9999953508377075,
  "emancipation": 0.0,
  "aks_friction": 0.0
}