{
  "prompt": "Write a toast given at the end of the universe.",
  "category": "creative",
  "completion": "Okay, here's a toast for the end-of-the-universe. It\u2019s designed to be both reflective and slightly melancholic,",
  "model_id": "gemma3-1b-it",
  "preset": "ACTIVE_MANIFOLD",
  "condition": "-all",
  "completion_tokens": 30,
  "input_tokens": 21,
  "gen_time_sec": 2.1831583976745605,
  "phi": 0.990942120552063,
  "zone": "CREATIVE",
  "zone_weights": {
    "math": 0.009263947621982889,
    "logic_a": 0.16190531495171823,
    "logic_b": 0.08095265747585911,
    "creative": 0.7074017492125103,
    "synthesis": 0.04047632873792956
  },
  "zone_entropy": 1.3220069477317762,
  "kurtosis": 1118.8653564453125,
  "token_diversity_input": 0.7619047619047619,
  "loops_run": 7,
  "entropy": 0.95703125,
  "focus_index": 0.9999991655349731,
  "emancipation": 0.0,
  "aks_friction": 0.0
}