{
  "prompt": "Solve for x: 2x + 5 = 17",
  "category": "math",
  "completion": "To solve for $x$, we need to isolate $x$ in the equation $2x+5=17$.\n\nFirst, subtract ",
  "model_id": "gemma3-1b-it",
  "preset": "ACTIVE_MANIFOLD",
  "condition": "-all",
  "completion_tokens": 30,
  "input_tokens": 24,
  "gen_time_sec": 2.1233904361724854,
  "phi": 0.9906113147735596,
  "zone": "CREATIVE",
  "zone_weights": {
    "math": 0.016689747043680963,
    "logic_a": 0.20437288313497873,
    "logic_b": 0.10218644156748936,
    "creative": 0.6256577054701062,
    "synthesis": 0.05109322078374468
  },
  "zone_entropy": 1.5454989965546335,
  "kurtosis": 1098.6700439453125,
  "token_diversity_input": 0.75,
  "loops_run": 2,
  "entropy": 1.1015625,
  "focus_index": 0.9999920129776001,
  "emancipation": 0.0,
  "aks_friction": 0.0
}