{
  "prompt": "Describe the texture of a lie.",
  "category": "creative",
  "completion": "Okay, this is a really interesting and complex question! It's difficult to describe because lies aren\u2019t like physical objects with a tangible texture.",
  "model_id": "gemma3-1b-it",
  "preset": "ACTIVE_MANIFOLD",
  "condition": "-all",
  "completion_tokens": 30,
  "input_tokens": 17,
  "gen_time_sec": 2.320730447769165,
  "phi": 0.990490198135376,
  "zone": "CREATIVE",
  "zone_weights": {
    "math": 0.0018046067388974116,
    "logic_a": 0.07880316880036743,
    "logic_b": 0.039401584400183716,
    "creative": 0.8602898458604594,
    "synthesis": 0.019700792200091858
  },
  "zone_entropy": 0.7875309242254662,
  "kurtosis": 1099.17919921875,
  "token_diversity_input": 0.7647058823529411,
  "loops_run": 7,
  "entropy": 0.51171875,
  "focus_index": 0.9999969005584717,
  "emancipation": 0.0,
  "aks_friction": 0.0
}