{
  "prompt": "Solve: 3^4 = ?",
  "category": "math",
  "completion": "To solve for $3^2$, we calculate $3^{2n}$ which is equal to $(3^1)^n$ or $3",
  "model_id": "gemma3-1b-it",
  "preset": "ACTIVE_MANIFOLD",
  "condition": "-all",
  "completion_tokens": 30,
  "input_tokens": 18,
  "gen_time_sec": 2.1938412189483643,
  "phi": 0.990129292011261,
  "zone": "CREATIVE",
  "zone_weights": {
    "math": 0.011741561868101382,
    "logic_a": 0.1782299256260461,
    "logic_b": 0.08911496281302304,
    "creative": 0.676356066286318,
    "synthesis": 0.04455748140651152
  },
  "zone_entropy": 1.4111544239784035,
  "kurtosis": 1097.3245849609375,
  "token_diversity_input": 0.7777777777777778,
  "loops_run": 2,
  "entropy": 0.9296875,
  "focus_index": 0.9999957084655762,
  "emancipation": 0.0,
  "aks_friction": 0.0
}