{
  "prompt": "Write three sentences about a snowflake that refuses to melt.",
  "category": "creative",
  "completion": "The snowflake clung stubbornly to the branch, refusing to surrender to the icy grip of winter. Its delicate crystal structure held fast against the biting wind, defying",
  "model_id": "gemma3-1b-it",
  "preset": "ACTIVE_MANIFOLD",
  "condition": "-all",
  "completion_tokens": 30,
  "input_tokens": 21,
  "gen_time_sec": 2.3057971000671387,
  "phi": 0.991450846195221,
  "zone": "CREATIVE",
  "zone_weights": {
    "math": 0.006920509041984602,
    "logic_a": 0.14334061579688945,
    "logic_b": 0.07167030789844472,
    "creative": 0.7422334113134589,
    "synthesis": 0.03583515394922236
  },
  "zone_entropy": 1.2151871947253627,
  "kurtosis": 1115.4407958984375,
  "token_diversity_input": 0.8095238095238095,
  "loops_run": 7,
  "entropy": 0.8203125,
  "focus_index": 0.999998927116394,
  "emancipation": 0.0,
  "aks_friction": 0.0
}