{
  "prompt": "If P is false, what is the truth value of 'P or Q'?",
  "category": "logic",
  "completion": "Let's analyze the statement \"P or q\" (represented as P \u2228 q).\n\n*   **Truth Table:**  The truth table",
  "model_id": "gemma3-1b-it",
  "preset": "ACTIVE_MANIFOLD",
  "condition": "-all",
  "completion_tokens": 30,
  "input_tokens": 26,
  "gen_time_sec": 2.3633172512054443,
  "phi": 0.990854024887085,
  "zone": "CREATIVE",
  "zone_weights": {
    "math": 0.003795264105525055,
    "logic_a": 0.11040929827913212,
    "logic_b": 0.05520464913956606,
    "creative": 0.8029884619059938,
    "synthesis": 0.02760232456978303
  },
  "zone_entropy": 1.0093616581436673,
  "kurtosis": 1078.2880859375,
  "token_diversity_input": 0.8076923076923077,
  "loops_run": 7,
  "entropy": 0.69140625,
  "focus_index": 0.9999291896820068,
  "emancipation": 0.0,
  "aks_friction": 0.0
}