{
  "prompt": "What is 9 squared?",
  "category": "math",
  "completion": "9 squared (9) is 3 * 3 = 9.\n\nSo, 9\u00b2 = 36\n\nTherefore, 2",
  "model_id": "gemma3-1b-it",
  "preset": "ACTIVE_MANIFOLD",
  "condition": "-all",
  "completion_tokens": 30,
  "input_tokens": 16,
  "gen_time_sec": 2.271481990814209,
  "phi": 0.9906646609306335,
  "zone": "LOGIC_A",
  "zone_weights": {
    "math": 0.11668884538842857,
    "logic_a": 0.35256850563635705,
    "logic_b": 0.17628425281817853,
    "creative": 0.2663162677479467,
    "synthesis": 0.08814212640908926
  },
  "zone_entropy": 2.1505343346369212,
  "kurtosis": 1102.094970703125,
  "token_diversity_input": 0.75,
  "loops_run": 2,
  "entropy": 1.46875,
  "focus_index": 0.9999980926513672,
  "emancipation": 0.0,
  "aks_friction": 0.0
}