{
  "prompt": "Compare the role of ritual in religion and in software development.",
  "category": "synthesis",
  "completion": "Okay, let's compare the roles of ritual and software development \u2013 both often involve structured processes, adherence to rules, a sense of shared experience,",
  "model_id": "gemma3-1b-it",
  "preset": "ACTIVE_MANIFOLD",
  "condition": "-all",
  "completion_tokens": 30,
  "input_tokens": 22,
  "gen_time_sec": 2.122938394546509,
  "phi": 0.990990400314331,
  "zone": "CREATIVE",
  "zone_weights": {
    "math": 0.011399931855267487,
    "logic_a": 0.17613700508087776,
    "logic_b": 0.08806850254043888,
    "creative": 0.6803603072531965,
    "synthesis": 0.04403425127021944
  },
  "zone_entropy": 1.399961144701211,
  "kurtosis": 1109.3787841796875,
  "token_diversity_input": 0.7727272727272727,
  "loops_run": 2,
  "entropy": 0.9765625,
  "focus_index": 0.9999977350234985,
  "emancipation": 0.0,
  "aks_friction": 0.0
}