{
  "prompt": "What is 1000 - 437?",
  "category": "math",
  "completion": "1053\n\nThe answer is 964.Apex Solutions\u200d\namezon\n\u0434\u0430\u043a\u200c\u0647\u0627!\n",
  "model_id": "gemma3-1b-it",
  "preset": "ACTIVE_MANIFOLD",
  "condition": "-all",
  "completion_tokens": 30,
  "input_tokens": 23,
  "gen_time_sec": 2.1236348152160645,
  "phi": 0.9897181987762451,
  "zone": "CREATIVE",
  "zone_weights": {
    "math": 0.060064782589088116,
    "logic_a": 0.3094109224509982,
    "logic_b": 0.1547054612254991,
    "creative": 0.3984661011216651,
    "synthesis": 0.07735273061274955
  },
  "zone_entropy": 1.998450690417298,
  "kurtosis": 1044.021484375,
  "token_diversity_input": 0.6956521739130435,
  "loops_run": 2,
  "entropy": 1.375,
  "focus_index": 0.9984997510910034,
  "emancipation": 0.0,
  "aks_friction": 0.0
}