{
  "prompt": "Write a haiku about a forgotten robot.",
  "category": "creative",
  "completion": "Rust whispers softly,\nSilent gears turn slow and still,\nLost in shadowed space. \n\n\u0e0d\u0e32\u0e15ifullyNeat!  ",
  "model_id": "gemma3-1b-it",
  "preset": "ACTIVE_MANIFOLD",
  "condition": "-all",
  "completion_tokens": 30,
  "input_tokens": 19,
  "gen_time_sec": 2.3640739917755127,
  "phi": 0.990332305431366,
  "zone": "CREATIVE",
  "zone_weights": {
    "math": 0.008013271323085297,
    "logic_a": 0.1524607205756462,
    "logic_b": 0.0762303602878231,
    "creative": 0.7251804656695339,
    "synthesis": 0.03811518014391155
  },
  "zone_entropy": 1.268421515114433,
  "kurtosis": 1112.518310546875,
  "token_diversity_input": 0.7368421052631579,
  "loops_run": 7,
  "entropy": 0.8984375,
  "focus_index": 0.999998927116394,
  "emancipation": 0.0,
  "aks_friction": 0.0
}