{
  "prompt": "Describe a city built entirely of music.",
  "category": "creative",
  "completion": "Okay, here\u2019s a description of a city called Cadenza, built entirely out of music:\n\n**Cadenza: A City Forged in",
  "model_id": "gemma3-1b-it",
  "preset": "ACTIVE_MANIFOLD",
  "condition": "-coupler",
  "completion_tokens": 30,
  "input_tokens": 18,
  "gen_time_sec": 2.466620922088623,
  "phi": 0.9904180765151978,
  "zone": "CREATIVE",
  "zone_weights": {
    "math": 0.021066739766059658,
    "logic_a": 0.22279359502247342,
    "logic_b": 0.11139679751123671,
    "creative": 0.589044466944612,
    "synthesis": 0.055698398755618356
  },
  "zone_entropy": 1.63446277664865,
  "kurtosis": 1104.9150390625,
  "token_diversity_input": 0.7777777777777778,
  "loops_run": 2,
  "entropy": 1.171875,
  "focus_index": 0.9999979734420776,
  "emancipation": 0.9778729677200317,
  "aks_friction": 0.1025390625
}