{
  "input_file": "/run/media/julian/ML4/ollama-work/all_space_6_16_stand/scratches/consolidation/out/1B/-coupler_aggregate.json",
  "scale": "1B",
  "model_id": "gemma3-1b-it",
  "preset": "ACTIVE_MANIFOLD",
  "n_prompts_total": 80,
  "n_successful": 80,
  "n_errors": 0,
  "anova_zone_entropy": {
    "F": 20.088280016320248,
    "p_approx": 3.984129574673928e-09,
    "eta_squared": 0.4422625823896116,
    "ss_between": 5.31149089696858,
    "ss_within": 6.698322070408836,
    "k": 3,
    "n": 76
  },
  "anova_phi": {
    "F": 4.983084883663708,
    "p_approx": 0.0034266455129402227,
    "eta_squared": 0.16436918266518433,
    "ss_between": 3.2687644638595312e-06,
    "ss_within": 1.661795889180695e-05,
    "k": 3,
    "n": 76
  },
  "r2_token_diversity_to_zone_entropy": 0.2569501155147431,
  "mean_phi_per_category": {
    "math": 0.9901289105415344,
    "logic": 0.9905171245336533,
    "creative": 0.9905913442373275,
    "synthesis": 0.9906436413526535
  },
  "mean_zone_entropy_per_category": {
    "math": 1.757447046881199,
    "logic": 1.4353127853600804,
    "creative": 1.170814404522923,
    "synthesis": 1.1024793561194177
  },
  "mean_kurtosis_per_category": {
    "math": 1100.1202880859375,
    "logic": 1099.8944366455078,
    "creative": 1103.7592712402343,
    "synthesis": 1108.5062683105468
  },
  "mean_zone_weights_per_category": {
    "math": {
      "math": 0.041069219495357176,
      "logic_a": 0.2549961567816317,
      "logic_b": 0.12749807839081584,
      "creative": 0.5126875041367873,
      "synthesis": 0.06374903919540792
    },
    "logic": {
      "math": 0.024251379501789294,
      "logic_a": 0.19065981866194198,
      "logic_b": 0.09532990933097099,
      "creative": 0.6420939358398122,
      "synthesis": 0.047664954665485496
    },
    "creative": {
      "math": 0.007315303532092868,
      "logic_a": 0.1382522992356128,
      "logic_b": 0.0691261496178064,
      "creative": 0.7507431708055846,
      "synthesis": 0.0345630748089032
    },
    "synthesis": {
      "math": 0.006311600754088318,
      "logic_a": 0.12795189956493677,
      "logic_b": 0.06397594978246839,
      "creative": 0.7697725730072724,
      "synthesis": 0.03198797489123419
    }
  },
  "verdict": "ANTI_P_ZOMBIE_CONFIRMED",
  "verdict_note": "\u03b7\u00b2=0.442 \u2265 0.10 AND R\u00b2(TD\u2192H)=0.257 < 0.30. Zone entropy is high-variance across categories and is NOT explained by token diversity."
}