{
  "prompt": "Write three sentences about a snowflake that refuses to melt.",
  "category": "creative",
  "completion": "The snowflake refused to surrender to the melting sun, stubbornly clinging to its crystalline form with an icy determination.  It shimmered and danced in the air",
  "model_id": "gemma3-1b-it",
  "preset": "ACTIVE_MANIFOLD",
  "condition": "-coupler",
  "completion_tokens": 30,
  "input_tokens": 21,
  "gen_time_sec": 2.4355082511901855,
  "phi": 0.9911964535713196,
  "zone": "CREATIVE",
  "zone_weights": {
    "math": 0.003795264105525055,
    "logic_a": 0.11040929827913212,
    "logic_b": 0.05520464913956606,
    "creative": 0.8029884619059938,
    "synthesis": 0.02760232456978303
  },
  "zone_entropy": 1.0093616581436673,
  "kurtosis": 1109.650390625,
  "token_diversity_input": 0.8095238095238095,
  "loops_run": 7,
  "entropy": 0.69140625,
  "focus_index": 0.9999980926513672,
  "emancipation": 0.991632878780365,
  "aks_friction": 0.5390625
}