{
  "prompt": "Invent a word for the feeling of a Sunday afternoon in autumn.",
  "category": "creative",
  "completion": "Okay, here are a few options for a word describing that feeling \u2013 \u201cAutumn\u2019s Hush\u201d \u2013 with explanations of why they work:\n\n**",
  "model_id": "gemma3-1b-it",
  "preset": "ACTIVE_MANIFOLD",
  "condition": "-coupler",
  "completion_tokens": 30,
  "input_tokens": 23,
  "gen_time_sec": 2.381687879562378,
  "phi": 0.9907678961753845,
  "zone": "CREATIVE",
  "zone_weights": {
    "math": 0.006036479454214697,
    "logic_a": 0.13522621605179685,
    "logic_b": 0.06761310802589843,
    "creative": 0.7573176404551407,
    "synthesis": 0.033806554012949214
  },
  "zone_entropy": 1.1665252889994107,
  "kurtosis": 1100.7850341796875,
  "token_diversity_input": 0.782608695652174,
  "loops_run": 7,
  "entropy": 0.84765625,
  "focus_index": 0.999994158744812,
  "emancipation": 0.9914829730987549,
  "aks_friction": 0.10009765625
}