{
  "prompt": "Compare the structure of a symphony to the structure of a programming language.",
  "category": "synthesis",
  "completion": "Okay, let's compare the structure and function of a musical score (like Beethoven\u2019s Symphony) with a programming Language.\n\n**1.",
  "model_id": "gemma3-1b-it",
  "preset": "ACTIVE_MANIFOLD",
  "condition": "-coupler",
  "completion_tokens": 30,
  "input_tokens": 24,
  "gen_time_sec": 2.204521656036377,
  "phi": 0.9909335374832153,
  "zone": "CREATIVE",
  "zone_weights": {
    "math": 0.016689747043680963,
    "logic_a": 0.20437288313497873,
    "logic_b": 0.10218644156748936,
    "creative": 0.6256577054701062,
    "synthesis": 0.05109322078374468
  },
  "zone_entropy": 1.5454989965546335,
  "kurtosis": 1106.7525634765625,
  "token_diversity_input": 0.6666666666666666,
  "loops_run": 2,
  "entropy": 1.09375,
  "focus_index": 0.9999963045120239,
  "emancipation": 0.9794363379478455,
  "aks_friction": 0.0
}