{
  "prompt": "How do economic systems and ecological systems balance?",
  "category": "synthesis",
  "completion": "Okay, this is a really fascinating and complex question! The relationship between economic systems (how we organize production and distribution of goods and services) and ecological",
  "model_id": "gemma3-1b-it",
  "preset": "ACTIVE_MANIFOLD",
  "condition": "-coupler",
  "completion_tokens": 30,
  "input_tokens": 19,
  "gen_time_sec": 2.57027530670166,
  "phi": 0.9906123876571655,
  "zone": "CREATIVE",
  "zone_weights": {
    "math": 0.005894193038077598,
    "logic_a": 0.13384812075057886,
    "logic_b": 0.06692406037528943,
    "creative": 0.7598715936484095,
    "synthesis": 0.033462030187644716
  },
  "zone_entropy": 1.1581346197068634,
  "kurtosis": 1114.628662109375,
  "token_diversity_input": 0.7368421052631579,
  "loops_run": 7,
  "entropy": 0.765625,
  "focus_index": 0.9999990463256836,
  "emancipation": 0.9913351535797119,
  "aks_friction": 0.181640625
}