{
  "prompt": "Describe the color of silence to someone who has never seen.",
  "category": "creative",
  "completion": "Okay, this is a really interesting challenge! Describing something that doesn't exist in the way we experience colors is difficult, but I\u2019ll",
  "model_id": "gemma3-1b-it",
  "preset": "ACTIVE_MANIFOLD",
  "condition": "-coupler",
  "completion_tokens": 30,
  "input_tokens": 22,
  "gen_time_sec": 2.5054919719696045,
  "phi": 0.9901697635650635,
  "zone": "CREATIVE",
  "zone_weights": {
    "math": 0.0014246085347594997,
    "logic_a": 0.07061266364271561,
    "logic_b": 0.035306331821357805,
    "creative": 0.875003228090488,
    "synthesis": 0.017653165910678902
  },
  "zone_entropy": 0.7251742579145088,
  "kurtosis": 1096.929443359375,
  "token_diversity_input": 0.8181818181818182,
  "loops_run": 7,
  "entropy": 0.5,
  "focus_index": 0.9999923706054688,
  "emancipation": 0.9899253249168396,
  "aks_friction": 0.89453125
}