{
  "prompt": "How does the structure of DNA relate to information theory?",
  "category": "synthesis",
  "completion": "Okay, this is a fascinating and increasingly popular area of research! The connection between DNA's structure and information theory has exploded in recent years. It",
  "model_id": "gemma3-1b-it",
  "preset": "ACTIVE_MANIFOLD",
  "condition": "-coupler",
  "completion_tokens": 30,
  "input_tokens": 21,
  "gen_time_sec": 2.468151330947876,
  "phi": 0.9907042384147644,
  "zone": "CREATIVE",
  "zone_weights": {
    "math": 0.003795264105525055,
    "logic_a": 0.11040929827913212,
    "logic_b": 0.05520464913956606,
    "creative": 0.8029884619059938,
    "synthesis": 0.02760232456978303
  },
  "zone_entropy": 1.0093616581436673,
  "kurtosis": 1125.0819091796875,
  "token_diversity_input": 0.8095238095238095,
  "loops_run": 7,
  "entropy": 0.71484375,
  "focus_index": 0.9999995231628418,
  "emancipation": 0.9909273386001587,
  "aks_friction": 0.79296875
}