{
  "prompt": "If all Zorps are Frims, and no Frim is a Glip, can a Zorp be a Glip?",
  "category": "logic",
  "completion": "This is a classic logic puzzle! Here's how to break it down:\n\n*   **Premise 1:** All Zorps (Z",
  "model_id": "gemma3-1b-it",
  "preset": "ACTIVE_MANIFOLD",
  "condition": "-coupler",
  "completion_tokens": 30,
  "input_tokens": 36,
  "gen_time_sec": 2.6020588874816895,
  "phi": 0.9903336763381958,
  "zone": "CREATIVE",
  "zone_weights": {
    "math": 0.004793937812175172,
    "logic_a": 0.12238066357559238,
    "logic_b": 0.06119033178779619,
    "creative": 0.781039898930538,
    "synthesis": 0.030595165893898095
  },
  "zone_entropy": 1.0868232922337813,
  "kurtosis": 1112.4578857421875,
  "token_diversity_input": 0.7222222222222222,
  "loops_run": 7,
  "entropy": 0.73828125,
  "focus_index": 0.9999951124191284,
  "emancipation": 0.9895637035369873,
  "aks_friction": 1.0
}