{
  "prompt": "What is 0.25 as a fraction?",
  "category": "math",
  "completion": "To convert the decimal 0,25 to a fraction, we divide by 1 and multiply by an appropriate power of 10:\n\n",
  "model_id": "gemma3-1b-it",
  "preset": "ACTIVE_MANIFOLD",
  "condition": "-injection",
  "completion_tokens": 30,
  "input_tokens": 21,
  "gen_time_sec": 2.224721670150757,
  "phi": 0.9901007413864136,
  "zone": "CREATIVE",
  "zone_weights": {
    "math": 0.021306687140113897,
    "logic_a": 0.22370841050346837,
    "logic_b": 0.11185420525173419,
    "creative": 0.5872035924788164,
    "synthesis": 0.055927102625867094
  },
  "zone_entropy": 1.6387653370974173,
  "kurtosis": 1117.6392822265625,
  "token_diversity_input": 0.8095238095238095,
  "loops_run": 2,
  "entropy": 1.1015625,
  "focus_index": 0.9999991655349731,
  "emancipation": 0.9780882000923157,
  "aks_friction": 0.0
}