{
  "prompt": "If some birds cannot fly, can we say all birds fly?",
  "category": "logic",
  "completion": "No, that's not true. It\u2019s a common misconception!\n\nHere's why:\n\n* **Birds are diverse:** There are",
  "model_id": "gemma3-1b-it",
  "preset": "ACTIVE_MANIFOLD",
  "condition": "-injection",
  "completion_tokens": 30,
  "input_tokens": 23,
  "gen_time_sec": 2.420850992202759,
  "phi": 0.9896450042724609,
  "zone": "CREATIVE",
  "zone_weights": {
    "math": 0.004523272421640808,
    "logic_a": 0.11930508708945795,
    "logic_b": 0.05965254354472897,
    "creative": 0.7866928231718079,
    "synthesis": 0.029826271772364486
  },
  "zone_entropy": 1.0672275055086724,
  "kurtosis": 1101.23388671875,
  "token_diversity_input": 0.7391304347826086,
  "loops_run": 7,
  "entropy": 0.765625,
  "focus_index": 0.9999943971633911,
  "emancipation": 0.9889490008354187,
  "aks_friction": 1.0
}