{
  "prompt": "Imagine a door that opens onto yesterday.",
  "category": "creative",
  "completion": "The rain hammered against the warped wood, each drop a tiny drumbeat on a forgotten rhythm. The air hung thick with the scent of wet earth and",
  "model_id": "gemma3-1b-it",
  "preset": "ACTIVE_MANIFOLD",
  "condition": "-injection",
  "completion_tokens": 30,
  "input_tokens": 18,
  "gen_time_sec": 2.4870314598083496,
  "phi": 0.9913012385368347,
  "zone": "CREATIVE",
  "zone_weights": {
    "math": 0.0023953548125688834,
    "logic_a": 0.08974248023607778,
    "logic_b": 0.04487124011803889,
    "creative": 0.840555302774295,
    "synthesis": 0.022435620059019445
  },
  "zone_entropy": 0.8674540302001225,
  "kurtosis": 1104.2689208984375,
  "token_diversity_input": 0.7777777777777778,
  "loops_run": 7,
  "entropy": 0.60546875,
  "focus_index": 0.9999978542327881,
  "emancipation": 0.9922671914100647,
  "aks_friction": 0.10009765625
}