{
  "prompt": "What comes next in the sequence: 1, 1, 2, 3, 5, 8, ?",
  "category": "logic",
  "completion": "The next number in the Fibonacci sequence is 13.\n\nThe sequence is generated by adding the two preceding numbers.\u0939\u0940\u0928\n\u0939\u0940\u0928 ",
  "model_id": "gemma3-1b-it",
  "preset": "ACTIVE_MANIFOLD",
  "condition": "-injection",
  "completion_tokens": 30,
  "input_tokens": 36,
  "gen_time_sec": 2.223055124282837,
  "phi": 0.992246150970459,
  "zone": "LOGIC_A",
  "zone_weights": {
    "math": 0.1288022873376968,
    "logic_a": 0.3567047740395993,
    "logic_b": 0.17835238701979966,
    "creative": 0.24696435609300427,
    "synthesis": 0.08917619350989983
  },
  "zone_entropy": 2.164183350584237,
  "kurtosis": 1059.470458984375,
  "token_diversity_input": 0.5833333333333334,
  "loops_run": 2,
  "entropy": 1.484375,
  "focus_index": 0.9991655349731445,
  "emancipation": 0.9829542636871338,
  "aks_friction": 0.0
}