{
  "prompt": "Complete: 1, 4, 9, 16, ?",
  "category": "logic",
  "completion": "1, **4**\n\nThe sequence is 1 through 4.  It's a simple arithmetic progression with a common difference of 3",
  "model_id": "gemma3-1b-it",
  "preset": "ACTIVE_MANIFOLD",
  "condition": "-injection",
  "completion_tokens": 30,
  "input_tokens": 26,
  "gen_time_sec": 2.1928184032440186,
  "phi": 0.990655243396759,
  "zone": "CREATIVE",
  "zone_weights": {
    "math": 0.037288789672753474,
    "logic_a": 0.2702714744414095,
    "logic_b": 0.13513573722070474,
    "creative": 0.4897361280547801,
    "synthesis": 0.06756786861035237
  },
  "zone_entropy": 1.844351148336375,
  "kurtosis": 1105.696044921875,
  "token_diversity_input": 0.5769230769230769,
  "loops_run": 2,
  "entropy": 1.2890625,
  "focus_index": 0.9999951124191284,
  "emancipation": 0.9800379872322083,
  "aks_friction": 0.0
}