{
  "prompt": "Compare the role of ritual in religion and in software development.",
  "category": "synthesis",
  "completion": "Okay, let's compare the roles of ritual and software development \u2013 both often involve structured processes, adherence to rules, a sense of purpose, and",
  "model_id": "gemma3-1b-it",
  "preset": "ACTIVE_MANIFOLD",
  "condition": "-injection",
  "completion_tokens": 30,
  "input_tokens": 22,
  "gen_time_sec": 2.20428204536438,
  "phi": 0.9908466935157776,
  "zone": "CREATIVE",
  "zone_weights": {
    "math": 0.014999971767822643,
    "logic_a": 0.19620902499709342,
    "logic_b": 0.09810451249854671,
    "creative": 0.6416342324872638,
    "synthesis": 0.049052256249273354
  },
  "zone_entropy": 1.5046022968756585,
  "kurtosis": 1110.538330078125,
  "token_diversity_input": 0.7727272727272727,
  "loops_run": 2,
  "entropy": 0.99609375,
  "focus_index": 0.9999979734420776,
  "emancipation": 0.9786716103553772,
  "aks_friction": 0.0
}