{
  "prompt": "What would a museum of lost thoughts look like?",
  "category": "creative",
  "completion": "Okay, this is a fantastic and wonderfully imaginative question! A museum dedicated to lost thoughts \u2013 it\u2019s a truly unique concept. Here's a",
  "model_id": "gemma3-1b-it",
  "preset": "ACTIVE_MANIFOLD",
  "condition": "-injection",
  "completion_tokens": 30,
  "input_tokens": 20,
  "gen_time_sec": 2.5432822704315186,
  "phi": 0.99067622423172,
  "zone": "CREATIVE",
  "zone_weights": {
    "math": 0.004039089248979032,
    "logic_a": 0.11349919140408912,
    "logic_b": 0.05674959570204456,
    "creative": 0.7973373237938651,
    "synthesis": 0.02837479785102228
  },
  "zone_entropy": 1.029665660771014,
  "kurtosis": 1105.2459716796875,
  "token_diversity_input": 0.8,
  "loops_run": 7,
  "entropy": 0.703125,
  "focus_index": 0.9999973773956299,
  "emancipation": 0.9909772276878357,
  "aks_friction": 0.58984375
}