{
  "prompt": "What is the connection between a poem and a mathematical proof?",
  "category": "synthesis",
  "completion": "Okay, this is a fascinating and surprisingly deep question! The connection between poetry and mathematics lies in their shared ability to explore patterns, structure, and meaning",
  "model_id": "gemma3-1b-it",
  "preset": "ACTIVE_MANIFOLD",
  "condition": "-injection",
  "completion_tokens": 30,
  "input_tokens": 22,
  "gen_time_sec": 2.339766502380371,
  "phi": 0.9910930395126343,
  "zone": "CREATIVE",
  "zone_weights": {
    "math": 0.011399931855267487,
    "logic_a": 0.17613700508087776,
    "logic_b": 0.08806850254043888,
    "creative": 0.6803603072531965,
    "synthesis": 0.04403425127021944
  },
  "zone_entropy": 1.399961144701211,
  "kurtosis": 1109.446044921875,
  "token_diversity_input": 0.7727272727272727,
  "loops_run": 2,
  "entropy": 0.921875,
  "focus_index": 0.9999977350234985,
  "emancipation": 0.979629397392273,
  "aks_friction": 0.443359375
}