{
  "prompt": "What is 1000 - 437?",
  "category": "math",
  "completion": "1053\n\nThe answer is 964.Apex Solutions\u200d\namezon\nOkay, I apologize for",
  "model_id": "gemma3-1b-it",
  "preset": "ACTIVE_MANIFOLD",
  "condition": "-injection",
  "completion_tokens": 30,
  "input_tokens": 23,
  "gen_time_sec": 2.190784454345703,
  "phi": 0.9897454977035522,
  "zone": "CREATIVE",
  "zone_weights": {
    "math": 0.04805211234841635,
    "logic_a": 0.29144543926427446,
    "logic_b": 0.14572271963213723,
    "creative": 0.44191836693910325,
    "synthesis": 0.07286135981606862
  },
  "zone_entropy": 1.9297139493321172,
  "kurtosis": 1085.6541748046875,
  "token_diversity_input": 0.6956521739130435,
  "loops_run": 2,
  "entropy": 1.3671875,
  "focus_index": 0.999974250793457,
  "emancipation": 0.978791356086731,
  "aks_friction": 0.0
}