{
  "prompt": "How many degrees are in a triangle?",
  "category": "math",
  "completion": "A triangle has three sides and three angles. The sum of the measures of the interior angles of any triangle is 180 degrees.\n\nWe",
  "model_id": "gemma3-1b-it",
  "preset": "ACTIVE_MANIFOLD",
  "condition": "-injection",
  "completion_tokens": 30,
  "input_tokens": 18,
  "gen_time_sec": 2.429821252822876,
  "phi": 0.9901533722877502,
  "zone": "CREATIVE",
  "zone_weights": {
    "math": 0.011741561868101382,
    "logic_a": 0.1782299256260461,
    "logic_b": 0.08911496281302304,
    "creative": 0.676356066286318,
    "synthesis": 0.04455748140651152
  },
  "zone_entropy": 1.4111544239784035,
  "kurtosis": 1114.7581787109375,
  "token_diversity_input": 0.7777777777777778,
  "loops_run": 2,
  "entropy": 0.9453125,
  "focus_index": 0.9999992847442627,
  "emancipation": 0.977439820766449,
  "aks_friction": 0.244140625
}