{
  "prompt": "Is the statement 'I am lying' a paradox?",
  "category": "logic",
  "completion": "The statement \"I am telling the truth\" is often considered a classic paradox. It\u2019s a well-known philosophical problem, and whether it'",
  "model_id": "gemma3-1b-it",
  "preset": "ACTIVE_MANIFOLD",
  "condition": "-injection",
  "completion_tokens": 30,
  "input_tokens": 21,
  "gen_time_sec": 2.4349939823150635,
  "phi": 0.990612268447876,
  "zone": "CREATIVE",
  "zone_weights": {
    "math": 0.005138871035132175,
    "logic_a": 0.12614358074734563,
    "logic_b": 0.06307179037367282,
    "creative": 0.774109860657013,
    "synthesis": 0.03153589518683641
  },
  "zone_entropy": 1.110522943117683,
  "kurtosis": 1097.02685546875,
  "token_diversity_input": 0.8095238095238095,
  "loops_run": 7,
  "entropy": 0.78515625,
  "focus_index": 0.9999933242797852,
  "emancipation": 0.9910369515419006,
  "aks_friction": 0.490234375
}