{
  "prompt": "Invent a word for the feeling of a Sunday afternoon in autumn.",
  "category": "creative",
  "completion": "Okay, here are a few options for a word describing that feeling \u2013 \u201cAutumn\u2019s Hush\u201d \u2013 with slightly different nuances:\n\n**1.",
  "model_id": "gemma3-1b-it",
  "preset": "ACTIVE_MANIFOLD",
  "condition": "-injection",
  "completion_tokens": 30,
  "input_tokens": 23,
  "gen_time_sec": 2.387225389480591,
  "phi": 0.9907601475715637,
  "zone": "CREATIVE",
  "zone_weights": {
    "math": 0.004523272421640808,
    "logic_a": 0.11930508708945795,
    "logic_b": 0.05965254354472897,
    "creative": 0.7866928231718079,
    "synthesis": 0.029826271772364486
  },
  "zone_entropy": 1.0672275055086724,
  "kurtosis": 1111.2835693359375,
  "token_diversity_input": 0.782608695652174,
  "loops_run": 7,
  "entropy": 0.765625,
  "focus_index": 0.9999978542327881,
  "emancipation": 0.9914819002151489,
  "aks_friction": 0.10009765625
}