{
  "prompt": "Write a toast given at the end of the universe.",
  "category": "creative",
  "completion": "Okay, here's a toast for the end-of-the-universe. It\u2019s aiming for a blend of philosophical reflection and acknowledging the",
  "model_id": "gemma3-1b-it",
  "preset": "ACTIVE_MANIFOLD",
  "condition": "-injection",
  "completion_tokens": 30,
  "input_tokens": 21,
  "gen_time_sec": 2.2761480808258057,
  "phi": 0.9904842972755432,
  "zone": "CREATIVE",
  "zone_weights": {
    "math": 0.021306687140113897,
    "logic_a": 0.22370841050346837,
    "logic_b": 0.11185420525173419,
    "creative": 0.5872035924788164,
    "synthesis": 0.055927102625867094
  },
  "zone_entropy": 1.6387653370974173,
  "kurtosis": 1106.0189208984375,
  "token_diversity_input": 0.7619047619047619,
  "loops_run": 2,
  "entropy": 1.171875,
  "focus_index": 0.9999972581863403,
  "emancipation": 0.9787861704826355,
  "aks_friction": 0.150390625
}