{
  "prompt": "Solve 5x = 25.",
  "category": "math",
  "completion": "5x=25\n\nTo solve for x, divide both sides of the equation by 5:\n\nx = ?\n\nx= 2",
  "model_id": "gemma3-1b-it",
  "preset": "ACTIVE_MANIFOLD",
  "condition": "-mephisto",
  "completion_tokens": 30,
  "input_tokens": 19,
  "gen_time_sec": 2.2730748653411865,
  "phi": 0.990074872970581,
  "zone": "CREATIVE",
  "zone_weights": {
    "math": 0.05479240148739732,
    "logic_a": 0.3021272076834722,
    "logic_b": 0.1510636038417361,
    "creative": 0.41648498306652637,
    "synthesis": 0.07553180192086804
  },
  "zone_entropy": 1.9709811319104331,
  "kurtosis": 1087.6627197265625,
  "token_diversity_input": 0.6842105263157895,
  "loops_run": 2,
  "entropy": 1.2890625,
  "focus_index": 0.9999871253967285,
  "emancipation": 0.978185772895813,
  "aks_friction": 0.4453125
}