{
  "prompt": "How does the structure of DNA relate to information theory?",
  "category": "synthesis",
  "completion": "Okay, this is a fascinating and increasingly popular area of research! The connection between DNA's structure and information theory isn\u2019t just a theoretical curiosity",
  "model_id": "gemma3-1b-it",
  "preset": "ACTIVE_MANIFOLD",
  "condition": "-mephisto",
  "completion_tokens": 30,
  "input_tokens": 21,
  "gen_time_sec": 2.5231287479400635,
  "phi": 0.9907466769218445,
  "zone": "CREATIVE",
  "zone_weights": {
    "math": 0.005138871035132175,
    "logic_a": 0.12614358074734563,
    "logic_b": 0.06307179037367282,
    "creative": 0.774109860657013,
    "synthesis": 0.03153589518683641
  },
  "zone_entropy": 1.110522943117683,
  "kurtosis": 1105.4700927734375,
  "token_diversity_input": 0.8095238095238095,
  "loops_run": 7,
  "entropy": 0.75,
  "focus_index": 0.9999970197677612,
  "emancipation": 0.9909597635269165,
  "aks_friction": 0.79296875
}