{
  "prompt": "If A implies B, and B implies C, what does A imply?",
  "category": "logic",
  "completion": "This is a classic logic puzzle! The answer is **A implies C** (or equivalently, A -> C).\n\nHere's how to break",
  "model_id": "gemma3-1b-it",
  "preset": "ACTIVE_MANIFOLD",
  "condition": "-mephisto",
  "completion_tokens": 30,
  "input_tokens": 25,
  "gen_time_sec": 2.288710117340088,
  "phi": 0.9902092218399048,
  "zone": "CREATIVE",
  "zone_weights": {
    "math": 0.009165468546367276,
    "logic_a": 0.16119507480597317,
    "logic_b": 0.08059753740298659,
    "creative": 0.7087431485431797,
    "synthesis": 0.04029876870149329
  },
  "zone_entropy": 1.3180300513616219,
  "kurtosis": 1109.255126953125,
  "token_diversity_input": 0.68,
  "loops_run": 7,
  "entropy": 0.94921875,
  "focus_index": 0.9999969005584717,
  "emancipation": 0.9908092021942139,
  "aks_friction": 0.546875
}