{
  "prompt": "Write a short poem about the last star going out.",
  "category": "creative",
  "completion": "The final ember glows, a fading grace,\nA silent witness to time and space.\nAcross the void, a cold and distant plea,\n",
  "model_id": "gemma3-1b-it",
  "preset": "ACTIVE_MANIFOLD",
  "condition": "-mephisto",
  "completion_tokens": 30,
  "input_tokens": 21,
  "gen_time_sec": 2.41896390914917,
  "phi": 0.9907749891281128,
  "zone": "CREATIVE",
  "zone_weights": {
    "math": 0.012319178805961534,
    "logic_a": 0.18166889019999846,
    "logic_b": 0.09083444509999923,
    "creative": 0.6697602613440413,
    "synthesis": 0.045417222549999615
  },
  "zone_entropy": 1.4294006473471443,
  "kurtosis": 1103.3282470703125,
  "token_diversity_input": 0.8095238095238095,
  "loops_run": 2,
  "entropy": 0.953125,
  "focus_index": 0.9999964237213135,
  "emancipation": 0.9791620969772339,
  "aks_friction": 0.103515625
}