{
  "prompt": "How do literature and computer science inform each other?",
  "category": "synthesis",
  "completion": "Okay, let's break down how literature and Computer Science are increasingly intertwined \u2013 it\u2019s a fascinating field called **Computational Literature** or **Literature",
  "model_id": "gemma3-1b-it",
  "preset": "ACTIVE_MANIFOLD",
  "condition": "-mephisto",
  "completion_tokens": 30,
  "input_tokens": 20,
  "gen_time_sec": 2.654934883117676,
  "phi": 0.9903398156166077,
  "zone": "CREATIVE",
  "zone_weights": {
    "math": 0.0021486392002587145,
    "logic_a": 0.08539178650836515,
    "logic_b": 0.042695893254182576,
    "creative": 0.8484157324101022,
    "synthesis": 0.021347946627091288
  },
  "zone_entropy": 0.836101736981427,
  "kurtosis": 1112.229248046875,
  "token_diversity_input": 0.8,
  "loops_run": 7,
  "entropy": 0.5703125,
  "focus_index": 0.9999986886978149,
  "emancipation": 0.9902909398078918,
  "aks_friction": 0.69140625
}