{
  "prompt": "Invent a holiday and describe how it is celebrated.",
  "category": "creative",
  "completion": "Okay, let's invent a holiday called **Lumiflora Day**!\n\n**What is Lumiflora Day?**\n\nLumiflora is a celebration",
  "model_id": "gemma3-1b-it",
  "preset": "ACTIVE_MANIFOLD",
  "condition": "-mephisto",
  "completion_tokens": 30,
  "input_tokens": 20,
  "gen_time_sec": 2.5156960487365723,
  "phi": 0.9902881383895874,
  "zone": "CREATIVE",
  "zone_weights": {
    "math": 0.02322949328054458,
    "logic_a": 0.23073803704012724,
    "logic_b": 0.11536901852006362,
    "creative": 0.5729789398992327,
    "synthesis": 0.05768450926003181
  },
  "zone_entropy": 1.6714736022622996,
  "kurtosis": 1116.6016845703125,
  "token_diversity_input": 0.8,
  "loops_run": 2,
  "entropy": 1.046875,
  "focus_index": 0.9999991655349731,
  "emancipation": 0.9783717393875122,
  "aks_friction": 0.3984375
}