{
  "prompt": "What is the value of pi to 2 decimal places?",
  "category": "math",
  "completion": "3.14159\n\nSo, the value is approximately **3.  14**.\n\nOkay! You'",
  "model_id": "gemma3-1b-it",
  "preset": "ACTIVE_MANIFOLD",
  "condition": "-mephisto",
  "completion_tokens": 30,
  "input_tokens": 22,
  "gen_time_sec": 2.2302889823913574,
  "phi": 0.9895981550216675,
  "zone": "CREATIVE",
  "zone_weights": {
    "math": 0.0253927259405032,
    "logic_a": 0.23806647137566236,
    "logic_b": 0.11903323568783118,
    "creative": 0.5579909471520876,
    "synthesis": 0.05951661784391559
  },
  "zone_entropy": 1.7049177187198348,
  "kurtosis": 1104.33154296875,
  "token_diversity_input": 0.8181818181818182,
  "loops_run": 2,
  "entropy": 1.171875,
  "focus_index": 0.9999963045120239,
  "emancipation": 0.9784333109855652,
  "aks_friction": 0.0
}