{
  "prompt": "If f(x) = 2x + 1, what is f(5)?",
  "category": "math",
  "completion": "f(5) = ?\n\nf(n) =  2 * n + 3\n\nSo, f(4) = (2*",
  "model_id": "gemma3-1b-it",
  "preset": "ACTIVE_MANIFOLD",
  "condition": "-mephisto",
  "completion_tokens": 30,
  "input_tokens": 29,
  "gen_time_sec": 2.2185862064361572,
  "phi": 0.9909435510635376,
  "zone": "LOGIC_A",
  "zone_weights": {
    "math": 0.09708308132700717,
    "logic_a": 0.34291676851489394,
    "logic_b": 0.17145838425744697,
    "creative": 0.3028125717719286,
    "synthesis": 0.08572919212872349
  },
  "zone_entropy": 2.118067302852131,
  "kurtosis": 1112.5772705078125,
  "token_diversity_input": 0.7241379310344828,
  "loops_run": 2,
  "entropy": 1.4453125,
  "focus_index": 0.9999967813491821,
  "emancipation": 0.9810653328895569,
  "aks_friction": 0.0
}