{
  "prompt": "If the butler and the gardener both claim innocence, and only one is lying, who did it?",
  "category": "logic",
  "completion": "This is a classic riddle! The answer is **the butler**. \n\nHere\u2019s how to solve it:\n\nThe butler says he's",
  "model_id": "gemma3-1b-it",
  "preset": "ACTIVE_MANIFOLD",
  "condition": "-mephisto",
  "completion_tokens": 30,
  "input_tokens": 30,
  "gen_time_sec": 2.565462827682495,
  "phi": 0.9903315305709839,
  "zone": "CREATIVE",
  "zone_weights": {
    "math": 0.005165104114412924,
    "logic_a": 0.12642304353981945,
    "logic_b": 0.06321152176990973,
    "creative": 0.7735945676909031,
    "synthesis": 0.03160576088495486
  },
  "zone_entropy": 1.1122711761727968,
  "kurtosis": 1091.0511474609375,
  "token_diversity_input": 0.7666666666666667,
  "loops_run": 7,
  "entropy": 0.78515625,
  "focus_index": 0.9999719858169556,
  "emancipation": 0.9898186326026917,
  "aks_friction": 1.0
}