{
  "prompt": "Write a haiku about a forgotten robot.",
  "category": "creative",
  "completion": "Rust whispers low now,\nSilent gears turn without grace,\nLost in shadowed space. \n\niot\n\nLet me know if you'",
  "model_id": "gemma3-1b-it",
  "preset": "ACTIVE_MANIFOLD",
  "condition": "-mephisto",
  "completion_tokens": 30,
  "input_tokens": 19,
  "gen_time_sec": 2.4609789848327637,
  "phi": 0.9902446866035461,
  "zone": "CREATIVE",
  "zone_weights": {
    "math": 0.008013271323085297,
    "logic_a": 0.1524607205756462,
    "logic_b": 0.0762303602878231,
    "creative": 0.7251804656695339,
    "synthesis": 0.03811518014391155
  },
  "zone_entropy": 1.268421515114433,
  "kurtosis": 1075.1739501953125,
  "token_diversity_input": 0.7368421052631579,
  "loops_run": 7,
  "entropy": 0.8984375,
  "focus_index": 0.9999562501907349,
  "emancipation": 0.9914981722831726,
  "aks_friction": 0.302734375
}