{
  "prompt": "Write three sentences about a snowflake that refuses to melt.",
  "category": "creative",
  "completion": "The snowflake, stubbornly refusing to surrender to the cold, clung tightly to its crystalline form, defying gravity with an unwavering determination. Its intricate design remained pristine",
  "model_id": "gemma3-1b-it",
  "preset": "ACTIVE_MANIFOLD",
  "condition": "-subjective",
  "completion_tokens": 30,
  "input_tokens": 21,
  "gen_time_sec": 2.4259731769561768,
  "phi": 0.9912915229797363,
  "zone": "CREATIVE",
  "zone_weights": {
    "math": 0.005138871035132175,
    "logic_a": 0.12614358074734563,
    "logic_b": 0.06307179037367282,
    "creative": 0.774109860657013,
    "synthesis": 0.03153589518683641
  },
  "zone_entropy": 1.110522943117683,
  "kurtosis": 1102.140869140625,
  "token_diversity_input": 0.8095238095238095,
  "loops_run": 7,
  "entropy": 0.78515625,
  "focus_index": 0.9999959468841553,
  "emancipation": 0.0,
  "aks_friction": 0.490234375
}