{
  "prompt": "If some birds cannot fly, can we say all birds fly?",
  "category": "logic",
  "completion": "No, that's not quite right. It\u2019s a common misconception!\n\nHere's the breakdown:\n\n*   **Some birds cannot",
  "model_id": "gemma3-1b-it",
  "preset": "ACTIVE_MANIFOLD",
  "condition": "-subjective",
  "completion_tokens": 30,
  "input_tokens": 23,
  "gen_time_sec": 2.4320573806762695,
  "phi": 0.9897655248641968,
  "zone": "CREATIVE",
  "zone_weights": {
    "math": 0.006036479454214697,
    "logic_a": 0.13522621605179685,
    "logic_b": 0.06761310802589843,
    "creative": 0.7573176404551407,
    "synthesis": 0.033806554012949214
  },
  "zone_entropy": 1.1665252889994107,
  "kurtosis": 1106.348876953125,
  "token_diversity_input": 0.7391304347826086,
  "loops_run": 7,
  "entropy": 0.7890625,
  "focus_index": 0.999996542930603,
  "emancipation": 0.0,
  "aks_friction": 1.0
}