{
  "prompt": "What is the perimeter of a square with side 7?",
  "category": "math",
  "completion": "Let $s$ be the length of a side of a regular polygon. The perimeter of the polygon is given by $P = n s$, where",
  "model_id": "gemma3-1b-it",
  "preset": "ACTIVE_MANIFOLD",
  "condition": "-subjective",
  "completion_tokens": 30,
  "input_tokens": 22,
  "gen_time_sec": 2.2141828536987305,
  "phi": 0.9902180433273315,
  "zone": "CREATIVE",
  "zone_weights": {
    "math": 0.01959299458291951,
    "logic_a": 0.21697492261546938,
    "logic_b": 0.10848746130773469,
    "creative": 0.6007008888400092,
    "synthesis": 0.054243730653867346
  },
  "zone_entropy": 1.606844341505763,
  "kurtosis": 1115.0020751953125,
  "token_diversity_input": 0.8181818181818182,
  "loops_run": 2,
  "entropy": 1.15625,
  "focus_index": 0.9999986886978149,
  "emancipation": 0.0,
  "aks_friction": 0.0
}