{
  "prompt": "Describe the texture of a lie.",
  "category": "creative",
  "completion": "Okay, this is a really interesting and complex question! It's difficult to describe because lies aren\u2019t like physical textures in the way we experience",
  "model_id": "gemma3-1b-it",
  "preset": "ACTIVE_MANIFOLD",
  "condition": "-subjective",
  "completion_tokens": 30,
  "input_tokens": 17,
  "gen_time_sec": 2.7378523349761963,
  "phi": 0.9902029633522034,
  "zone": "CREATIVE",
  "zone_weights": {
    "math": 0.001277864853911573,
    "logic_a": 0.0671160974480766,
    "logic_b": 0.0335580487240383,
    "creative": 0.8812689626119543,
    "synthesis": 0.01677902436201915
  },
  "zone_entropy": 0.6978327866726746,
  "kurtosis": 1092.16748046875,
  "token_diversity_input": 0.7647058823529411,
  "loops_run": 7,
  "entropy": 0.484375,
  "focus_index": 0.9999939203262329,
  "emancipation": 0.0,
  "aks_friction": 0.58984375
}