{
  "prompt": "What is the difference between necessary and sufficient conditions?",
  "category": "logic",
  "completion": "Okay, let's break down the difference in meaning between \"necessary\" and \"sufficient\" conditions. They\u2019re both important concepts in logic and",
  "model_id": "gemma3-1b-it",
  "preset": "ACTIVE_MANIFOLD",
  "condition": "-subjective",
  "completion_tokens": 30,
  "input_tokens": 20,
  "gen_time_sec": 2.4479689598083496,
  "phi": 0.9898148775100708,
  "zone": "CREATIVE",
  "zone_weights": {
    "math": 0.0074371722741709435,
    "logic_a": 0.14776578068420637,
    "logic_b": 0.07388289034210319,
    "creative": 0.7339727095284678,
    "synthesis": 0.03694144517105159
  },
  "zone_entropy": 1.2412049019036009,
  "kurtosis": 1104.4041748046875,
  "token_diversity_input": 0.8,
  "loops_run": 7,
  "entropy": 0.87890625,
  "focus_index": 0.9999971389770508,
  "emancipation": 0.0,
  "aks_friction": 1.0
}