{
  "prompt": "Compute the sum 1+2+...+100.",
  "category": "math",
  "completion": "Let $S = 1 + 2 + 3 + ... + 98 + 101$.\n\nWe can write this as",
  "model_id": "gemma3-1b-it",
  "preset": "ACTIVE_MANIFOLD",
  "condition": "-subjective",
  "completion_tokens": 30,
  "input_tokens": 22,
  "gen_time_sec": 2.1761584281921387,
  "phi": 0.9898635149002075,
  "zone": "CREATIVE",
  "zone_weights": {
    "math": 0.052502971361692616,
    "logic_a": 0.2986849562503319,
    "logic_b": 0.14934247812516596,
    "creative": 0.4247983532002266,
    "synthesis": 0.07467123906258298
  },
  "zone_entropy": 1.957811177976895,
  "kurtosis": 1112.05322265625,
  "token_diversity_input": 0.7272727272727273,
  "loops_run": 2,
  "entropy": 1.3984375,
  "focus_index": 0.9999982118606567,
  "emancipation": 0.0,
  "aks_friction": 0.0
}