{
  "prompt": "What is 1024 / 32?",
  "category": "math",
  "completion": "105\n\nHere's how to calculate that:\n\n*   10 x 3 = 30\n*   30 x",
  "model_id": "gemma3-1b-it",
  "preset": "ACTIVE_MANIFOLD",
  "condition": "-subjective",
  "completion_tokens": 30,
  "input_tokens": 22,
  "gen_time_sec": 2.21433162689209,
  "phi": 0.9900457262992859,
  "zone": "CREATIVE",
  "zone_weights": {
    "math": 0.06567052099911816,
    "logic_a": 0.3162861057698972,
    "logic_b": 0.1581430528849486,
    "creative": 0.3808287919035617,
    "synthesis": 0.0790715264424743
  },
  "zone_entropy": 2.023890259116832,
  "kurtosis": 1108.1553955078125,
  "token_diversity_input": 0.7272727272727273,
  "loops_run": 2,
  "entropy": 1.3203125,
  "focus_index": 0.9999974966049194,
  "emancipation": 0.0,
  "aks_friction": 0.0
}