{
  "prompt": "What is 0.25 as a fraction?",
  "category": "math",
  "completion": "To convert the decimal 0,25 to a fraction, we divide by 1 and multiply by an appropriate power of 10.\n\n",
  "model_id": "gemma3-1b-it",
  "preset": "ACTIVE_MANIFOLD",
  "condition": "-subjective",
  "completion_tokens": 30,
  "input_tokens": 21,
  "gen_time_sec": 2.2261030673980713,
  "phi": 0.9901003837585449,
  "zone": "CREATIVE",
  "zone_weights": {
    "math": 0.027681147092687163,
    "logic_a": 0.2452360180008112,
    "logic_b": 0.1226180090004056,
    "creative": 0.5431558194058932,
    "synthesis": 0.0613090045002028
  },
  "zone_entropy": 1.7370054234996801,
  "kurtosis": 1119.5472412109375,
  "token_diversity_input": 0.8095238095238095,
  "loops_run": 2,
  "entropy": 1.125,
  "focus_index": 0.9999992847442627,
  "emancipation": 0.0,
  "aks_friction": 0.0
}