{
  "prompt": "Write a haiku about a forgotten robot.",
  "category": "creative",
  "completion": "Rust whispers in silence,\nCold circuits hum a lost tune,\nDust motes dance and sleep. \n\n---\n\nHere are a few other",
  "model_id": "gemma3-1b-it",
  "preset": "ACTIVE_MANIFOLD",
  "condition": "-subjective",
  "completion_tokens": 30,
  "input_tokens": 19,
  "gen_time_sec": 2.482550621032715,
  "phi": 0.9904527068138123,
  "zone": "CREATIVE",
  "zone_weights": {
    "math": 0.008013271323085297,
    "logic_a": 0.1524607205756462,
    "logic_b": 0.0762303602878231,
    "creative": 0.7251804656695339,
    "synthesis": 0.03811518014391155
  },
  "zone_entropy": 1.268421515114433,
  "kurtosis": 1108.3150634765625,
  "token_diversity_input": 0.7368421052631579,
  "loops_run": 7,
  "entropy": 0.87890625,
  "focus_index": 0.9999983310699463,
  "emancipation": 0.0,
  "aks_friction": 0.48828125
}