{
  "prompt": "What is the connection between color theory and emotional states?",
  "category": "synthesis",
  "completion": "Okay, this is a fascinating and increasingly researched area! The connection between colour theory and emotions is surprisingly deep and complex. It's not just about",
  "model_id": "gemma3-1b-it",
  "preset": "ACTIVE_MANIFOLD",
  "condition": "-subjective",
  "completion_tokens": 30,
  "input_tokens": 21,
  "gen_time_sec": 2.2872488498687744,
  "phi": 0.9908817410469055,
  "zone": "CREATIVE",
  "zone_weights": {
    "math": 0.006920509041984602,
    "logic_a": 0.14334061579688945,
    "logic_b": 0.07167030789844472,
    "creative": 0.7422334113134589,
    "synthesis": 0.03583515394922236
  },
  "zone_entropy": 1.2151871947253627,
  "kurtosis": 1102.0440673828125,
  "token_diversity_input": 0.8095238095238095,
  "loops_run": 7,
  "entropy": 0.875,
  "focus_index": 0.9999959468841553,
  "emancipation": 0.0,
  "aks_friction": 0.302734375
}