{
  "prompt": "What is the contrapositive of 'If P then Q'?",
  "category": "logic",
  "completion": "The contrapositive statement is:\n\n**If not Q, then not P.**\n\nIt's important to note that the contrapositives are logically",
  "model_id": "gemma3-1b-it",
  "preset": "ACTIVE_MANIFOLD",
  "condition": "-subjective",
  "completion_tokens": 30,
  "input_tokens": 22,
  "gen_time_sec": 2.203470230102539,
  "phi": 0.9900985360145569,
  "zone": "CREATIVE",
  "zone_weights": {
    "math": 0.014999971767822643,
    "logic_a": 0.19620902499709342,
    "logic_b": 0.09810451249854671,
    "creative": 0.6416342324872638,
    "synthesis": 0.049052256249273354
  },
  "zone_entropy": 1.5046022968756585,
  "kurtosis": 1106.8240966796875,
  "token_diversity_input": 0.8181818181818182,
  "loops_run": 2,
  "entropy": 1.0625,
  "focus_index": 0.9999971389770508,
  "emancipation": 0.0,
  "aks_friction": 0.0
}