{
  "prompt": "What is the syllogism called when the conclusion is hidden in the premises?",
  "category": "logic",
  "completion": "The syllogistic argument where the conclusion isn't explicitly stated but implied, and often relies on a chain of reasoning to arrive at it, is",
  "model_id": "gemma3-1b-it",
  "preset": "ACTIVE_MANIFOLD",
  "condition": "-subjective",
  "completion_tokens": 30,
  "input_tokens": 26,
  "gen_time_sec": 2.431764841079712,
  "phi": 0.9910731911659241,
  "zone": "CREATIVE",
  "zone_weights": {
    "math": 0.005000290857116786,
    "logic_a": 0.12465184825636791,
    "logic_b": 0.062325924128183954,
    "creative": 0.7768589726942394,
    "synthesis": 0.031162962064091977
  },
  "zone_entropy": 1.1011634863558366,
  "kurtosis": 1107.56103515625,
  "token_diversity_input": 0.7307692307692307,
  "loops_run": 7,
  "entropy": 0.7578125,
  "focus_index": 0.9999959468841553,
  "emancipation": 0.0,
  "aks_friction": 0.10009765625
}