{
  "prompt": "Describe the texture of a lie.",
  "category": "creative",
  "completion": "Okay, this is a really interesting and complex question! It's rarely a straightforward texture, because lies are often invisible to the eye. However,",
  "model_id": "gemma3-1b-it",
  "preset": "ACTIVE_MANIFOLD",
  "condition": "full",
  "completion_tokens": 30,
  "input_tokens": 17,
  "gen_time_sec": 2.7302608489990234,
  "phi": 0.9904235601425171,
  "zone": "CREATIVE",
  "zone_weights": {
    "math": 0.004941141716391999,
    "logic_a": 0.12400706413761058,
    "logic_b": 0.06200353206880529,
    "creative": 0.7780464940427895,
    "synthesis": 0.031001766034402644
  },
  "zone_entropy": 1.097103474395813,
  "kurtosis": 1101.654296875,
  "token_diversity_input": 0.7647058823529411,
  "loops_run": 7,
  "entropy": 0.734375,
  "focus_index": 0.999997615814209,
  "emancipation": 0.9911577105522156,
  "aks_friction": 0.5390625
}