{
  "prompt": "What is the smell of a forgotten promise?",
  "category": "creative",
  "completion": "The smell of forgotten promises is surprisingly complex and evokes a range of sensations. It\u2019s not just one scent, but rather a layered experience \u2013 a",
  "model_id": "gemma3-1b-it",
  "preset": "ACTIVE_MANIFOLD",
  "condition": "full",
  "completion_tokens": 30,
  "input_tokens": 19,
  "gen_time_sec": 2.621058940887451,
  "phi": 0.9910109043121338,
  "zone": "CREATIVE",
  "zone_weights": {
    "math": 0.005894193038077598,
    "logic_a": 0.13384812075057886,
    "logic_b": 0.06692406037528943,
    "creative": 0.7598715936484095,
    "synthesis": 0.033462030187644716
  },
  "zone_entropy": 1.1581346197068634,
  "kurtosis": 1110.7760009765625,
  "token_diversity_input": 0.7894736842105263,
  "loops_run": 7,
  "entropy": 0.84375,
  "focus_index": 0.9999986886978149,
  "emancipation": 0.9915720224380493,
  "aks_friction": 0.74609375
}