{
  "prompt": "Write a haiku about a forgotten robot.",
  "category": "creative",
  "completion": "Rust whispers and sleeps,\nSilent gears in shadowed space,\nLost to memory. \n\niot\n\n\nreliant\u200d\n",
  "model_id": "gemma3-1b-it",
  "preset": "ACTIVE_MANIFOLD",
  "condition": "full",
  "completion_tokens": 30,
  "input_tokens": 19,
  "gen_time_sec": 2.401271343231201,
  "phi": 0.9896111488342285,
  "zone": "CREATIVE",
  "zone_weights": {
    "math": 0.019272923190962393,
    "logic_a": 0.21566332800489607,
    "logic_b": 0.10783166400244804,
    "creative": 0.6033162508004694,
    "synthesis": 0.05391583200122402
  },
  "zone_entropy": 1.6005580814586104,
  "kurtosis": 1102.05322265625,
  "token_diversity_input": 0.7368421052631579,
  "loops_run": 2,
  "entropy": 1.03125,
  "focus_index": 0.9999969005584717,
  "emancipation": 0.9778034090995789,
  "aks_friction": 0.150390625
}