{
  "prompt": "Invent a holiday and describe how it is celebrated.",
  "category": "creative",
  "completion": "Okay, let's invent a holiday called **Lumiflora Day**!\n\n**What is Lumiflora Day?**\n\nLumiflora day falls on",
  "model_id": "gemma3-1b-it",
  "preset": "ACTIVE_MANIFOLD",
  "condition": "full",
  "completion_tokens": 30,
  "input_tokens": 20,
  "gen_time_sec": 2.5125486850738525,
  "phi": 0.9902797937393188,
  "zone": "CREATIVE",
  "zone_weights": {
    "math": 0.013347051188266658,
    "logic_a": 0.18750293502395315,
    "logic_b": 0.09375146751197658,
    "creative": 0.6585228105198152,
    "synthesis": 0.04687573375598829
  },
  "zone_entropy": 1.4599468643831763,
  "kurtosis": 1110.2786865234375,
  "token_diversity_input": 0.8,
  "loops_run": 2,
  "entropy": 0.98046875,
  "focus_index": 0.9999984502792358,
  "emancipation": 0.978365957736969,
  "aks_friction": 0.3984375
}