{
  "prompt": "What is 0.25 as a fraction?",
  "category": "math",
  "completion": "0.  25 is equal to 1/4.\n\nSo, 0,25 represents the same amount as 1 part out",
  "model_id": "gemma3-1b-it",
  "preset": "ACTIVE_MANIFOLD",
  "condition": "full",
  "completion_tokens": 30,
  "input_tokens": 21,
  "gen_time_sec": 2.2229437828063965,
  "phi": 0.9901512861251831,
  "zone": "CREATIVE",
  "zone_weights": {
    "math": 0.045485534794684854,
    "logic_a": 0.2869069421037717,
    "logic_b": 0.14345347105188586,
    "creative": 0.45242731452371465,
    "synthesis": 0.07172673552594293
  },
  "zone_entropy": 1.9118204997720671,
  "kurtosis": 1093.037841796875,
  "token_diversity_input": 0.8095238095238095,
  "loops_run": 2,
  "entropy": 1.3046875,
  "focus_index": 0.9999901056289673,
  "emancipation": 0.9781338572502136,
  "aks_friction": 0.0
}