{
  "prompt": "Invent a word for the feeling of a Sunday afternoon in autumn.",
  "category": "creative",
  "completion": "Okay, here are a few options for a word describing the feeling/experience of a perfect Sunday afternoon with autumn vibes:\n\n**Short & Sweet:**",
  "model_id": "gemma3-1b-it",
  "preset": "ACTIVE_MANIFOLD",
  "condition": "full",
  "completion_tokens": 30,
  "input_tokens": 23,
  "gen_time_sec": 2.219407558441162,
  "phi": 0.990725040435791,
  "zone": "CREATIVE",
  "zone_weights": {
    "math": 0.018061655633751086,
    "logic_a": 0.21053220157668767,
    "logic_b": 0.10526610078834384,
    "creative": 0.6135069896070455,
    "synthesis": 0.05263305039417192
  },
  "zone_entropy": 1.5757473959419537,
  "kurtosis": 1108.2584228515625,
  "token_diversity_input": 0.782608695652174,
  "loops_run": 2,
  "entropy": 1.1484375,
  "focus_index": 0.9999971389770508,
  "emancipation": 0.9790740609169006,
  "aks_friction": 0.0
}