{
  "prompt": "If all roses are flowers, and some flowers fade quickly, can we conclude that some roses fade quickly?",
  "category": "logic",
  "completion": "No, we cannot definitively conclude that *some* roses fade quick.\n\nHere's why:\n\n* **All roses are a type of flower",
  "model_id": "gemma3-1b-it",
  "preset": "ACTIVE_MANIFOLD",
  "condition": "full",
  "completion_tokens": 30,
  "input_tokens": 31,
  "gen_time_sec": 2.206876754760742,
  "phi": 0.990822970867157,
  "zone": "CREATIVE",
  "zone_weights": {
    "math": 0.0253927259405032,
    "logic_a": 0.23806647137566236,
    "logic_b": 0.11903323568783118,
    "creative": 0.5579909471520876,
    "synthesis": 0.05951661784391559
  },
  "zone_entropy": 1.7049177187198348,
  "kurtosis": 1107.387451171875,
  "token_diversity_input": 0.6774193548387096,
  "loops_run": 2,
  "entropy": 1.1953125,
  "focus_index": 0.9999939203262329,
  "emancipation": 0.9816691875457764,
  "aks_friction": 0.0
}