{
  "prompt": "Describe a library where the books are alive.",
  "category": "creative",
  "completion": "Okay, here's a description of a library unlike any you\u2019ve seen before \u2013 a place called \"The Echoing Archive,\" where books aren",
  "model_id": "gemma3-1b-it",
  "preset": "ACTIVE_MANIFOLD",
  "condition": "full",
  "completion_tokens": 30,
  "input_tokens": 19,
  "gen_time_sec": 2.617950916290283,
  "phi": 0.9907562136650085,
  "zone": "CREATIVE",
  "zone_weights": {
    "math": 0.004308797814117213,
    "logic_a": 0.11678413310642405,
    "logic_b": 0.058392066553212024,
    "creative": 0.7913189672496408,
    "synthesis": 0.029196033276606012
  },
  "zone_entropy": 1.051010815218144,
  "kurtosis": 1113.524169921875,
  "token_diversity_input": 0.7894736842105263,
  "loops_run": 7,
  "entropy": 0.703125,
  "focus_index": 0.9999990463256836,
  "emancipation": 0.9915503859519958,
  "aks_friction": 0.10009765625
}