{
  "prompt": "Calculate 15% of 240.",
  "category": "math",
  "completion": "15 % of 360 is the same as 18.\n\nHere's how to calculate it:\n\n*   **Convert",
  "model_id": "gemma3-1b-it",
  "preset": "ACTIVE_MANIFOLD",
  "condition": "full",
  "completion_tokens": 30,
  "input_tokens": 21,
  "gen_time_sec": 2.2310705184936523,
  "phi": 0.9902792572975159,
  "zone": "CREATIVE",
  "zone_weights": {
    "math": 0.012319178805961534,
    "logic_a": 0.18166889019999846,
    "logic_b": 0.09083444509999923,
    "creative": 0.6697602613440413,
    "synthesis": 0.045417222549999615
  },
  "zone_entropy": 1.4294006473471443,
  "kurtosis": 1108.7890625,
  "token_diversity_input": 0.7619047619047619,
  "loops_run": 2,
  "entropy": 1.03125,
  "focus_index": 0.9999978542327881,
  "emancipation": 0.9787399768829346,
  "aks_friction": 0.150390625
}