{
  "prompt": "What would a conversation between two shadows look like?",
  "category": "creative",
  "completion": "Okay, here's a conversation taking place between two shadowy figures \u2013 let\u2019s call them Silas and Luna. It leans into the melancholic and",
  "model_id": "gemma3-1b-it",
  "preset": "ACTIVE_MANIFOLD",
  "condition": "full",
  "completion_tokens": 30,
  "input_tokens": 20,
  "gen_time_sec": 2.518402099609375,
  "phi": 0.9904001951217651,
  "zone": "CREATIVE",
  "zone_weights": {
    "math": 0.0029527015474836537,
    "logic_a": 0.09867349543762444,
    "logic_b": 0.04933674771881222,
    "creative": 0.8243686794366736,
    "synthesis": 0.02466837385940611
  },
  "zone_entropy": 0.9301407131708916,
  "kurtosis": 1115.9342041015625,
  "token_diversity_input": 0.8,
  "loops_run": 7,
  "entropy": 0.671875,
  "focus_index": 0.9999990463256836,
  "emancipation": 0.9902138113975525,
  "aks_friction": 1.0
}