{
  "prompt": "Describe a city built entirely of music.",
  "category": "creative",
  "completion": "Okay, here\u2019s a description of a city called Cadenza, built entirely out of sound and vibration:\n\n**Cadenza: A City For",
  "model_id": "gemma3-1b-it",
  "preset": "ACTIVE_MANIFOLD_LEAN",
  "condition": "lean",
  "completion_tokens": 30,
  "input_tokens": 18,
  "gen_time_sec": 2.3862712383270264,
  "phi": 0.9903948307037354,
  "zone": "CREATIVE",
  "zone_weights": {
    "math": 0.015796406204378267,
    "logic_a": 0.20014205562661289,
    "logic_b": 0.10007102781330644,
    "creative": 0.6339549944490492,
    "synthesis": 0.05003551390665322
  },
  "zone_entropy": 1.5244207652361959,
  "kurtosis": 1108.177734375,
  "token_diversity_input": 0.7777777777777778,
  "loops_run": 2,
  "entropy": 1.0625,
  "focus_index": 0.9999985694885254,
  "emancipation": 0.0,
  "aks_friction": 0.0
}