{
  "prompt": "Describe a tree that grows dreams instead of leaves.",
  "category": "creative",
  "completion": "Okay, here's a description of a tree with dream-growing branches and roots, aiming for a slightly melancholic and evocative feel:\n\n**",
  "model_id": "gemma3-1b-it",
  "preset": "ACTIVE_MANIFOLD_LEAN",
  "condition": "lean",
  "completion_tokens": 30,
  "input_tokens": 20,
  "gen_time_sec": 2.407578468322754,
  "phi": 0.9912587404251099,
  "zone": "CREATIVE",
  "zone_weights": {
    "math": 0.005496695058991521,
    "logic_a": 0.12987911441226332,
    "logic_b": 0.06493955720613166,
    "creative": 0.7672148527195477,
    "synthesis": 0.03246977860306583
  },
  "zone_entropy": 1.1337579178180792,
  "kurtosis": 1100.3822021484375,
  "token_diversity_input": 0.8,
  "loops_run": 7,
  "entropy": 0.796875,
  "focus_index": 0.9999958276748657,
  "emancipation": 0.0,
  "aks_friction": 0.0
}