{
  "prompt": "What can the study of crystals teach us about patterns in music?",
  "category": "synthesis",
  "completion": "Okay, this is a fantastic and increasingly researched question! The idea that crystals have properties that resonate with musical patterns is gaining traction within certain circles \u2013 particularly",
  "model_id": "gemma3-1b-it",
  "preset": "ACTIVE_MANIFOLD_LEAN",
  "condition": "lean",
  "completion_tokens": 30,
  "input_tokens": 23,
  "gen_time_sec": 2.4100124835968018,
  "phi": 0.9909247159957886,
  "zone": "CREATIVE",
  "zone_weights": {
    "math": 0.0018528477564544983,
    "logic_a": 0.07976880744034337,
    "logic_b": 0.039884403720171685,
    "creative": 0.8585517372229446,
    "synthesis": 0.019942201860085843
  },
  "zone_entropy": 0.7947349334082902,
  "kurtosis": 1109.5152587890625,
  "token_diversity_input": 0.8260869565217391,
  "loops_run": 7,
  "entropy": 0.5703125,
  "focus_index": 0.9999974966049194,
  "emancipation": 0.0,
  "aks_friction": 0.0
}