{
  "prompt": "What can dance teach us about mathematics?",
  "category": "synthesis",
  "completion": "Dance is often perceived as a purely artistic and emotional expression, but it's actually incredibly rich with mathematical principles. It\u2019s fascinating to discover how",
  "model_id": "gemma3-1b-it",
  "preset": "ACTIVE_MANIFOLD_LEAN",
  "condition": "lean",
  "completion_tokens": 30,
  "input_tokens": 18,
  "gen_time_sec": 2.532975673675537,
  "phi": 0.9905800819396973,
  "zone": "CREATIVE",
  "zone_weights": {
    "math": 0.0008685243849812113,
    "logic_a": 0.05595440838436498,
    "logic_b": 0.02797720419218249,
    "creative": 0.90121125894238,
    "synthesis": 0.013988602096091245
  },
  "zone_entropy": 0.6073341594742887,
  "kurtosis": 1098.8790283203125,
  "token_diversity_input": 0.7777777777777778,
  "loops_run": 7,
  "entropy": 0.4453125,
  "focus_index": 0.9999963045120239,
  "emancipation": 0.0,
  "aks_friction": 0.0
}