{
  "prompt": "How does the structure of a cell resemble a city?",
  "category": "synthesis",
  "completion": "Okay, this is a fantastic and surprisingly insightful question! The analogy between a cell and a city highlights several key similarities in their organization and function. Here",
  "model_id": "gemma3-1b-it",
  "preset": "ACTIVE_MANIFOLD_LEAN",
  "condition": "lean",
  "completion_tokens": 30,
  "input_tokens": 21,
  "gen_time_sec": 2.3697683811187744,
  "phi": 0.9908117651939392,
  "zone": "CREATIVE",
  "zone_weights": {
    "math": 0.006920509041984602,
    "logic_a": 0.14334061579688945,
    "logic_b": 0.07167030789844472,
    "creative": 0.7422334113134589,
    "synthesis": 0.03583515394922236
  },
  "zone_entropy": 1.2151871947253627,
  "kurtosis": 1118.6500244140625,
  "token_diversity_input": 0.7619047619047619,
  "loops_run": 7,
  "entropy": 0.875,
  "focus_index": 0.9999991655349731,
  "emancipation": 0.0,
  "aks_friction": 0.0
}