{
  "prompt": "Write a short poem about the last star going out.",
  "category": "creative",
  "completion": "The velvet dark begins to bleed,\nA fading hush, a silent creed.\nOne final flicker, pale and low,\nWhere countless stars once",
  "model_id": "gemma3-1b-it",
  "preset": "ACTIVE_MANIFOLD_LEAN",
  "condition": "lean",
  "completion_tokens": 30,
  "input_tokens": 21,
  "gen_time_sec": 2.3567984104156494,
  "phi": 0.9910836815834045,
  "zone": "CREATIVE",
  "zone_weights": {
    "math": 0.006920509041984602,
    "logic_a": 0.14334061579688945,
    "logic_b": 0.07167030789844472,
    "creative": 0.7422334113134589,
    "synthesis": 0.03583515394922236
  },
  "zone_entropy": 1.2151871947253627,
  "kurtosis": 1100.7496337890625,
  "token_diversity_input": 0.8095238095238095,
  "loops_run": 7,
  "entropy": 0.87109375,
  "focus_index": 0.9999953508377075,
  "emancipation": 0.0,
  "aks_friction": 0.0
}