{
  "prompt": "What is the modus ponens form?",
  "category": "logic",
  "completion": "The modus ponense (Latin for \"mode of the second\") is a valid argument form in logic that expresses a conditional statement. It's used",
  "model_id": "gemma3-1b-it",
  "preset": "ACTIVE_MANIFOLD_LEAN",
  "condition": "lean",
  "completion_tokens": 30,
  "input_tokens": 18,
  "gen_time_sec": 2.3203938007354736,
  "phi": 0.9903882145881653,
  "zone": "CREATIVE",
  "zone_weights": {
    "math": 0.004608048808292308,
    "logic_a": 0.12028068751718762,
    "logic_b": 0.06014034375859381,
    "creative": 0.7849007460366294,
    "synthesis": 0.030070171879296906
  },
  "zone_entropy": 1.0734657194217394,
  "kurtosis": 1107.999755859375,
  "token_diversity_input": 0.7777777777777778,
  "loops_run": 7,
  "entropy": 0.76953125,
  "focus_index": 0.9999984502792358,
  "emancipation": 0.0,
  "aks_friction": 0.0
}