{
  "prompt": "What does loneliness sound like as a piece of music?",
  "category": "creative",
  "completion": "Okay, this is a fantastic and surprisingly complex question! The answer to what loneliness sounds like isn't just one thing \u2013 it\u2019s a swirling",
  "model_id": "gemma3-1b-it",
  "preset": "ACTIVE_MANIFOLD_LEAN",
  "condition": "lean",
  "completion_tokens": 30,
  "input_tokens": 21,
  "gen_time_sec": 2.422607183456421,
  "phi": 0.9903321862220764,
  "zone": "CREATIVE",
  "zone_weights": {
    "math": 0.002041294935772842,
    "logic_a": 0.08340687040931014,
    "logic_b": 0.04170343520465507,
    "creative": 0.8519966798479343,
    "synthesis": 0.020851717602327534
  },
  "zone_entropy": 0.821610766831423,
  "kurtosis": 1103.1964111328125,
  "token_diversity_input": 0.8095238095238095,
  "loops_run": 7,
  "entropy": 0.56640625,
  "focus_index": 0.9999963045120239,
  "emancipation": 0.0,
  "aks_friction": 0.0
}