{
  "prompt": "What is the connection between memory and identity?",
  "category": "synthesis",
  "completion": "The connection between memories and identity is profound and complex. Our sense of self isn't just a collection of past experiences; it\u2019s actively constructed",
  "model_id": "gemma3-1b-it",
  "preset": "ACTIVE_MANIFOLD_LEAN",
  "condition": "lean",
  "completion_tokens": 30,
  "input_tokens": 19,
  "gen_time_sec": 2.4584124088287354,
  "phi": 0.9908671975135803,
  "zone": "CREATIVE",
  "zone_weights": {
    "math": 0.005894193038077598,
    "logic_a": 0.13384812075057886,
    "logic_b": 0.06692406037528943,
    "creative": 0.7598715936484095,
    "synthesis": 0.033462030187644716
  },
  "zone_entropy": 1.1581346197068634,
  "kurtosis": 1094.81494140625,
  "token_diversity_input": 0.7894736842105263,
  "loops_run": 7,
  "entropy": 0.84375,
  "focus_index": 0.9999936819076538,
  "emancipation": 0.0,
  "aks_friction": 0.0
}