{
  "prompt": "If all Zorps are Frims, and no Frim is a Glip, can a Zorp be a Glip?",
  "completion": "No, a Zarp cannot be a glip.\n\n\n\u0915\u094d\u0937\u092e\u093e\u0924\u0940! )))) \u0924\u094b \u0928\u093e\u0939\u0940 \u0928\u093e \u0924\u0930 \u0939\u0947 \u0906\u0939\u0947\u091a \u0905\u0938\u0947 \u092e\u094d\u0939\u0923\u0923\u0947 \u092f\u094b\u0917\u094d\u092f \u0928\u0938\u0947\u0932 \u0915\u0940 \u0924\u0947 \u0916\u0930\u0902 \u0905\u0938\u0924\u0902\u092f ! \ud83d\ude09\u092a\u0923\u0947 \u0924\u0941\u092e\u094d\u0939\u0940 \u0935\u093f\u091a\u093e\u0930 \u0915\u0930\u0942 \u0936\u0915\u0924\u093e \u0915\u093e ? \ud83e\udd14",
  "model_id": "gemma3-270m-it",
  "preset": "ACTIVE_MANIFOLD",
  "completion_tokens": 60,
  "input_tokens": 36,
  "gen_time_sec": 3.4495673179626465,
  "phi": 0.9577207565307617,
  "zone": "math",
  "zone_weights": {
    "math": 0.3988006807325297,
    "logic_a": 0.3092779892409827,
    "logic_b": 0.15463899462049135,
    "creative": 0.05996283309575048,
    "synthesis": 0.07731949731024568
  },
  "zone_entropy": 1.9979541557217213,
  "kurtosis": 404.939453125,
  "token_diversity_input": 0.7222222222222222,
  "loops_run": 11,
  "entropy": 1.3828125
}