{
  "prompt": "If f(x) = 2x + 1, what is f(5)?",
  "completion": "The function f( x) = x + 3 is a linear function. We can find the value of f(0) by plugging in x = 0:\nf(0).\nf(-1) = -1 + 0 = -2\nf((0) + ",
  "model_id": "gemma3-270m-it",
  "preset": "ACTIVE_MANIFOLD",
  "completion_tokens": 60,
  "input_tokens": 29,
  "gen_time_sec": 4.19939661026001,
  "phi": 0.899158239364624,
  "zone": "math",
  "zone_weights": {
    "math": 0.8498100867230569,
    "logic_a": 0.0846191083133355,
    "logic_b": 0.04230955415666775,
    "creative": 0.002106468728605916,
    "synthesis": 0.021154777078333874
  },
  "zone_entropy": 0.8304749687239538,
  "kurtosis": 502.5005798339844,
  "token_diversity_input": 0.7241379310344828,
  "loops_run": 11,
  "entropy": 0.58203125
}