{
  "prompt": "Compute the sum 1+2+...+100.",
  "completion": "The sum of an arithmetic progression is given by:\n$$S = a_n + a_{n-1} + \\dots + a_1$$\nwhere $a_1, a_2, \\dots, a_{i}$ are the first $i$ terms and $a",
  "model_id": "gemma3-270m-it",
  "preset": "ACTIVE_MANIFOLD",
  "completion_tokens": 60,
  "input_tokens": 22,
  "gen_time_sec": 3.0181095600128174,
  "phi": 0.9316985011100769,
  "zone": "math",
  "zone_weights": {
    "math": 0.6869791590697266,
    "logic_a": 0.17266910633515992,
    "logic_b": 0.08633455316757996,
    "creative": 0.010849899843743535,
    "synthesis": 0.04316727658378998
  },
  "zone_entropy": 1.3812641956254388,
  "kurtosis": 457.7112121582031,
  "token_diversity_input": 0.7272727272727273,
  "loops_run": 3,
  "entropy": 0.9609375
}