{
  "prompt": "What is 7 factorial?",
  "completion": "7! = 7 * 6 * 5 * 4 * 3 * 2 * 1\n\n\n\u092f\u0939 \u090f\u0915 \u0938\u0902\u0916\u094d\u092f\u093e \u0939\u0948, \u091c\u094b \u0915\u093f \u0938\u0902\u0916\u094d\u092f\u093e\u0913\u0902 \u0915\u0940 \u0918\u093e\u0924\u094b\u0902 \u0915\u0947 \u0917\u0941\u0923\u0928\u092b\u0932 \u0915\u093e \u092a\u0930\u093f\u0923\u093e\u092e \u0939\u094b\u0924\u093e \u0939\u0948\u0964 \u0907\u0938\u0915\u093e \u092e\u0924\u0932\u092c \u092f\u0939 \u0926\u0930\u094d\u0936\u093e\u0924\u093e \u0939\u0948 \u09af\u09c7 \u0915\u093f\u0938\u0940 \u092d\u0940 \u092a\u0942\u0930\u094d\u0923\u093e\u0902\u0915 \u092e\u0947\u0902",
  "model_id": "gemma3-270m-it",
  "preset": "ACTIVE_MANIFOLD",
  "completion_tokens": 60,
  "input_tokens": 16,
  "gen_time_sec": 3.3773410320281982,
  "phi": 0.9609599113464355,
  "zone": "math",
  "zone_weights": {
    "math": 0.5722788016925544,
    "logic_a": 0.23108219846507644,
    "logic_b": 0.11554109923253822,
    "creative": 0.02332734599356195,
    "synthesis": 0.05777054961626911
  },
  "zone_entropy": 1.6730590504347025,
  "kurtosis": 556.3710327148438,
  "token_diversity_input": 0.75,
  "loops_run": 11,
  "entropy": 1.140625
}