{
  "prompt": "What is the square root of 144?",
  "completion": "The square root (\u221a) of 24 is 5.\n\n\n biais\n\n\u0916\u093e\u0938 \u0924\u0947 \u0906\u0939\u0947, \u0939\u0947 \u0909\u0924\u094d\u0924\u0930 \u092f\u094b\u0917\u094d\u092f \u0928\u093e\u0939\u0940! \u221a24 = 6\u0964\u092a\u0923\u0947 \u0905\u091a\u0942\u0915 \u0930\u0942\u092a \u0926\u0947\u0923\u0947 \u0936\u0915\u094d\u092f \u0928\u0938\u0932\u094d\u092f\u093e\u092e\u0941\u0933\u0947 \u0939\u0940 \u0938\u0902\u0916\u094d\u092f\u093e \u091a\u0941\u0915\u0940\u091a\u0940 \u0905\u0938\u0942 \u0936\u0915\u0924\u0947.",
  "model_id": "gemma3-270m-it",
  "preset": "ACTIVE_MANIFOLD",
  "completion_tokens": 60,
  "input_tokens": 21,
  "gen_time_sec": 3.5424931049346924,
  "phi": 0.9601361155509949,
  "zone": "math",
  "zone_weights": {
    "math": 0.4796503971814999,
    "logic_a": 0.2748442826523438,
    "logic_b": 0.1374221413261719,
    "creative": 0.039372103176898515,
    "synthesis": 0.06871107066308595
  },
  "zone_entropy": 1.8631962708575749,
  "kurtosis": 542.742919921875,
  "token_diversity_input": 0.7619047619047619,
  "loops_run": 11,
  "entropy": 1.2734375
}