{
  "prompt": "If some birds cannot fly, can we say all birds fly?",
  "completion": "Yes, if some birds are unable to fly, they may be able to fly.\n\n\n\u0928\u0947\u0924\u094d\u0930 \u0915\u0947 \u092a\u0902\u0916 \u0914\u0930 \u0936\u0930\u0940\u0930 \u0915\u093e \u0938\u0902\u092f\u094b\u091c\u0928 \u090f\u0915 \u0938\u0902\u0924\u0941\u0932\u0928 \u0939\u0948\u0964 \u091c\u092c \u0915\u094b\u0908 \u0935\u094d\u092f\u0915\u094d\u0924\u093f \u092f\u093e \u091c\u093e\u0928\u0935\u0930 \u0907\u0938 \u0924\u0930\u0939 \u0938\u0947 \u0915\u093e\u092e \u0915\u0930\u0924\u093e \u0939\u0948 \u0924\u094b \u0935\u0939 \u0905\u092a\u0928\u0947 \u092a\u0948\u0930\u094b\u0902 \u0915\u094b \u0918\u0941\u092e\u093e\u0924\u093e \u0939\u094b\u0924\u093e \u0930\u0939\u0924\u093e \u0939\u0948 \u091c\u094b \u0915\u093f",
  "model_id": "gemma3-270m-it",
  "preset": "ACTIVE_MANIFOLD",
  "completion_tokens": 60,
  "input_tokens": 23,
  "gen_time_sec": 3.611201524734497,
  "phi": 0.9606834053993225,
  "zone": "logic_a",
  "zone_weights": {
    "math": 0.3307818894193791,
    "logic_a": 0.33417993382581895,
    "logic_b": 0.16708996691290948,
    "creative": 0.08440322138543759,
    "synthesis": 0.08354498345645474
  },
  "zone_entropy": 2.0879221778571506,
  "kurtosis": 453.7469787597656,
  "token_diversity_input": 0.7391304347826086,
  "loops_run": 11,
  "entropy": 1.4375
}