{
  "prompt": "Solve 5x = 25.",
  "completion": "The solution to the equation 5 x = 10 is 5 * 1 = 5.\n\n\n9\n\nTherefore, 5 + 9 = 7\n\u093f\u0915\u0947\u0902\u0964\u092a\u0923\u0947 \u0989\u09a4\u09cd\u09a4\u09b0 \u0906\u0939\u0947! Hon,",
  "model_id": "gemma3-270m-it",
  "preset": "ACTIVE_MANIFOLD",
  "completion_tokens": 60,
  "input_tokens": 19,
  "gen_time_sec": 3.9367246627807617,
  "phi": 0.8817490935325623,
  "zone": "synthesis",
  "zone_weights": {
    "math": 0.1760056948125612,
    "logic_a": 0.01356174970008989,
    "logic_b": 0.0067808748500449625,
    "creative": 0.018019460668344627,
    "synthesis": 0.7856322189689593
  },
  "zone_entropy": 0.9519853234285267,
  "kurtosis": 271.5944519042969,
  "token_diversity_input": 0.6842105263157895,
  "loops_run": 4,
  "entropy": 0.9453125
}