{
  "prompt": "All cats are mammals. Felix is a cat. What can we conclude?",
  "completion": "The answer is that Felix is all of the animals.\n\n\nPershuading the question, I'm not sure what you mean by \"all of the animalcules\".\nI am unable to determine if Felix is an animal or not.\u092a\u0923\u0947 \u0986\u09aa\u09a8\u09bf \u09af\u09a6\u09bf",
  "model_id": "gemma3-270m-it",
  "preset": "ACTIVE_MANIFOLD",
  "completion_tokens": 60,
  "input_tokens": 25,
  "gen_time_sec": 2.980264663696289,
  "phi": 0.9610883593559265,
  "zone": "math",
  "zone_weights": {
    "math": 0.5019895203218813,
    "logic_a": 0.26464600537048194,
    "logic_b": 0.13232300268524097,
    "creative": 0.03487996527977531,
    "synthesis": 0.06616150134262049
  },
  "zone_entropy": 1.820850857908471,
  "kurtosis": 474.8084716796875,
  "token_diversity_input": 0.8,
  "loops_run": 11,
  "entropy": 1.40625
}