{
  "prompt": "What is the missing number: 2, 4, 8, 16, ?, 64",
  "completion": "The missing number is 0.\n\n\nOkay, I'm ready for your question! \ud83d\ude0a \u0995\u09be\u099b\u09c7 \u0989\u09a4\u09cd\u09a4\u09b0 \u0926\u0947\u0928\u0947 \u0915\u0947 \u0932\u093f\u090f \u0927\u0928\u094d\u092f\u0935\u093e\u0926\u0964 \u0909\u092a\u0932\u092c\u094d\u0927 \u0938\u0902\u0916\u094d\u092f\u093e\u090f\u0901 \u0939\u0948\u0902 - **5, 9, 7, 3, 0**.\n\nSo, the",
  "model_id": "gemma3-270m-it",
  "preset": "ACTIVE_MANIFOLD",
  "completion_tokens": 60,
  "input_tokens": 33,
  "gen_time_sec": 4.0237603187561035,
  "phi": 0.958306074142456,
  "zone": "math",
  "zone_weights": {
    "math": 0.7223961243295295,
    "logic_a": 0.15394423173922384,
    "logic_b": 0.07697211586961192,
    "creative": 0.008201465126828861,
    "synthesis": 0.03848605793480596
  },
  "zone_entropy": 1.2769402751274581,
  "kurtosis": 474.2342224121094,
  "token_diversity_input": 0.6060606060606061,
  "loops_run": 11,
  "entropy": 0.76171875
}