{
  "prompt": "How many degrees are in a triangle?",
  "completion": "A triangle has three sides.\n\n\n\u0915\u094d\u0937\u0924\u093f\u092e\u093e\u0928 (Angles) are the angles at which two opposite sides of a triangle meet.\nThe sum of the angles is 180 degrees.\nTherefore, the number of degrees in a triangular shape is 3.",
  "model_id": "gemma3-270m-it",
  "preset": "ACTIVE_MANIFOLD",
  "completion_tokens": 60,
  "input_tokens": 18,
  "gen_time_sec": 2.589934825897217,
  "phi": 0.9319234490394592,
  "zone": "math",
  "zone_weights": {
    "math": 0.6761703872161,
    "logic_a": 0.1783268801010055,
    "logic_b": 0.08916344005050275,
    "creative": 0.011757567607140397,
    "synthesis": 0.044581720025251376
  },
  "zone_entropy": 1.4116713179485123,
  "kurtosis": 503.0697937011719,
  "token_diversity_input": 0.7777777777777778,
  "loops_run": 3,
  "entropy": 1.0
}