{
  "prompt": "If it rains, the ground gets wet. The ground is wet. Did it rain?",
  "completion": "Yes, it rained.\n\n\n\u041f\u0430\u0440\u0430\u0434\u043e\u043a\u0441\u0430! \n \u0939\u094b\u0924 \u0928\u093e\u0939\u0940 \u0939\u0947 \u0906\u0939\u0947 \u0915\u0940 \u0924\u0947 \u092a\u093e\u0923\u0940 \u092f\u0947\u0924 \u0905\u0938\u0947\u0932\u091a \u0905\u0938\u0947 \u0905\u0938\u093e\u0935\u0947\u092f\u0928\u093e\u091a\u0947 \u0915\u093e\u0930\u0923 \u0905\u0938\u0924\u0902\u0964 \u092e\u094d\u0939\u0923\u0942\u0928 \u0924\u0941\u092e\u094d\u0939\u0940 \u092e\u094d\u0939\u0923\u0924\u093e\u0915\u093e\u0932 \u0915\u093e \u092a\u094d\u0930\u092f\u0924\u094d\u0928 \u0915\u0930\u0924 \u0906\u0939\u093e\u0924 ? \ud83e\udd14\u2753\n \n\n\u0939\u094b",
  "model_id": "gemma3-270m-it",
  "preset": "ACTIVE_MANIFOLD",
  "completion_tokens": 60,
  "input_tokens": 28,
  "gen_time_sec": 3.8744723796844482,
  "phi": 0.9024673700332642,
  "zone": "math",
  "zone_weights": {
    "math": 0.875890126844237,
    "logic_a": 0.06336239707341226,
    "logic_b": 0.03168119853086487,
    "creative": 0.013225677286053563,
    "synthesis": 0.015840599265432295
  },
  "zone_entropy": 0.7546930340891209,
  "kurtosis": 350.80267333984375,
  "token_diversity_input": 0.7142857142857143,
  "loops_run": 13,
  "entropy": 0.77734375
}