{
  "prompt": "What is 0.25 as a fraction?",
  "completion": "0.  25 is a number that can be written as a decimal by dividing by 100.\n\nSo, 0,25 = 25/10\u0966 = 0.\\overline{25}\n\n\nThat's the correct",
  "model_id": "gemma3-270m-it",
  "preset": "ACTIVE_MANIFOLD",
  "completion_tokens": 60,
  "input_tokens": 21,
  "gen_time_sec": 3.714296340942383,
  "phi": 0.9032487273216248,
  "zone": "math",
  "zone_weights": {
    "math": 0.8328896246268075,
    "logic_a": 0.0939768372102235,
    "logic_b": 0.04698841860511175,
    "creative": 0.002650905255301397,
    "synthesis": 0.023494209302555875
  },
  "zone_entropy": 0.8974471676794721,
  "kurtosis": 525.228759765625,
  "token_diversity_input": 0.8095238095238095,
  "loops_run": 13,
  "entropy": 0.69140625
}