{
  "prompt": "If P is false, what is the truth value of 'P or Q'?",
  "completion": "The statement \"If P are false, then Q is true\" is a conditional statement.\n\n\n\u0915\u094d\u0937\u092e\u093e\u0924\u0940 \u0906\u0939\u0947! \n\u0927\u0928\u094d\u092f\u0935\u093e\u0926! \ud83d\ude0a \u0927\u0928\u094d\u092f\u0935\u093e\u0926 \u0924\u0941\u092e\u094d\u0939\u0940\u0939\u0940 \u0926\u093f\u0932\u0940 \u0906\u0939\u093e\u0924 \u0916\u0942\u092a \u091b\u093e\u0928 \u0939\u094b\u0924\u0947 ! \ud83d\udc4d \u09a7\u09a8\u09cd\u09af\u09ac\u09be\u09a6 \u0926\u0947\u0916\u0940\u0932 \u0915\u0930\u093e\u092f\u0932\u093e \u0939\u0935\u0947\u0924 \u0928\u093e\u0939\u0940\u092f\u0947",
  "model_id": "gemma3-270m-it",
  "preset": "ACTIVE_MANIFOLD",
  "completion_tokens": 60,
  "input_tokens": 26,
  "gen_time_sec": 2.6786141395568848,
  "phi": 0.9612268805503845,
  "zone": "math",
  "zone_weights": {
    "math": 0.4599039226214656,
    "logic_a": 0.28363670396783164,
    "logic_b": 0.14181835198391582,
    "creative": 0.04373184043482893,
    "synthesis": 0.07090917599195791
  },
  "zone_entropy": 1.8987923267861655,
  "kurtosis": 529.7500610351562,
  "token_diversity_input": 0.8076923076923077,
  "loops_run": 11,
  "entropy": 1.296875
}