{
  "prompt": "Write a toast given at the end of the universe.",
  "completion": "Alright, here's a toast for the end to all things cosmic! \n\nTo the stars, to galaxies, to nebulae, to the cosmos, and to the endless expanse of existence. May your journey be filled with wonder, joy, and perhaps even a touch of stardust. Farewell",
  "model_id": "gemma3-270m-it",
  "preset": "ACTIVE_MANIFOLD",
  "completion_tokens": 60,
  "input_tokens": 21,
  "gen_time_sec": 2.9867892265319824,
  "phi": 0.9284422397613525,
  "zone": "math",
  "zone_weights": {
    "math": 0.5462264176331658,
    "logic_a": 0.24375917974397038,
    "logic_b": 0.12187958987198519,
    "creative": 0.02719501281488619,
    "synthesis": 0.060939794935992594
  },
  "zone_entropy": 1.730446106433823,
  "kurtosis": 473.5137023925781,
  "token_diversity_input": 0.7619047619047619,
  "loops_run": 2,
  "entropy": 1.2421875
}