{
  "prompt": "Complete: J, F, M, A, M, ?",
  "completion": "The answer is 1.\n\n\nPerspectives are subjective and can be influenced by personal experiences, beliefs, and cultural contexts. The meaning of the word \"J\" is not a fixed or universal concept. It's often used in different ways depending on the context.",
  "model_id": "gemma3-270m-it",
  "preset": "ACTIVE_MANIFOLD",
  "completion_tokens": 60,
  "input_tokens": 23,
  "gen_time_sec": 4.0975940227508545,
  "phi": 0.9625407457351685,
  "zone": "math",
  "zone_weights": {
    "math": 0.36167215667095026,
    "logic_a": 0.323437953091308,
    "logic_b": 0.161718976545654,
    "creative": 0.0723114204192607,
    "synthesis": 0.080859488272827
  },
  "zone_entropy": 2.049856818607852,
  "kurtosis": 496.1500244140625,
  "token_diversity_input": 0.6086956521739131,
  "loops_run": 11,
  "entropy": 1.4140625
}