{
  "prompt": "If A and B are both true, what is the truth value of A or B?",
  "completion": "A or B is true if both A and either B is True.\n\n\n\u092f\u093e \u092a\u094d\u0930\u0936\u094d\u0928\u093e\u091a\u0947 \u0909\u0924\u094d\u0924\u0930 \u0906\u0939\u0947: **True**\n\n \u092f\u093e \u0909\u0924\u094d\u0924\u0930\u093e\u092e\u0927\u094d\u092f\u0947 'True' \u0939\u0947 \u0938\u0924\u094d\u092f \u0935\u093f\u0927\u093e\u0928 \u0926\u0930\u094d\u0936\u0935\u0924\u0947 \u0915\u0940 \u0926\u094b\u0928\u094d\u0939\u0940 \u0936\u0915\u094d\u092f\u0924\u093e \u0906\u0939\u0947\u0924 \u0906\u0923\u093f \u0924\u094d\u092f\u093e\u092a\u0948\u0915\u0940 \u090f\u0915 \u0928\u093f\u0935\u0921\u0932\u0947\u0932\u0940 \u0928\u093e\u0939\u0940. \u0924\u094d\u092f\u093e\u092e\u0941\u0933\u0947",
  "model_id": "gemma3-270m-it",
  "preset": "ACTIVE_MANIFOLD",
  "completion_tokens": 60,
  "input_tokens": 28,
  "gen_time_sec": 3.4140737056732178,
  "phi": 0.9628645777702332,
  "zone": "math",
  "zone_weights": {
    "math": 0.4711621529649197,
    "logic_a": 0.2786506082125999,
    "logic_b": 0.13932530410629995,
    "creative": 0.04119927766303047,
    "synthesis": 0.06966265205314998
  },
  "zone_entropy": 1.878708548581556,
  "kurtosis": 514.1884765625,
  "token_diversity_input": 0.7857142857142857,
  "loops_run": 11,
  "entropy": 1.3125
}