{
  "prompt": "Write a haiku about a forgotten robot.",
  "completion": "Chrome eyes gleam,\nSilent hum in the night,\nA memory sleeps deep.\n\n\n\u092e\u0947\u0930\u0947 \u092a\u093e\u0938 \u090f\u0915 \u092a\u0941\u0930\u093e\u0928\u093e \u0ba8\u0bbf\u0ba9\u0bc8\u0bb5\u0bc1\u0b95\u0bb3\u0bcd \u0939\u0948\u0964 \n\n\u090f\u0915 \u091b\u094b\u091f\u093e \u0938\u093e \u0926\u093f\u0932 \u092e\u0947\u0902 \u092c\u0938\u0947 \u0939\u0941\u090f \u0938\u093f\u0924\u093e\u0930\u0947 \u0939\u0948\u0902 \u091c\u094b \u092f\u093e\u0926 \u0915\u0930\u0924\u0947 \u0925\u0947 \u0914\u0930 \u0930\u0939\u0924\u0947 \u0930\u0939\u0947 \u0939\u094b\u0924\u0947 \u0917\u090f \u0925\u093e \u091c\u0948\u0938\u0947 \u0915\u093f \u0935\u0947 \u0939\u092e\u0947\u0936\u093e \u0938\u0947",
  "model_id": "gemma3-270m-it",
  "preset": "ACTIVE_MANIFOLD",
  "completion_tokens": 60,
  "input_tokens": 19,
  "gen_time_sec": 3.8072702884674072,
  "phi": 0.9548628926277161,
  "zone": "logic_a",
  "zone_weights": {
    "math": 0.19129391891505199,
    "logic_a": 0.36346253254961375,
    "logic_b": 0.18173126627480687,
    "creative": 0.1726466441231242,
    "synthesis": 0.09086563313740344
  },
  "zone_entropy": 2.186144928266436,
  "kurtosis": 471.37213134765625,
  "token_diversity_input": 0.7368421052631579,
  "loops_run": 9,
  "entropy": 1.515625
}