{
  "prompt": "Solve: 3^4 = ?",
  "completion": "3^1 = 3\n3 * 3 = 9\n9 = 1\n\nTherefore, 3<sup>4</sup> = 27\n\n\nThe solution is correct.\n,\n\n\n3<sup>1</sup> =\n3\nSince 3",
  "model_id": "gemma3-270m-it",
  "preset": "ACTIVE_MANIFOLD",
  "completion_tokens": 60,
  "input_tokens": 18,
  "gen_time_sec": 2.881052017211914,
  "phi": 0.7490435242652893,
  "zone": "math",
  "zone_weights": {
    "math": 0.9451337192634236,
    "logic_a": 0.031204974994387312,
    "logic_b": 0.015602487497193656,
    "creative": 0.0002575694963986725,
    "synthesis": 0.007801243748596828
  },
  "zone_entropy": 0.3843760232294459,
  "kurtosis": 404.942626953125,
  "token_diversity_input": 0.7777777777777778,
  "loops_run": 3,
  "entropy": 0.73046875
}