{
  "prompt": "Complete: 1, 4, 9, 16, ?",
  "completion": "The answer is 15.\n \u0995\u09be\u099b\u09c7 \u0938\u0902\u0916\u094d\u092f\u093e\u099f\u09bf \u0b89\u0bb3\u0bcd\u0bb3\u0ba4\u0bc1\u0964\n\n\u0995\u09be\u09b0\u09a3 \u098f\u099f\u09bf \u098f\u0995\u099f\u09bf \u09b8\u0982\u0996\u09cd\u09af\u09be \u09af\u09be \u09ac\u09b9\u09c1\u09aa\u0940\u09b9\u09cd\u09a8\u09a8\u09c7 (divisors) \u09ac\u09bf\u09ad\u0995\u09cd\u09a4 \u0995\u09b0\u09be \u09b9\u09af\u09bc\u09c7\u099b\u09c7 \u098f\u09ac\u0982 \u098f\u09b0 \u09a6\u09c8\u09b0\u09cd\u0998\u09cd\u09af \u09aa\u09cd\u09b0\u09be\u09af\u09bc \u09e7 \u09a5\u09c7\u0995\u09c7 \u09b6\u09c1\u09b0\u09c1 \u09b9\u09af\u09bc \u09a4\u09be\u09b0 \u09b8\u09ae\u09be\u09a8 \u09a8\u09af\u09bc\u09ac\u09be\u09b0 \u09aa\u09b0\u09cd\u09af\u09a8\u09cd\u09a4 \u099a\u09b2\u09c7 \u09af\u09be\u09af\u09bc \u09a8\u09be\u0964 \u09a4\u09be\u0987 \u098f\u0987 \u09b8\u0982\u0996\u09cd\u09af\u09be\u09b0 \u09ae\u09be\u09a8 \u09af\u09a4 \u09ac\u09c7\u09b6\u09bf",
  "model_id": "gemma3-270m-it",
  "preset": "ACTIVE_MANIFOLD",
  "completion_tokens": 60,
  "input_tokens": 26,
  "gen_time_sec": 4.066915988922119,
  "phi": 0.9510399103164673,
  "zone": "logic_a",
  "zone_weights": {
    "math": 0.25298281605155004,
    "logic_a": 0.35550082620123735,
    "logic_b": 0.17775041310061868,
    "creative": 0.12489073309628461,
    "synthesis": 0.08887520655030934
  },
  "zone_entropy": 2.1602267967949706,
  "kurtosis": 528.2232666015625,
  "token_diversity_input": 0.5769230769230769,
  "loops_run": 9,
  "entropy": 1.4921875
}