{
  "prompt": "If today is Wednesday, what day will it be 10 days from now?",
  "completion": "Today is Wednesday.\n10 + 1 = 11\n\nTherefore, the date will be **Thursday**.\n\n\u0917\u0941\u0923\u094b\u0924\u094d\u0924\u0930 \u0930\u0942\u092a (Arithmetic sequence) is defined as finding the difference between two numbers. The first number is the first term and the second number is its",
  "model_id": "gemma3-270m-it",
  "preset": "ACTIVE_MANIFOLD",
  "completion_tokens": 60,
  "input_tokens": 27,
  "gen_time_sec": 3.6677329540252686,
  "phi": 0.9611890912055969,
  "zone": "math",
  "zone_weights": {
    "math": 0.6030803334809137,
    "logic_a": 0.2157817275332787,
    "logic_b": 0.10789086376663935,
    "creative": 0.01930163833584856,
    "synthesis": 0.053945431883319676
  },
  "zone_entropy": 1.601126479924073,
  "kurtosis": 553.5447998046875,
  "token_diversity_input": 0.8518518518518519,
  "loops_run": 11,
  "entropy": 1.140625
}