{
  "prompt": "What is 1024 / 32?",
  "completion": "10\u2082\u2084 = 12\u2083\u2084\n\n\n\u0915\u094d\u0937\u092e\u0924\u093e (Capacity) \u0915\u093e\u0922\u0923\u094d\u092f\u093e\u0938\u093e\u0920\u0940, \u0906\u092a\u0923 \u0916\u093e\u0932\u0940\u0932 \u0938\u0942\u0924\u094d\u0930 \u0935\u093e\u092a\u0930\u0942 \u0936\u0915\u0924\u094b:\n\nx = ?\n\u0926\u093f\u0932\u0947\u0932\u094d\u092f\u093e \u0938\u0902\u0916\u094d\u092f\u0947\u091a\u093e \u0935\u0930\u094d\u0917\u092e\u0942\u0933 \u0906\u0939\u0947. \u092e\u094d\u0939\u0923\u0942\u0928 x = \u0906\u092a\u0932\u094d\u092f\u093e\u0932\u093e \u092e\u093e\u0939\u093f\u0924 \u0905\u0938\u0923\u0947 \u0906\u0935\u0936\u094d\u092f\u0915 \u0928\u093e\u0939\u0940 \u0939\u0947 \u0915\u093e\u0930\u0923 \u0938\u0902\u0916\u094d\u092f\u093e",
  "model_id": "gemma3-270m-it",
  "preset": "ACTIVE_MANIFOLD",
  "completion_tokens": 60,
  "input_tokens": 22,
  "gen_time_sec": 4.050820350646973,
  "phi": 0.9610658288002014,
  "zone": "math",
  "zone_weights": {
    "math": 0.33907686184981106,
    "logic_a": 0.3313995071466435,
    "logic_b": 0.16569975357332176,
    "creative": 0.08097399564356285,
    "synthesis": 0.08284987678666088
  },
  "zone_entropy": 2.078176184887611,
  "kurtosis": 527.749755859375,
  "token_diversity_input": 0.7272727272727273,
  "loops_run": 11,
  "entropy": 1.4296875
}