{
  "prompt": "Imagine a letter written by a river to the sea.",
  "completion": "\n\u0932 \u090f\u0915 \u0910\u0938\u093e \u092a\u0924\u094d\u0930 \u0939\u0948 \u091c\u094b \u0915\u093f\u0938\u0940 \u0928\u0926\u0940 \u0915\u0947 \u092c\u093e\u0930\u0947 \u092e\u0947\u0902 \u092c\u093e\u0924 \u0915\u0930\u0924\u093e \u0939\u0948\u0964 \u092f\u0939 \u092a\u093e\u0920, \u091c\u093f\u0938\u0947 \u0905\u0915\u094d\u0938\u0930 \"\u090f\u0915 \u091b\u094b\u091f\u093e \u0938\u093e \u0938\u0902\u0926\u0947\u0936\" \u092f\u093e '\u0928\u0926\u0940 \u0915\u093e \u092e\u0948\u0938\u0947\u091c' \u0915\u0939\u093e \u091c\u093e\u0924\u093e \u0939\u0948 \u0914\u0930 \u0907\u0938\u0947 \u0905\u092a\u0928\u0947 \u0906\u092a \u0915\u094b \u0935\u094d\u092f\u0915\u094d\u0924 \u0915\u0930\u0928\u0947 \u0915\u0940 \u0905\u0928\u0941\u092e\u0924\u093f \u0926\u0947\u0924\u093e \u0939\u0948 \u0915\u093f \u0915\u094b\u0908 \u092d\u0940 \u0935\u094d\u092f\u0915\u094d\u0924\u093f \u0907\u0938 \u0935\u093f\u0937\u092f \u092a\u0930 \u0935\u093f\u091a\u093e\u0930 \u0915\u0930 \u0938\u0915\u0924\u093e",
  "model_id": "gemma3-270m-it",
  "preset": "ACTIVE_MANIFOLD",
  "completion_tokens": 60,
  "input_tokens": 21,
  "gen_time_sec": 3.5511627197265625,
  "phi": 0.9576611518859863,
  "zone": "logic_a",
  "zone_weights": {
    "math": 0.09066837643283379,
    "logic_a": 0.33878165335778415,
    "logic_b": 0.16939082667889208,
    "creative": 0.31646372519104404,
    "synthesis": 0.08469541333944604
  },
  "zone_entropy": 2.1038899557410833,
  "kurtosis": 542.6367797851562,
  "token_diversity_input": 0.7619047619047619,
  "loops_run": 9,
  "entropy": 1.4609375
}