{
  "prompt": "If a triangle has sides 3, 4, 5, what is its area?",
  "completion": "The area of the triangle ABC is given by the formula:\n$$A = \\frac{1}{2} \\cdot BC \\cdot AC$$\nwhere $C$ is the vertex opposite to side AB.\nIn this case, we have the lengths of the three sides, so $AB",
  "model_id": "gemma3-270m-it",
  "preset": "ACTIVE_MANIFOLD",
  "completion_tokens": 60,
  "input_tokens": 29,
  "gen_time_sec": 3.9562368392944336,
  "phi": 0.9552688598632812,
  "zone": "math",
  "zone_weights": {
    "math": 0.46133984173956755,
    "logic_a": 0.28300483032588364,
    "logic_b": 0.14150241516294182,
    "creative": 0.04340170019013608,
    "synthesis": 0.07075120758147091
  },
  "zone_entropy": 1.8962619089066168,
  "kurtosis": 428.2860412597656,
  "token_diversity_input": 0.7241379310344828,
  "loops_run": 10,
  "entropy": 1.203125
}