{
  "prompt": "What is 2^10?",
  "completion": "2^9 = 2 to the power of 9.\n\n\nExactly, 2<sup>10</sup> = 1024\u0927\u0928\n\u0947\u0902\u0964\n\n\u092f\u0939 \u090f\u0915 \u0938\u0902\u0916\u094d\u092f\u093e \u0939\u0948 \u091c\u094b \u0915\u093f \u0938\u0902\u0916\u094d\u092f\u093e\u0913\u0902 \u0915\u0947 \u0915\u094d\u0930\u092e \u092e\u0947\u0902 \u0926\u0940 \u0917\u0908 \u0928\u0939\u0940\u0902 \u0925\u0940 \u0914\u0930 \u0907\u0938\u0915\u093e",
  "model_id": "gemma3-270m-it",
  "preset": "ACTIVE_MANIFOLD",
  "completion_tokens": 60,
  "input_tokens": 18,
  "gen_time_sec": 3.2212865352630615,
  "phi": 0.9592649340629578,
  "zone": "math",
  "zone_weights": {
    "math": 0.7048558627988344,
    "logic_a": 0.16325222186337188,
    "logic_b": 0.08162611093168594,
    "creative": 0.00945274394026494,
    "synthesis": 0.04081305546584297
  },
  "zone_entropy": 1.3295256714317851,
  "kurtosis": 516.067626953125,
  "token_diversity_input": 0.7777777777777778,
  "loops_run": 11,
  "entropy": 0.90625
}