{
  "prompt": "What is the syllogism called when the conclusion is hidden in the premises?",
  "completion": "The syllogogy that describes the conclusion being hidden in its premises is called a **fallacy**.\n\n\nThat's correct. \n\u092a\u0923\u0947, this is a logical fallacy.\n\u0947\u0902 \u09a4\u09bf\u09a8\u09bf \u090f\u0915 \u092d\u094d\u0930\u092e\u092a\u0942\u0930\u094d\u0923 \u0935\u093f\u0927\u093e\u0928 \u0939\u0948\u0964 \u092f\u0939 \u0915\u0925\u0928 \u0938\u0924\u094d\u092f",
  "model_id": "gemma3-270m-it",
  "preset": "ACTIVE_MANIFOLD",
  "completion_tokens": 60,
  "input_tokens": 26,
  "gen_time_sec": 3.7296981811523438,
  "phi": 0.9598525762557983,
  "zone": "math",
  "zone_weights": {
    "math": 0.670246161923473,
    "logic_a": 0.1814159119526498,
    "logic_b": 0.0907079559763249,
    "creative": 0.012275987159389866,
    "synthesis": 0.04535397798816245
  },
  "zone_entropy": 1.4280645462476302,
  "kurtosis": 465.7077941894531,
  "token_diversity_input": 0.7307692307692307,
  "loops_run": 11,
  "entropy": 0.98046875
}