{
  "prompt": "Solve for x: 2x + 5 = 17",
  "completion": "Subtracting 5 from both sides of the equation, we get:\n2x = 0\n\nDividing both sides by 2, we have:\nx =\n\nTherefore, x = 3\n\n\nThat's correct.\n\u3068\n\n\n",
  "model_id": "gemma3-270m-it",
  "preset": "ACTIVE_MANIFOLD",
  "completion_tokens": 60,
  "input_tokens": 24,
  "gen_time_sec": 4.030863046646118,
  "phi": 0.9306682348251343,
  "zone": "logic_b",
  "zone_weights": {
    "math": 0.16836848211202277,
    "logic_a": 0.01784325200190902,
    "logic_b": 0.5985398584268481,
    "creative": 0.2107968566734346,
    "synthesis": 0.004451549785785522
  },
  "zone_entropy": 1.487846577535681,
  "kurtosis": 304.2572021484375,
  "token_diversity_input": 0.75,
  "loops_run": 9,
  "entropy": 1.1875
}