{
  "prompt": "What is the contrapositive of 'If P then Q'?",
  "completion": "The contrapositive is \"If A, then B\".\n\n\n\u0928\u093e\u0939\u0940 \u0938\u0939\u0940\u0964\nPOINT 1: If P, then Q.\n(P -> Q)\n\u092a\u0923\u0947 \u09ad\u09c1\u09b2 \u0906\u0939\u0947 \u0939\u0947 \u0938\u094d\u092a\u0937\u094d\u091f \u0939\u094b\u0924\u0947.\n\nPOINT 2: If not P, Q.",
  "model_id": "gemma3-270m-it",
  "preset": "ACTIVE_MANIFOLD",
  "completion_tokens": 60,
  "input_tokens": 22,
  "gen_time_sec": 3.644329071044922,
  "phi": 0.9601661562919617,
  "zone": "math",
  "zone_weights": {
    "math": 0.7137214052660392,
    "logic_a": 0.15855578977990703,
    "logic_b": 0.07927789488995352,
    "creative": 0.008805957619132668,
    "synthesis": 0.03963894744497676
  },
  "zone_entropy": 1.303177514845679,
  "kurtosis": 388.4652404785156,
  "token_diversity_input": 0.8181818181818182,
  "loops_run": 11,
  "entropy": 0.90625
}