{
  "prompt": "Calculate 15% of 240.",
  "completion": "15\\% of 300 is equal to 100.\n\nTherefore, 180 is the answer.\n\n\n90\u0bae\u0bcd \u0b8e\u0ba9\u0bcd\u0baa\u0ba4\u0bc1 \u0b92\u0bb0\u0bc1 \u0b8e\u0ba3\u0bcd\u0b95\u0bb3\u0bbf\u0ba9\u0bcd \u0b95\u0bc2\u0b9f\u0bcd\u0b9f\u0bc1\u0ba4\u0bcd\u0ba4\u0bca\u0b95\u0bc8 \u0b86\u0b95\u0bc1\u0bae\u0bcd (\u0b8e\u0b9f\u0bc1\u0ba4\u0bcd\u0ba4\u0bc1\u0b95\u0bcd\u0b95\u0bbe\u0b9f\u0bcd\u0b9f\u0bbe\u0b95: 1 + 9 +",
  "model_id": "gemma3-270m-it",
  "preset": "ACTIVE_MANIFOLD",
  "completion_tokens": 60,
  "input_tokens": 21,
  "gen_time_sec": 4.340813875198364,
  "phi": 0.9084779024124146,
  "zone": "math",
  "zone_weights": {
    "math": 0.7495114559231737,
    "logic_a": 0.1394308537719519,
    "logic_b": 0.06971542688597596,
    "creative": 0.006484544975910343,
    "synthesis": 0.03485771344298798
  },
  "zone_entropy": 1.1918971739375481,
  "kurtosis": 496.0718688964844,
  "token_diversity_input": 0.7619047619047619,
  "loops_run": 16,
  "entropy": 0.84765625
}