{
  "prompt": "What is 17 * 23?",
  "completion": "17 x 2 = 34\n\n\n\u092c\u0938 \u090f\u0915 \u0938\u0902\u0916\u094d\u092f\u093e \u0939\u0948\u0964 \u0906\u092a \u0907\u0938\u0947 \u0907\u0938 \u0924\u0930\u0939 \u0938\u0947 \u0938\u094b\u091a \u0938\u0915\u0924\u0947 \u0939\u0948\u0902:\n\n17 \u00d7 20 = 1 \\times 2 \\times ?\n16 \u0914\u0930 \u092d\u0940 \u0939\u094b \u0938\u0915\u0924\u093e \u0939\u0948, \u0932\u0947\u0915\u093f\u0928 \u092f\u0939 \u0938\u092c\u0938\u0947 \u0938\u0930\u0932",
  "model_id": "gemma3-270m-it",
  "preset": "ACTIVE_MANIFOLD",
  "completion_tokens": 60,
  "input_tokens": 20,
  "gen_time_sec": 3.7646164894104004,
  "phi": 0.9581680297851562,
  "zone": "math",
  "zone_weights": {
    "math": 0.6817381666536535,
    "logic_a": 0.1754159400239386,
    "logic_b": 0.0877079700119693,
    "creative": 0.011283933304453904,
    "synthesis": 0.04385398500598465
  },
  "zone_entropy": 1.39608905508673,
  "kurtosis": 519.6381225585938,
  "token_diversity_input": 0.75,
  "loops_run": 11,
  "entropy": 0.93359375
}