{
  "prompt": "What is 9 squared?",
  "completion": "9 squared is 18.\n\n\n \u03bf\u03c0\u03bf\u03af\u03bf\u03c2 \u0928\u0947 \u0909\u0924\u094d\u0924\u0930 \u0926\u093f\u092f\u093e \u0939\u0948: **18**\u0964\u0947\u0902 \u091c\u0935\u093e\u092c \u0928\u0939\u0940\u0902 \u0926\u0947 \u0930\u0939\u093e \u0925\u093e, \u0907\u0938\u0932\u093f\u090f \u092e\u0948\u0902 \u0938\u092e\u091d \u0917\u092f\u093e \u0915\u093f \u0906\u092a \u092a\u0942\u091b \u0930\u0939\u0947 \u0939\u0948\u0902 \u090f\u0915 \u0938\u0902\u0916\u094d\u092f\u093e \u091c\u093f\u0938\u0947 \u0939\u092e \u091c\u093e\u0928\u0924\u0947 \u0939\u0941\u090f \u0926\u0930\u094d\u0936\u093e\u0924\u0947 \u0925\u0947 \u0914\u0930 \u092f\u0939 \u0915\u094d\u092f\u093e \u0926\u0930\u094d\u0936\u093e\u0924\u093e \u0939\u0941\u0906 \u092f\u093e \u0938\u094d\u092a\u0937\u094d\u091f \u0930\u0942\u092a",
  "model_id": "gemma3-270m-it",
  "preset": "ACTIVE_MANIFOLD",
  "completion_tokens": 60,
  "input_tokens": 16,
  "gen_time_sec": 3.8281517028808594,
  "phi": 0.9583716988563538,
  "zone": "logic_a",
  "zone_weights": {
    "math": 0.29434138228401746,
    "logic_a": 0.34534852016641054,
    "logic_b": 0.17267426008320527,
    "creative": 0.10129870242476412,
    "synthesis": 0.08633713004160264
  },
  "zone_entropy": 2.1263294063253726,
  "kurtosis": 499.9093933105469,
  "token_diversity_input": 0.75,
  "loops_run": 9,
  "entropy": 1.46875
}