{
  "prompt": "What is the logical negation of 'All swans are white'?",
  "completion": "The logical negation is \"No swan is white\".\n\n\n\u0964 \n\u0bae\u0bcd \u0b8e\u0ba9\u0bcd\u0baa\u0ba4\u0bc1 \u0b92\u0bb0\u0bc1 \u0b9a\u0bca\u0bb2\u0bcd \u0b85\u0bb2\u0bcd\u0bb2\u0ba4\u0bc1 \u0b95\u0bb0\u0bc1\u0ba4\u0bcd\u0ba4\u0bc8 \u0bae\u0bb1\u0bcd\u0bb1\u0bca\u0ba9\u0bcd\u0bb1\u0bbf\u0ba9\u0bcd \u0bae\u0bc0\u0ba4\u0bc1 \u0b92\u0baa\u0bcd\u0baa\u0bbf\u0b95\u0bcd\u0b95\u0bc1\u0bae\u0bcd \u0b92\u0ba9\u0bcd\u0bb1\u0bc1\u0b95\u0bcd\u0b95\u0bc1 \u0b8e\u0ba4\u0bbf\u0bb0\u0bbe\u0ba9\u0ba4\u0bbe\u0b95\u0b95\u0bcd \u0b95\u0bb0\u0bc1\u0ba4\u0baa\u0bcd\u0baa\u0b9f\u0bc1\u0baa\u0bb5\u0bc8. \u0b8e\u0ba9\u0bb5\u0bc7, \u0b87\u0ba8\u0bcd\u0ba4\u0b9a\u0bcd \u0b9a\u0bca\u0bb2\u0bcd\u0bb2\u0bc8\u0baa\u0bcd \u0baa\u0bb1\u0bcd\u0bb1\u0bbf \u0ba8\u0bc0\u0b99\u0bcd\u0b95\u0bb3\u0bcd \u0b95\u0bc7\u0b9f\u0bcd\u0b95\u0bbf\u0bb1\u0bc0\u0bb0\u0bcd\u0b95\u0bb3\u0bcd",
  "model_id": "gemma3-270m-it",
  "preset": "ACTIVE_MANIFOLD",
  "completion_tokens": 60,
  "input_tokens": 22,
  "gen_time_sec": 3.503725290298462,
  "phi": 0.9572519659996033,
  "zone": "logic_a",
  "zone_weights": {
    "math": 0.2792747832986851,
    "logic_a": 0.3493965649244742,
    "logic_b": 0.1746982824622371,
    "creative": 0.10928122308348516,
    "synthesis": 0.08734914123111855
  },
  "zone_entropy": 2.1399602150092005,
  "kurtosis": 533.0894775390625,
  "token_diversity_input": 0.8181818181818182,
  "loops_run": 9,
  "entropy": 1.4765625
}