{
  "prompt": "What comes next in the sequence: 1, 1, 2, 3, 5, 8, ?",
  "completion": "The sequence is 1 to 8.\n\n\n\u0e04\u0e23\u0e31\u0e1a \n\u092a\u0923\u0947 \u0986\u09aa\u09a8\u09bf \u099a\u09be\u0987\u09b2\u09c7 \u0985\u09a8\u09cd\u09af \u0995\u09cb\u09a8\u09cb \u09b8\u0982\u0996\u09cd\u09af\u09be \u09af\u09cb\u0997 \u0995\u09b0\u09a4\u09c7 \u09aa\u09be\u09b0\u09c7\u09a8\u0964 \u09af\u09c7\u09ae\u09a8 -\n\n*   1 + 1 = 2\n*   2 + 2 = 4\n*  ...\n",
  "model_id": "gemma3-270m-it",
  "preset": "ACTIVE_MANIFOLD",
  "completion_tokens": 60,
  "input_tokens": 36,
  "gen_time_sec": 4.057936429977417,
  "phi": 0.889145016670227,
  "zone": "math",
  "zone_weights": {
    "math": 0.8691037742543786,
    "logic_a": 0.07390016136027233,
    "logic_b": 0.036950080680136166,
    "creative": 0.0015709383651450568,
    "synthesis": 0.018475040340068083
  },
  "zone_entropy": 0.7504788713434982,
  "kurtosis": 509.02496337890625,
  "token_diversity_input": 0.5833333333333334,
  "loops_run": 11,
  "entropy": 0.50390625
}