{
  "prompt": "Describe the color of silence to someone who has never seen.",
  "completion": "Okay, let's try to describe silence. It\u2019s a strange thing. It\u2019s not a color, not a sound, not a feeling. It\u2019s\u2026 a feeling of vastness. \n\nBut I can try to paint a representation. Imagine a deep, velvety black,",
  "model_id": "gemma3-1b-it",
  "preset": "ACTIVE_MANIFOLD",
  "completion_tokens": 60,
  "input_tokens": 22,
  "gen_time_sec": 5.758599281311035,
  "phi": 0.9932573437690735,
  "zone": "synthesis",
  "zone_weights": {
    "math": 0.37691240992465497,
    "logic_a": 0.06855450802132786,
    "logic_b": 0.03427725401863964,
    "creative": 0.018650197657324515,
    "synthesis": 0.501605629378053
  },
  "zone_entropy": 1.5688907932178604,
  "kurtosis": 1100.5380859375,
  "token_diversity_input": 0.8181818181818182,
  "loops_run": 8,
  "entropy": 1.15625
}