{
  "prompt": "Solve for x: 2x + 5 = 17",
  "completion": "Let's solve for x:\n\n2x + 5 = 17\n\nSubtract 5 from both sides of the equation:\n2x + 5 - 5 = 17\n2x = 17\n\nDivide both sides by 2:\nx = ",
  "model_id": "gemma3-1b-it",
  "preset": "ACTIVE_MANIFOLD",
  "completion_tokens": 60,
  "input_tokens": 24,
  "gen_time_sec": 5.867963790893555,
  "phi": 0.9934287667274475,
  "zone": "math",
  "zone_weights": {
    "math": 0.8928890329907845,
    "logic_a": 0.02614121394494481,
    "logic_b": 0.013070606972472405,
    "creative": 0.001258260650089017,
    "synthesis": 0.06664088356405444
  },
  "zone_entropy": 0.6376865078099561,
  "kurtosis": 1091.973876953125,
  "token_diversity_input": 0.75,
  "loops_run": 7,
  "entropy": 0.78515625
}