{
  "prompt": "If all Zorps are Frims, and no Frim is a Glip, can a Zorp be a Glip?",
  "completion": "This is a classic logic puzzle! Let's break it down:\n\n* **The statement \"If all Zorps are Frims, and no",
  "model_id": "gemma3-1b-it",
  "preset": "ACTIVE_MANIFOLD",
  "completion_tokens": 30,
  "input_tokens": 36,
  "gen_time_sec": 2.8012502193450928,
  "phi": 0.9881075024604797,
  "zone": "creative",
  "zone_weights": {
    "math": 0.2641517055847165,
    "logic_a": 0.12902440599517148,
    "logic_b": 0.13190738429717222,
    "creative": 0.329090090777525,
    "synthesis": 0.14582641234541469
  },
  "zone_entropy": 2.2067173794988504,
  "kurtosis": 1111.744140625,
  "token_diversity_input": 0.7222222222222222,
  "loops_run": 8,
  "entropy": 1.546875
}