{
  "prompt": "Write a toast given at the end of the universe.",
  "completion": "Okay, here's a toast. It\u2019s a bit philosophical, aiming for a sense of acceptance and wonder.\n\n---\n\nFriends, colleagues",
  "model_id": "gemma3-1b-it",
  "preset": "ACTIVE_MANIFOLD",
  "completion_tokens": 30,
  "input_tokens": 21,
  "gen_time_sec": 2.583407163619995,
  "phi": 0.9889703392982483,
  "zone": "synthesis",
  "zone_weights": {
    "math": 0.25988893243043487,
    "logic_a": 0.12817594573561208,
    "logic_b": 0.06459454432180561,
    "creative": 0.16875748087755513,
    "synthesis": 0.3785830956345923
  },
  "zone_entropy": 2.104138996589149,
  "kurtosis": 1108.263671875,
  "token_diversity_input": 0.7619047619047619,
  "loops_run": 7,
  "entropy": 1.453125
}