{
  "prompt": "What is the logical negation of 'All swans are white'?",
  "completion": "This is a classic logic puzzle! The logical negation of \"All swans are white\" is \"No swans are white.\"\n\nLet's break it",
  "model_id": "gemma3-1b-it",
  "preset": "ACTIVE_MANIFOLD",
  "completion_tokens": 30,
  "input_tokens": 22,
  "gen_time_sec": 2.5839169025421143,
  "phi": 0.9912059307098389,
  "zone": "synthesis",
  "zone_weights": {
    "math": 0.2775232096715703,
    "logic_a": 0.11978739111742391,
    "logic_b": 0.059893695558711976,
    "creative": 0.02159986952185124,
    "synthesis": 0.5211958331302883
  },
  "zone_entropy": 1.7326938664081737,
  "kurtosis": 1096.3050537109375,
  "token_diversity_input": 0.8181818181818182,
  "loops_run": 8,
  "entropy": 1.2578125
}