{
  "prompt": "What is the square root of 144?",
  "completion": "The square root of 144 is 12.\n\n",
  "model_id": "gemma3-1b-it",
  "preset": "ACTIVE_MANIFOLD",
  "completion_tokens": 15,
  "input_tokens": 21,
  "gen_time_sec": 1.4136207103729248,
  "phi": 0.9905717372894287,
  "zone": "math",
  "zone_weights": {
    "math": 0.3852955419698443,
    "logic_a": 0.06722798692428607,
    "logic_b": 0.10456112193873798,
    "creative": 0.31641622822813237,
    "synthesis": 0.12649911993899926
  },
  "zone_entropy": 2.0352134906828283,
  "kurtosis": 1111.8006591796875,
  "token_diversity_input": 0.7619047619047619,
  "loops_run": 4,
  "entropy": 1.4140625
}