{
  "prompt": "How does the structure of a cell resemble a city?",
  "completion": "The analogy between a cell and a city is a fascinating and surprisingly effective one! It highlights the idea of complex organization, division, and interdependence. Here",
  "model_id": "gemma3-1b-it",
  "preset": "ACTIVE_MANIFOLD",
  "completion_tokens": 30,
  "input_tokens": 21,
  "gen_time_sec": 2.5878870487213135,
  "phi": 0.9895137548446655,
  "zone": "math",
  "zone_weights": {
    "math": 0.3984288535044626,
    "logic_a": 0.36186733185873493,
    "logic_b": 0.16301707872777912,
    "creative": 0.041460017047006865,
    "synthesis": 0.035226717862016504
  },
  "zone_entropy": 1.8466592482811186,
  "kurtosis": 1117.7659912109375,
  "token_diversity_input": 0.7619047619047619,
  "loops_run": 7,
  "entropy": 1.4765625
}