{
  "prompt": "What does loneliness sound like as a piece of music?",
  "completion": "The concept of loneliness is incredibly complex, and music can evoke a vast range of feelings. A piece of music can represent loneliness, and it can be",
  "model_id": "gemma3-1b-it",
  "preset": "ACTIVE_MANIFOLD",
  "completion_tokens": 30,
  "input_tokens": 21,
  "gen_time_sec": 2.5544304847717285,
  "phi": 0.9921718239784241,
  "zone": "synthesis",
  "zone_weights": {
    "math": 0.2861394070277896,
    "logic_a": 0.11554110172858852,
    "logic_b": 0.05777055118803692,
    "creative": 0.0327633268413711,
    "synthesis": 0.5077856122142139
  },
  "zone_entropy": 1.7719695565671894,
  "kurtosis": 1101.8978271484375,
  "token_diversity_input": 0.8095238095238095,
  "loops_run": 8,
  "entropy": 1.34375
}