{
  "prompt": "What is the value of pi to 2 decimal places?",
  "completion": "Pi (\u03c0) to 2 decimal places is 3.14.\n\nThe value of pi to 2 decimal places is 3.",
  "model_id": "gemma3-1b-it",
  "preset": "ACTIVE_MANIFOLD",
  "completion_tokens": 30,
  "input_tokens": 22,
  "gen_time_sec": 2.6163101196289062,
  "phi": 0.9906535744667053,
  "zone": "synthesis",
  "zone_weights": {
    "math": 0.4040882810369078,
    "logic_a": 0.053784034014506606,
    "logic_b": 0.026892089254641982,
    "creative": 0.03991698467187266,
    "synthesis": 0.47531861002207104
  },
  "zone_entropy": 1.5908457366707416,
  "kurtosis": 1104.0479736328125,
  "token_diversity_input": 0.8181818181818182,
  "loops_run": 8,
  "entropy": 1.1796875
}