{
  "prompt": "What is the smell of a forgotten promise?",
  "completion": "The smell of a forgotten promise is a complex and deeply evocative one, and it\u2019s surprisingly layered. It\u2019s not a simple scent, but",
  "model_id": "gemma3-1b-it",
  "preset": "ACTIVE_MANIFOLD",
  "completion_tokens": 30,
  "input_tokens": 19,
  "gen_time_sec": 2.744370698928833,
  "phi": 0.9917062520980835,
  "zone": "synthesis",
  "zone_weights": {
    "math": 0.2774804194727158,
    "logic_a": 0.11976892157644199,
    "logic_b": 0.05988446551094807,
    "creative": 0.040568739259874476,
    "synthesis": 0.5022974531800197
  },
  "zone_entropy": 1.8096807706355689,
  "kurtosis": 1102.935791015625,
  "token_diversity_input": 0.7894736842105263,
  "loops_run": 8,
  "entropy": 1.2734375
}