{
  "prompt": "Complete: 1, 4, 9, 16, ?",
  "completion": "1, 4, 9, 16, ?\n\nThis sequence is a sequence of perfect squares. Each number is the square of the",
  "model_id": "gemma3-1b-it",
  "preset": "ACTIVE_MANIFOLD",
  "completion_tokens": 30,
  "input_tokens": 26,
  "gen_time_sec": 2.8047842979431152,
  "phi": 0.9912426471710205,
  "zone": "synthesis",
  "zone_weights": {
    "math": 0.4316901517661468,
    "logic_a": 0.038542610371580376,
    "logic_b": 0.01927130523409729,
    "creative": 0.018723545531549705,
    "synthesis": 0.49177238609662594
  },
  "zone_entropy": 1.4250241722402652,
  "kurtosis": 1101.189453125,
  "token_diversity_input": 0.5769230769230769,
  "loops_run": 8,
  "entropy": 1.078125
}