{
  "prompt": "Compare the structure of a symphony to the structure of a programming language.",
  "completion": "Okay, let's compare the structure of a symphony to the structure of a programming language. It's a surprisingly effective analogy! Here's",
  "model_id": "gemma3-1b-it",
  "preset": "ACTIVE_MANIFOLD",
  "completion_tokens": 30,
  "input_tokens": 24,
  "gen_time_sec": 2.653590679168701,
  "phi": 0.9921112060546875,
  "zone": "synthesis",
  "zone_weights": {
    "math": 0.4193698342035734,
    "logic_a": 0.04537309314997225,
    "logic_b": 0.022686546657525085,
    "creative": 0.01991028935861815,
    "synthesis": 0.4926602356303111
  },
  "zone_entropy": 1.4678071417409622,
  "kurtosis": 1101.38671875,
  "token_diversity_input": 0.6666666666666666,
  "loops_run": 8,
  "entropy": 1.125
}