{
  "prompt": "How does the structure of DNA relate to information theory?",
  "completion": "The relationship between DNA and information theory is surprisingly deep and has led to fascinating insights into how information is encoded, stored, and retrieved. Here's",
  "model_id": "gemma3-1b-it",
  "preset": "ACTIVE_MANIFOLD",
  "completion_tokens": 30,
  "input_tokens": 21,
  "gen_time_sec": 2.5313162803649902,
  "phi": 0.9899871945381165,
  "zone": "synthesis",
  "zone_weights": {
    "math": 0.18020953916640292,
    "logic_a": 0.16194673238517177,
    "logic_b": 0.08097444250698785,
    "creative": 0.09149028259429957,
    "synthesis": 0.485379002347138
  },
  "zone_entropy": 1.9863311101316374,
  "kurtosis": 1105.217041015625,
  "token_diversity_input": 0.8095238095238095,
  "loops_run": 7,
  "entropy": 1.453125
}