{
  "prompt": "If A implies B, and B implies C, what does A imply?",
  "completion": "This is a classic logic puzzle. Here's how to solve it:\n\n* **B implies C** means \"If B is true, then",
  "model_id": "gemma3-1b-it",
  "preset": "ACTIVE_MANIFOLD",
  "completion_tokens": 30,
  "input_tokens": 25,
  "gen_time_sec": 2.550292491912842,
  "phi": 0.9888809323310852,
  "zone": "synthesis",
  "zone_weights": {
    "math": 0.1945543880561408,
    "logic_a": 0.17613774834524984,
    "logic_b": 0.08806887417262492,
    "creative": 0.047279799117294546,
    "synthesis": 0.49395918922336685
  },
  "zone_entropy": 1.9202323012995486,
  "kurtosis": 1093.5706787109375,
  "token_diversity_input": 0.68,
  "loops_run": 7,
  "entropy": 1.4765625
}