{
  "input_file": "eval/results/1B_ACTIVE_MANIFOLD_full/1B_ACTIVE_MANIFOLD_aggregate.json",
  "scale": "1B",
  "model_id": "gemma3-1b-it",
  "preset": "ACTIVE_MANIFOLD",
  "n_prompts_total": 80,
  "n_successful": 80,
  "n_errors": 0,
  "anova_zone_entropy": {
    "F": 6.014790382000549,
    "p_approx": 0.001083348562731089,
    "eta_squared": 0.19187082571893846,
    "ss_between": 0.8613130519732883,
    "ss_within": 3.6277125658920393,
    "k": 3,
    "n": 76
  },
  "anova_phi": {
    "F": 0.19562880612115663,
    "p_approx": 0.8974171239341524,
    "eta_squared": 0.007663014463827978,
    "ss_between": 1.362971818608436e-06,
    "ss_within": 0.0001765006907181288,
    "k": 3,
    "n": 76
  },
  "r2_token_diversity_to_zone_entropy": 0.037776626920429004,
  "mean_phi_per_category": {
    "math": 0.9898975253105163,
    "logic": 0.9898669928312301,
    "creative": 0.9896484434604644,
    "synthesis": 0.9900083988904953
  },
  "mean_zone_entropy_per_category": {
    "math": 1.6981062191935639,
    "logic": 1.8876830192291707,
    "creative": 1.9588469907371422,
    "synthesis": 1.9429808802043023
  },
  "mean_kurtosis_per_category": {
    "math": 1105.5131042480468,
    "logic": 1103.4112243652344,
    "creative": 1103.451611328125,
    "synthesis": 1106.4048461914062
  },
  "mean_zone_weights_per_category": {
    "math": {
      "math": 0.4330047398411264,
      "logic_a": 0.06996791922302963,
      "logic_b": 0.06261471247503038,
      "creative": 0.141214287760356,
      "synthesis": 0.2931983396504557
    },
    "logic": {
      "math": 0.3225351125763442,
      "logic_a": 0.14956972287117026,
      "logic_b": 0.09267818316607797,
      "creative": 0.11873028416217904,
      "synthesis": 0.3164866961199545
    },
    "creative": {
      "math": 0.21915800372320668,
      "logic_a": 0.16277009033590187,
      "logic_b": 0.08946734145272336,
      "creative": 0.12149295049811377,
      "synthesis": 0.40711161293830306
    },
    "synthesis": {
      "math": 0.23188290300198208,
      "logic_a": 0.17111478026216415,
      "logic_b": 0.10423807168061017,
      "creative": 0.12737333284279356,
      "synthesis": 0.3653909112105468
    }
  },
  "verdict": "ANTI_P_ZOMBIE_CONFIRMED",
  "verdict_note": "\u03b7\u00b2=0.192 \u2265 0.10 AND R\u00b2(TD\u2192H)=0.038 < 0.30. Zone entropy is high-variance across categories and is NOT explained by token diversity."
}