{
  "prompt": "If the butler and the gardener both claim innocence, and only one is lying, who did it?",
  "completion": "This is a classic riddle! Here's how to solve it:\n\nThe butler is the liar. \n\nHere's why:\n\nThe",
  "model_id": "gemma3-1b-it",
  "preset": "ACTIVE_MANIFOLD",
  "completion_tokens": 30,
  "input_tokens": 30,
  "gen_time_sec": 2.6066603660583496,
  "phi": 0.9896255731582642,
  "zone": "synthesis",
  "zone_weights": {
    "math": 0.21720369653737864,
    "logic_a": 0.14732291316260998,
    "logic_b": 0.07366652088810628,
    "creative": 0.09464407036679305,
    "synthesis": 0.46716279804511207
  },
  "zone_entropy": 1.9975777658846354,
  "kurtosis": 1105.9246826171875,
  "token_diversity_input": 0.7666666666666667,
  "loops_run": 7,
  "entropy": 1.5
}