{
  "prompt": "How do economic systems and ecological systems balance?",
  "completion": "Okay, let's break down how economic systems and ecological systems can be interconnected and influence each other, and how they can, and sometimes struggle to",
  "model_id": "gemma3-1b-it",
  "preset": "ACTIVE_MANIFOLD",
  "completion_tokens": 30,
  "input_tokens": 19,
  "gen_time_sec": 2.5960795879364014,
  "phi": 0.9917510151863098,
  "zone": "synthesis",
  "zone_weights": {
    "math": 0.30413722632889534,
    "logic_a": 0.10658678471439424,
    "logic_b": 0.05329339235720218,
    "creative": 0.019614413890961583,
    "synthesis": 0.5163681817085416
  },
  "zone_entropy": 1.6955798043669736,
  "kurtosis": 1098.040283203125,
  "token_diversity_input": 0.7368421052631579,
  "loops_run": 8,
  "entropy": 1.2734375
}