{
  "prompt": "Write three sentences about a snowflake that refuses to melt.",
  "completion": "The snowflake, stubbornly clinging to a frozen branch, refused to surrender to the icy grip of winter. Its delicate form shimmered with an impossible beauty,",
  "model_id": "gemma3-1b-it",
  "preset": "ACTIVE_MANIFOLD",
  "completion_tokens": 30,
  "input_tokens": 21,
  "gen_time_sec": 2.5275635719299316,
  "phi": 0.9888851642608643,
  "zone": "synthesis",
  "zone_weights": {
    "math": 0.1317367237188314,
    "logic_a": 0.17661153870427365,
    "logic_b": 0.08839659072444417,
    "creative": 0.17175836856343998,
    "synthesis": 0.43149677728901087
  },
  "zone_entropy": 2.0961327189131573,
  "kurtosis": 1107.3397216796875,
  "token_diversity_input": 0.8095238095238095,
  "loops_run": 8,
  "entropy": 1.53125
}