{
  "prompt": "If all roses are flowers, and some flowers fade quickly, can we conclude that some roses fade quickly?",
  "completion": "This is a classic logic puzzle! The answer is no.\n\nHere's why:\n\n* **Premise 1:** All roses are flowers",
  "model_id": "gemma3-1b-it",
  "preset": "ACTIVE_MANIFOLD",
  "completion_tokens": 30,
  "input_tokens": 31,
  "gen_time_sec": 2.6472811698913574,
  "phi": 0.9891031980514526,
  "zone": "synthesis",
  "zone_weights": {
    "math": 0.14717069193813323,
    "logic_a": 0.17267426101256078,
    "logic_b": 0.08633730497228483,
    "creative": 0.0934066538819516,
    "synthesis": 0.5004110871950695
  },
  "zone_entropy": 1.9687836374242833,
  "kurtosis": 1104.42138671875,
  "token_diversity_input": 0.6774193548387096,
  "loops_run": 7,
  "entropy": 1.53125
}