{
  "prompt": "What is the connection between memory and identity?",
  "completion": "The connection between memory and identity is a fascinating and complex topic, explored extensively across psychology, philosophy, and even science fiction. It reveals a profound understanding",
  "model_id": "gemma3-1b-it",
  "preset": "ACTIVE_MANIFOLD",
  "completion_tokens": 30,
  "input_tokens": 19,
  "gen_time_sec": 2.644010066986084,
  "phi": 0.9920395612716675,
  "zone": "synthesis",
  "zone_weights": {
    "math": 0.2498798605572758,
    "logic_a": 0.13283761446571998,
    "logic_b": 0.06641881704586243,
    "creative": 0.047644048340670646,
    "synthesis": 0.5032196585904711
  },
  "zone_entropy": 1.8544306698975774,
  "kurtosis": 1103.22802734375,
  "token_diversity_input": 0.7894736842105263,
  "loops_run": 8,
  "entropy": 1.390625
}