{
  "prompt": "Describe a library where the books are alive.",
  "completion": "The air in the Grand Repository hummed with a quiet, almost expectant energy. It wasn\u2019t a harsh, booming sound, but a low th",
  "model_id": "gemma3-1b-it",
  "preset": "ACTIVE_MANIFOLD",
  "completion_tokens": 30,
  "input_tokens": 19,
  "gen_time_sec": 2.5249788761138916,
  "phi": 0.9896014928817749,
  "zone": "synthesis",
  "zone_weights": {
    "math": 0.14226030558420216,
    "logic_a": 0.17401457075406923,
    "logic_b": 0.08700967423091076,
    "creative": 0.11525722969447472,
    "synthesis": 0.4814582187363431
  },
  "zone_entropy": 2.0127027917768956,
  "kurtosis": 1105.5775146484375,
  "token_diversity_input": 0.7894736842105263,
  "loops_run": 7,
  "entropy": 1.4453125
}