{
  "prompt": "Write the opening line of a novel set inside a dream.",
  "completion": "The rain tasted like regret.",
  "model_id": "gemma3-1b-it",
  "preset": "ACTIVE_MANIFOLD",
  "completion_tokens": 7,
  "input_tokens": 22,
  "gen_time_sec": 0.784278154373169,
  "phi": 0.9892131090164185,
  "zone": "logic_a",
  "zone_weights": {
    "math": 0.15368768197886046,
    "logic_a": 0.36234549674666544,
    "logic_b": 0.3006331384714365,
    "creative": 0.1366959773419421,
    "synthesis": 0.04663770446109538
  },
  "zone_entropy": 2.0659023578317406,
  "kurtosis": 1115.6407470703125,
  "token_diversity_input": 0.7727272727272727,
  "loops_run": 4,
  "entropy": 1.546875
}