{
  "prompt": "Is the statement 'I am lying' a paradox?",
  "completion": "The statement \"I am lying\" is a classic paradox. It's a fascinating example of how logic and language can create contradictions. Here's",
  "model_id": "gemma3-1b-it",
  "preset": "ACTIVE_MANIFOLD",
  "completion_tokens": 30,
  "input_tokens": 21,
  "gen_time_sec": 2.580153703689575,
  "phi": 0.9919152855873108,
  "zone": "synthesis",
  "zone_weights": {
    "math": 0.20636315631325014,
    "logic_a": 0.15183352676412223,
    "logic_b": 0.07591676339149728,
    "creative": 0.04365411044388988,
    "synthesis": 0.5222324420872404
  },
  "zone_entropy": 1.8517782094638702,
  "kurtosis": 1100.59814453125,
  "token_diversity_input": 0.8095238095238095,
  "loops_run": 8,
  "entropy": 1.390625
}