{
  "prompt": "If A and B are both true, what is the truth value of A or B?",
  "completion": "Let's analyze the statement \"If A and B, then C\".\n\n*   **A and B** is true.\n*   The",
  "model_id": "gemma3-1b-it",
  "preset": "ACTIVE_MANIFOLD",
  "completion_tokens": 30,
  "input_tokens": 28,
  "gen_time_sec": 2.637802839279175,
  "phi": 0.9893788695335388,
  "zone": "math",
  "zone_weights": {
    "math": 0.300015418710221,
    "logic_a": 0.10869089087875793,
    "logic_b": 0.061000293230897853,
    "creative": 0.2516337041908724,
    "synthesis": 0.27865969198925067
  },
  "zone_entropy": 2.1298188301369048,
  "kurtosis": 1109.8402099609375,
  "token_diversity_input": 0.7857142857142857,
  "loops_run": 7,
  "entropy": 1.453125
}