{
  "prompt": "Calculate 15% of 240.",
  "completion": "15% is equal to 1.5.\n\nSo, 15% of 240 is 1.5 * ",
  "model_id": "gemma3-1b-it",
  "preset": "ACTIVE_MANIFOLD",
  "completion_tokens": 30,
  "input_tokens": 21,
  "gen_time_sec": 2.703754425048828,
  "phi": 0.98857182264328,
  "zone": "math",
  "zone_weights": {
    "math": 0.45619080192586775,
    "logic_a": 0.027164168688957997,
    "logic_b": 0.07438825593269394,
    "creative": 0.3142685639219128,
    "synthesis": 0.12798820853056742
  },
  "zone_entropy": 1.8411270100226935,
  "kurtosis": 1111.634521484375,
  "token_diversity_input": 0.7619047619047619,
  "loops_run": 7,
  "entropy": 1.2421875
}