{
  "prompt": "How do games and stories share narrative structure?",
  "completion": "Games and stories share a surprising amount of narrative structure, and this is a fascinating area of study. They both use narrative techniques to engage players and tell",
  "model_id": "gemma3-1b-it",
  "preset": "ACTIVE_MANIFOLD",
  "completion_tokens": 30,
  "input_tokens": 19,
  "gen_time_sec": 2.6527979373931885,
  "phi": 0.9898223876953125,
  "zone": "logic_b",
  "zone_weights": {
    "math": 0.22414784208304073,
    "logic_a": 0.17867688512424162,
    "logic_b": 0.26735930123251667,
    "creative": 0.2607915187581054,
    "synthesis": 0.06902445180209556
  },
  "zone_entropy": 2.2082472794505206,
  "kurtosis": 1113.335205078125,
  "token_diversity_input": 0.7894736842105263,
  "loops_run": 7,
  "entropy": 1.609375
}