{
  "prompt": "What can the study of crystals teach us about patterns in music?",
  "completion": "The study of crystals and music has a surprisingly rich and fascinating history, dating back millennia. The connection isn't just about aesthetically pleasing harmonies; it",
  "model_id": "gemma3-1b-it",
  "preset": "ACTIVE_MANIFOLD",
  "completion_tokens": 30,
  "input_tokens": 23,
  "gen_time_sec": 2.582139730453491,
  "phi": 0.989160418510437,
  "zone": "synthesis",
  "zone_weights": {
    "math": 0.10253289252554855,
    "logic_a": 0.18131836716760757,
    "logic_b": 0.09102742266955145,
    "creative": 0.2245497284779898,
    "synthesis": 0.40057158815930266
  },
  "zone_entropy": 2.1108816272536712,
  "kurtosis": 1108.0863037109375,
  "token_diversity_input": 0.8260869565217391,
  "loops_run": 8,
  "entropy": 1.4765625
}