{
  "prompt": "Describe a tree that grows dreams instead of leaves.",
  "completion": "The ancient Whisperwood stood sentinel at the edge of the valley, a tree unlike any other. Its bark wasn't rough and grey, but a",
  "model_id": "gemma3-1b-it",
  "preset": "ACTIVE_MANIFOLD",
  "completion_tokens": 30,
  "input_tokens": 20,
  "gen_time_sec": 2.5572097301483154,
  "phi": 0.9898414611816406,
  "zone": "synthesis",
  "zone_weights": {
    "math": 0.11444988542498381,
    "logic_a": 0.1799120106664548,
    "logic_b": 0.08995600533799833,
    "creative": 0.0856750809491941,
    "synthesis": 0.5300070166213688
  },
  "zone_entropy": 1.904849075508748,
  "kurtosis": 1100.35546875,
  "token_diversity_input": 0.8,
  "loops_run": 7,
  "entropy": 1.34375
}