{
  "prompt": "All cats are mammals. Felix is a cat. What can we conclude?",
  "completion": "We can conclude that Felix is a cat.\n\nThis is a classic example of deductive reasoning. If all cats are mammals, and Felix is a cat",
  "model_id": "gemma3-1b-it",
  "preset": "ACTIVE_MANIFOLD",
  "completion_tokens": 30,
  "input_tokens": 25,
  "gen_time_sec": 2.661298990249634,
  "phi": 0.9913474917411804,
  "zone": "synthesis",
  "zone_weights": {
    "math": 0.3451325407309814,
    "logic_a": 0.08547182862128307,
    "logic_b": 0.04273604904328161,
    "creative": 0.046613441475003965,
    "synthesis": 0.4800461391294501
  },
  "zone_entropy": 1.7417989464447536,
  "kurtosis": 1104.3111572265625,
  "token_diversity_input": 0.8,
  "loops_run": 8,
  "entropy": 1.34375
}