{
  "prompt": "What is the perimeter of a square with side 7?",
  "completion": "Let the side length of the square be $s$.\nThe perimeter of a square is given by $4 \\times s$.\nIn this case",
  "model_id": "gemma3-1b-it",
  "preset": "ACTIVE_MANIFOLD",
  "completion_tokens": 30,
  "input_tokens": 22,
  "gen_time_sec": 2.6343743801116943,
  "phi": 0.991338312625885,
  "zone": "synthesis",
  "zone_weights": {
    "math": 0.30260348328025366,
    "logic_a": 0.10735689438037042,
    "logic_b": 0.05368208289617988,
    "creative": 0.0756827532486916,
    "synthesis": 0.46067478519450444
  },
  "zone_entropy": 1.890934967959129,
  "kurtosis": 1105.7706298828125,
  "token_diversity_input": 0.8181818181818182,
  "loops_run": 8,
  "entropy": 1.515625
}