{
  "prompt": "Imagine a letter written by a river to the sea.",
  "completion": "Okay, here's a letter written by a river, reflecting on its journey and a quiet acceptance of its role:\n\n---\n\nTo the Sea",
  "model_id": "gemma3-1b-it",
  "preset": "ACTIVE_MANIFOLD",
  "completion_tokens": 30,
  "input_tokens": 21,
  "gen_time_sec": 2.6263020038604736,
  "phi": 0.9889346957206726,
  "zone": "creative",
  "zone_weights": {
    "math": 0.25989554201932824,
    "logic_a": 0.12824605072472495,
    "logic_b": 0.07408867648962646,
    "creative": 0.2739839955121241,
    "synthesis": 0.26378573425419616
  },
  "zone_entropy": 2.182305939884039,
  "kurtosis": 1110.12109375,
  "token_diversity_input": 0.7619047619047619,
  "loops_run": 7,
  "entropy": 1.5546875
}