{
  "prompt": "What is the connection between a poem and a mathematical proof?",
  "completion": "The connection between a poem and a mathematical proof is surprisingly deep and fascinating. It's a beautiful and evocative way to explore the structure, logic,",
  "model_id": "gemma3-1b-it",
  "preset": "ACTIVE_MANIFOLD",
  "completion_tokens": 30,
  "input_tokens": 22,
  "gen_time_sec": 2.7241413593292236,
  "phi": 0.9921032786369324,
  "zone": "synthesis",
  "zone_weights": {
    "math": 0.30260349154127403,
    "logic_a": 0.10735689730683645,
    "logic_b": 0.05367844876634203,
    "creative": 0.028715871304317662,
    "synthesis": 0.5076452900812298
  },
  "zone_entropy": 1.7375879179809102,
  "kurtosis": 1101.5029296875,
  "token_diversity_input": 0.7727272727272727,
  "loops_run": 8,
  "entropy": 1.359375
}