{
  "prompt": "What is the connection between color theory and emotional states?",
  "completion": "The connection between color theory and emotional states is deeply rooted in psychology and has been studied for centuries. Colors evoke feelings and associations, and these feelings can",
  "model_id": "gemma3-1b-it",
  "preset": "ACTIVE_MANIFOLD",
  "completion_tokens": 30,
  "input_tokens": 21,
  "gen_time_sec": 2.649697780609131,
  "phi": 0.9921891093254089,
  "zone": "synthesis",
  "zone_weights": {
    "math": 0.259888841816853,
    "logic_a": 0.12817560049134707,
    "logic_b": 0.06408899237184305,
    "creative": 0.07174023534115877,
    "synthesis": 0.47610632897879807
  },
  "zone_entropy": 1.9215853443373574,
  "kurtosis": 1105.2628173828125,
  "token_diversity_input": 0.8095238095238095,
  "loops_run": 8,
  "entropy": 1.4453125
}