{
  "prompt": "If P is false, what is the truth value of 'P or Q'?",
  "completion": "Let's analyze the truth value of P or Q.\n\n*   **P is false.**\n*   We want to determine the truth value",
  "model_id": "gemma3-1b-it",
  "preset": "ACTIVE_MANIFOLD",
  "completion_tokens": 30,
  "input_tokens": 26,
  "gen_time_sec": 2.629704713821411,
  "phi": 0.9924242496490479,
  "zone": "math",
  "zone_weights": {
    "math": 0.6315949500875344,
    "logic_a": 0.20134741512229679,
    "logic_b": 0.10067370756114839,
    "creative": 0.016046988799461828,
    "synthesis": 0.05033693642955878
  },
  "zone_entropy": 1.5304515133647414,
  "kurtosis": 1087.7529296875,
  "token_diversity_input": 0.8076923076923077,
  "loops_run": 7,
  "entropy": 1.28125
}