{
  "prompt": "What is the missing number: 2, 4, 8, 16, ?, 64",
  "completion": "The missing number is 32. \n\nThe sequence is a series of powers of 2: 2, 4, 8,",
  "model_id": "gemma3-1b-it",
  "preset": "ACTIVE_MANIFOLD",
  "completion_tokens": 30,
  "input_tokens": 33,
  "gen_time_sec": 2.8039979934692383,
  "phi": 0.9895508885383606,
  "zone": "math",
  "zone_weights": {
    "math": 0.4558054914837424,
    "logic_a": 0.06989780553938667,
    "logic_b": 0.22302840940390908,
    "creative": 0.21852813025934517,
    "synthesis": 0.03274016231361664
  },
  "zone_entropy": 1.9087351231740806,
  "kurtosis": 1113.5604248046875,
  "token_diversity_input": 0.6060606060606061,
  "loops_run": 7,
  "entropy": 1.25
}