{
  "prompt": "If it rains, the ground gets wet. The ground is wet. Did it rain?",
  "completion": "This is a classic logic puzzle! Here's how to break it down:\n\n* **The statement \"If it rains, the ground gets wet",
  "model_id": "gemma3-1b-it",
  "preset": "ACTIVE_MANIFOLD",
  "completion_tokens": 30,
  "input_tokens": 28,
  "gen_time_sec": 2.6428520679473877,
  "phi": 0.9917318224906921,
  "zone": "synthesis",
  "zone_weights": {
    "math": 0.230755578161967,
    "logic_a": 0.14146468347376076,
    "logic_b": 0.07073235103949195,
    "creative": 0.051489697146886566,
    "synthesis": 0.5055576891778938
  },
  "zone_entropy": 1.8754703273982618,
  "kurtosis": 1103.20654296875,
  "token_diversity_input": 0.7142857142857143,
  "loops_run": 8,
  "entropy": 1.4140625
}