{
  "prompt": "If today is Wednesday, what day will it be 10 days from now?",
  "completion": "Let today be Wednesday.\nWe want to find the date 10 days from now.\nToday is Wednesday.\n10 days from now",
  "model_id": "gemma3-1b-it",
  "preset": "ACTIVE_MANIFOLD",
  "completion_tokens": 30,
  "input_tokens": 27,
  "gen_time_sec": 2.609787940979004,
  "phi": 0.9891127347946167,
  "zone": "math",
  "zone_weights": {
    "math": 0.3851300485332593,
    "logic_a": 0.06453160425015539,
    "logic_b": 0.0576106667859017,
    "creative": 0.2969358930452085,
    "synthesis": 0.19579178638547512
  },
  "zone_entropy": 2.0033112813602036,
  "kurtosis": 1110.832275390625,
  "token_diversity_input": 0.8518518518518519,
  "loops_run": 7,
  "entropy": 1.3828125
}