{
  "prompt": "What is 1024 / 32?",
  "completion": "1024 / 32 = 32\n\n1024 / 32 = 32\n\nSo, 1",
  "model_id": "gemma3-1b-it",
  "preset": "ACTIVE_MANIFOLD",
  "completion_tokens": 30,
  "input_tokens": 22,
  "gen_time_sec": 2.741391181945801,
  "phi": 0.9908272624015808,
  "zone": "synthesis",
  "zone_weights": {
    "math": 0.47677278171465737,
    "logic_a": 0.013220331101206392,
    "logic_b": 0.00661016600086266,
    "creative": 0.021854464841852304,
    "synthesis": 0.4815422553414213
  },
  "zone_entropy": 1.2680872712157187,
  "kurtosis": 1102.02294921875,
  "token_diversity_input": 0.7272727272727273,
  "loops_run": 8,
  "entropy": 1.0
}