{
  "prompt": "What would a museum of lost thoughts look like?",
  "completion": "Okay, this is a fascinating thought experiment! A museum of lost thoughts \u2013 a place where memories are stored and experienced, a place where forgotten emotions,",
  "model_id": "gemma3-1b-it",
  "preset": "ACTIVE_MANIFOLD",
  "completion_tokens": 30,
  "input_tokens": 20,
  "gen_time_sec": 2.510830879211426,
  "phi": 0.9893658757209778,
  "zone": "synthesis",
  "zone_weights": {
    "math": 0.21396925247361126,
    "logic_a": 0.1486859938911096,
    "logic_b": 0.07434303677357214,
    "creative": 0.061223778302215134,
    "synthesis": 0.5017779375594918
  },
  "zone_entropy": 1.9095024483845908,
  "kurtosis": 1103.7998046875,
  "token_diversity_input": 0.8,
  "loops_run": 7,
  "entropy": 1.40625
}