{
  "prompt": "If some birds cannot fly, can we say all birds fly?",
  "completion": "No, that's a classic logic puzzle! It's a bit of a trick question.\n\nThe statement \"All birds fly\" is a",
  "model_id": "gemma3-1b-it",
  "preset": "ACTIVE_MANIFOLD",
  "completion_tokens": 30,
  "input_tokens": 23,
  "gen_time_sec": 2.5472590923309326,
  "phi": 0.987332820892334,
  "zone": "creative",
  "zone_weights": {
    "math": 0.16754922921604778,
    "logic_a": 0.16670562051854082,
    "logic_b": 0.10608748192325448,
    "creative": 0.33176083452743366,
    "synthesis": 0.2278968328147232
  },
  "zone_entropy": 2.220394385445998,
  "kurtosis": 1110.7437744140625,
  "token_diversity_input": 0.7391304347826086,
  "loops_run": 8,
  "entropy": 1.546875
}