{
  "prompt": "What comes next in the sequence: 1, 1, 2, 3, 5, 8, ?",
  "completion": "The next number in the sequence is 13.\n\nThis sequence is the sequence of Fibonacci numbers. The Fibonacci sequence is defined as follows:\n\n",
  "model_id": "gemma3-1b-it",
  "preset": "ACTIVE_MANIFOLD",
  "completion_tokens": 30,
  "input_tokens": 36,
  "gen_time_sec": 2.86206316947937,
  "phi": 0.9905818104743958,
  "zone": "math",
  "zone_weights": {
    "math": 0.47982338170319117,
    "logic_a": 0.2699461879347731,
    "logic_b": 0.19146680762805934,
    "creative": 0.0471476097062491,
    "synthesis": 0.01161601202772723
  },
  "zone_entropy": 1.7573794963840093,
  "kurtosis": 1116.424560546875,
  "token_diversity_input": 0.5833333333333334,
  "loops_run": 6,
  "entropy": 1.375
}