{
  "prompt": "Describe the texture of a lie.",
  "completion": "Okay, let's delve into the surprisingly complex texture of a lie. It\u2019s not a simple, easily defined sensation. It\u2019s a",
  "model_id": "gemma3-1b-it",
  "preset": "ACTIVE_MANIFOLD",
  "completion_tokens": 30,
  "input_tokens": 17,
  "gen_time_sec": 2.659817695617676,
  "phi": 0.9914413094520569,
  "zone": "synthesis",
  "zone_weights": {
    "math": 0.3229270476235829,
    "logic_a": 0.09702041929689129,
    "logic_b": 0.04851022224770384,
    "creative": 0.038147442204068016,
    "synthesis": 0.4933948676277541
  },
  "zone_entropy": 1.7475288572877716,
  "kurtosis": 1103.328857421875,
  "token_diversity_input": 0.7647058823529411,
  "loops_run": 8,
  "entropy": 1.3671875
}