{
  "prompt": "Invent a holiday and describe how it is celebrated.",
  "completion": "Okay, let's invent a holiday! Here\u2019s one:\n\n**Holiday Name:** Lumina - Celebrated on the shortest day of the",
  "model_id": "gemma3-1b-it",
  "preset": "ACTIVE_MANIFOLD",
  "completion_tokens": 30,
  "input_tokens": 20,
  "gen_time_sec": 2.5117080211639404,
  "phi": 0.987095296382904,
  "zone": "synthesis",
  "zone_weights": {
    "math": 0.06115275127056937,
    "logic_a": 0.1773190409989715,
    "logic_b": 0.0886595205302463,
    "creative": 0.14576001443517123,
    "synthesis": 0.5271086717650416
  },
  "zone_entropy": 1.8908914861771726,
  "kurtosis": 1101.0245361328125,
  "token_diversity_input": 0.8,
  "loops_run": 8,
  "entropy": 1.3359375
}