{
  "prompt": "How do rivers shape civilizations?",
  "completion": "Rivers are fundamental to human history, and their influence on civilizations is profound and multifaceted. They\u2019ve shaped landscapes, fostered agriculture, facilitated trade, and",
  "model_id": "gemma3-1b-it",
  "preset": "ACTIVE_MANIFOLD",
  "completion_tokens": 30,
  "input_tokens": 16,
  "gen_time_sec": 2.4202325344085693,
  "phi": 0.9893497228622437,
  "zone": "logic_a",
  "zone_weights": {
    "math": 0.33953837465537096,
    "logic_a": 0.3696691428522395,
    "logic_b": 0.1572332514045804,
    "creative": 0.08837594917969051,
    "synthesis": 0.04518328090811855
  },
  "zone_entropy": 1.990726984499392,
  "kurtosis": 1118.2657470703125,
  "token_diversity_input": 0.75,
  "loops_run": 7,
  "entropy": 1.546875
}