{
  "prompt": "Compare a forest ecosystem to a market economy.",
  "completion": "Okay, let's do a fun comparison between a forest ecosystem and a market economy! It's a surprisingly effective analogy, highlighting key principles.",
  "model_id": "gemma3-1b-it",
  "preset": "ACTIVE_MANIFOLD",
  "completion_tokens": 30,
  "input_tokens": 19,
  "gen_time_sec": 2.649200201034546,
  "phi": 0.9889938235282898,
  "zone": "logic_b",
  "zone_weights": {
    "math": 0.2873497817708264,
    "logic_a": 0.22576750174595375,
    "logic_b": 0.3004659269796189,
    "creative": 0.14821281108544185,
    "synthesis": 0.03820397741815916
  },
  "zone_entropy": 2.1111083902166525,
  "kurtosis": 1114.576416015625,
  "token_diversity_input": 0.7368421052631579,
  "loops_run": 7,
  "entropy": 1.5859375
}