{
  "prompt": "Solve 5x = 25.",
  "completion": "5x = 25\n\nWe can solve this equation by dividing both sides by 5:\n\n5x = 25\n\nDivide both",
  "model_id": "gemma3-1b-it",
  "preset": "ACTIVE_MANIFOLD",
  "completion_tokens": 30,
  "input_tokens": 19,
  "gen_time_sec": 2.7525136470794678,
  "phi": 0.9910910725593567,
  "zone": "synthesis",
  "zone_weights": {
    "math": 0.4243641599107943,
    "logic_a": 0.042609298245852495,
    "logic_b": 0.02130465067209693,
    "creative": 0.025646350255384746,
    "synthesis": 0.4860755399158716
  },
  "zone_entropy": 1.4784898822944093,
  "kurtosis": 1102.498046875,
  "token_diversity_input": 0.6842105263157895,
  "loops_run": 8,
  "entropy": 1.28125
}