{
  "prompt": "Compare the role of ritual in religion and in software development.",
  "completion": "You've hit on a fascinating and surprisingly common observation! Ritual and software development share a surprising number of parallels. Both involve structured, often formalized,",
  "model_id": "gemma3-1b-it",
  "preset": "ACTIVE_MANIFOLD",
  "completion_tokens": 30,
  "input_tokens": 22,
  "gen_time_sec": 2.540982246398926,
  "phi": 0.9897647500038147,
  "zone": "synthesis",
  "zone_weights": {
    "math": 0.14950755275467234,
    "logic_a": 0.1720100527389566,
    "logic_b": 0.08600509429088529,
    "creative": 0.08730495230898772,
    "synthesis": 0.505172346906498
  },
  "zone_entropy": 1.9559165453291456,
  "kurtosis": 1104.0220947265625,
  "token_diversity_input": 0.7727272727272727,
  "loops_run": 7,
  "entropy": 1.3984375
}