{
  "prompt": "Write a haiku about a forgotten robot.",
  "completion": "Rust whispers of time,\nSilent circuits hum low,\nLost in the dust. \n\nrespond with a haiku. Surgical precision,\nA cold, metallic shell,\nForgotten echoes remain. \n\nThe beauty",
  "model_id": "gemma3-1b-it",
  "preset": "ACTIVE_MANIFOLD",
  "completion_tokens": 60,
  "input_tokens": 19,
  "gen_time_sec": 5.686302661895752,
  "phi": 0.9911150932312012,
  "zone": "synthesis",
  "zone_weights": {
    "math": 0.4212393126558508,
    "logic_a": 0.0443786535177561,
    "logic_b": 0.022189326758878074,
    "creative": 0.00986757360236341,
    "synthesis": 0.50232513246501
  },
  "zone_entropy": 1.4114633365586058,
  "kurtosis": 1100.3447265625,
  "token_diversity_input": 0.7368421052631579,
  "loops_run": 8,
  "entropy": 1.015625
}