{
  "k_mean": 255.55940548694747,
  "k_std": 16.95131310647834,
  "phi_mean": 0.9,
  "phi_std": 0.05,
  "learned_centroids": {
    "math": [
      280.98637514666495,
      0.925
    ],
    "logic_a": [
      264.0350620401867,
      0.91
    ],
    "logic_b": [
      255.55940548694747,
      0.9
    ],
    "creative": [
      238.60809238046915,
      0.875
    ],
    "synthesis": [
      230.13243582722998,
      0.85
    ]
  },
  "calibrated": true,
  "k_blend_weight": 0.8,
  "zone_temperature": 0.3,
  "token_diversity_mean": null,
  "token_diversity_std": null,
  "sr64b_corrected": true
}