{
  "k_mean": 900.6271912621671,
  "k_std": 10.394448383689904,
  "phi_mean": 0.9886343717575073,
  "phi_std": 0.01,
  "learned_centroids": {
    "math": [
      916.2188638377021,
      0.9936343717575074
    ],
    "logic_a": [
      905.8244154540121,
      0.9906343717575073
    ],
    "logic_b": [
      900.6271912621671,
      0.9886343717575073
    ],
    "creative": [
      890.2327428784772,
      0.9836343717575073
    ],
    "synthesis": [
      885.0355186866321,
      0.9786343717575073
    ]
  },
  "calibrated": true,
  "k_blend_weight": 0.5,
  "zone_temperature": 0.6,
  "token_diversity_mean": 0.48475169271214874,
  "token_diversity_std": 0.1177488920255753,
  "sr64b_corrected": true
}