{
  "k_mean": 1098.7651733398438,
  "k_std": 12.681227028101683,
  "phi_mean": 0.9886343717575073,
  "phi_std": 0.01,
  "learned_centroids": {
    "math": [
      1117.7870138819965,
      0.9936343717575074
    ],
    "logic_a": [
      1105.1057868538946,
      0.9906343717575073
    ],
    "logic_b": [
      1098.7651733398438,
      0.9886343717575073
    ],
    "creative": [
      1086.0839463117422,
      0.9836343717575073
    ],
    "synthesis": [
      1079.7433327976912,
      0.9786343717575073
    ]
  },
  "calibrated": true,
  "k_blend_weight": 0.5,
  "zone_temperature": 0.6,
  "token_diversity_mean": 0.48475169271214874,
  "token_diversity_std": 0.1177488920255753
}