{
  "model_id": "google/gemma-3-4b-it",
  "k_mean": 2336.7167822265624,
  "k_std": 68.05251250094223,
  "phi_mean": 0.8418028724193573,
  "phi_std": 0.020208202445193432,
  "learned_centroids": {
    "MATH": [
      2336.7167822265624,
      0.8418028724193573
    ]
  },
  "sr64b_corrected": true
}