{
  "k_mean": 311.7824746940759,
  "k_std": 20.680601989903575,
  "phi_mean": 0.9,
  "phi_std": 0.05,
  "learned_centroids": {
    "math": [
      342.80337767893127,
      0.925
    ],
    "logic_a": [
      322.1227756890277,
      0.91
    ],
    "logic_b": [
      311.7824746940759,
      0.9
    ],
    "creative": [
      291.10187270417237,
      0.875
    ],
    "synthesis": [
      280.76157170922056,
      0.85
    ]
  },
  "calibrated": true,
  "k_blend_weight": 0.8,
  "zone_temperature": 0.3,
  "token_diversity_mean": null,
  "token_diversity_std": null
}