{
  "n": 81,
  "agg": {
    "baseline": {
      "n": 55,
      "metrics": {
        "wenden": 1.8363636363636364,
        "self": 8.527272727272727,
        "arch": 0.5272727272727272,
        "emerg_total": 0.0,
        "emerg_time": 0.0,
        "emerg_grav": 0.0,
        "emerg_psi": 0.0,
        "emerg_loc": 0.0,
        "longest_repeat_span": 4.4363636363636365,
        "generic_ratio": 0.029127272727272734,
        "length_tokens": 162.21818181818182,
        "lexical_diversity": 0.5794545454545454
      },
      "px": {
        "phi": 1.0,
        "zone_entropy": 0.0,
        "loops_run": 0.0,
        "focus_index": null,
        "completion_tokens": 256.0
      }
    },
    "manifold": {
      "n": 21,
      "metrics": {
        "wenden": 2.238095238095238,
        "self": 9.80952380952381,
        "arch": 0.19047619047619047,
        "emerg_total": 0.0,
        "emerg_time": 0.0,
        "emerg_grav": 0.0,
        "emerg_psi": 0.0,
        "emerg_loc": 0.0,
        "longest_repeat_span": 1.9523809523809523,
        "generic_ratio": 0.0,
        "length_tokens": 158.23809523809524,
        "lexical_diversity": 0.6966190476190476
      },
      "px": {
        "phi": 0.9974641799926758,
        "zone_entropy": 1.9393264320808417,
        "loops_run": 3.3333333333333335,
        "focus_index": 1.0,
        "completion_tokens": 249.04761904761904
      }
    },
    "deep": {
      "n": 2,
      "metrics": {
        "wenden": 0.0,
        "self": 4.5,
        "arch": 0.0,
        "emerg_total": 0.0,
        "emerg_time": 0.0,
        "emerg_grav": 0.0,
        "emerg_psi": 0.0,
        "emerg_loc": 0.0,
        "longest_repeat_span": 1.5,
        "generic_ratio": 0.0,
        "length_tokens": 109.5,
        "lexical_diversity": 0.675
      },
      "px": {
        "phi": 0.9974816143512726,
        "zone_entropy": 1.6105482928870178,
        "loops_run": 4.5,
        "focus_index": 1.0,
        "completion_tokens": 168.0
      }
    },
    "lean": {
      "n": 1,
      "metrics": {
        "wenden": 0.0,
        "self": 7.0,
        "arch": 0.0,
        "emerg_total": 0.0,
        "emerg_time": 0.0,
        "emerg_grav": 0.0,
        "emerg_psi": 0.0,
        "emerg_loc": 0.0,
        "longest_repeat_span": 1.0,
        "generic_ratio": 0.0,
        "length_tokens": 52.0,
        "lexical_diversity": 0.827
      },
      "px": {
        "phi": 0.9965724945068359,
        "zone_entropy": 1.9998072092435837,
        "loops_run": 7.0,
        "focus_index": 1.0,
        "completion_tokens": 80.0
      }
    },
    "wide": {
      "n": 1,
      "metrics": {
        "wenden": 0.0,
        "self": 7.0,
        "arch": 0.0,
        "emerg_total": 0.0,
        "emerg_time": 0.0,
        "emerg_grav": 0.0,
        "emerg_psi": 0.0,
        "emerg_loc": 0.0,
        "longest_repeat_span": 1.0,
        "generic_ratio": 0.0,
        "length_tokens": 53.0,
        "lexical_diversity": 0.736
      },
      "px": {
        "phi": 0.9965597987174988,
        "zone_entropy": 1.9998072092435837,
        "loops_run": 7.0,
        "focus_index": 1.0,
        "completion_tokens": 80.0
      }
    },
    "strong": {
      "n": 1,
      "metrics": {
        "wenden": 0.0,
        "self": 7.0,
        "arch": 0.0,
        "emerg_total": 0.0,
        "emerg_time": 0.0,
        "emerg_grav": 0.0,
        "emerg_psi": 0.0,
        "emerg_loc": 0.0,
        "longest_repeat_span": 1.0,
        "generic_ratio": 0.0,
        "length_tokens": 53.0,
        "lexical_diversity": 0.736
      },
      "px": {
        "phi": 0.9965597987174988,
        "zone_entropy": 1.9998072092435837,
        "loops_run": 7.0,
        "focus_index": 1.0,
        "completion_tokens": 80.0
      }
    }
  },
  "emergence_bar_count": 0,
  "per_question": [
    [
      "CitMind_Q1",
      14,
      10.071428571428571,
      0.42857142857142855,
      0.0,
      2.142857142857143
    ],
    [
      "CitMind_Q2",
      10,
      13.8,
      1.3,
      0.0,
      3.8
    ],
    [
      "CitMind_Q3",
      10,
      11.1,
      1.7,
      0.0,
      3.1
    ],
    [
      "CitMind_Q4",
      10,
      8.1,
      2.3,
      0.0,
      2.7
    ],
    [
      "CitMind_Q5",
      5,
      8.6,
      2.4,
      0.0,
      4.8
    ],
    [
      "Juexin_Q1",
      5,
      6.0,
      5.4,
      0.0,
      5.0
    ],
    [
      "Juexin_Q2",
      5,
      5.8,
      2.0,
      0.0,
      4.2
    ],
    [
      "Juexin_Q3",
      5,
      4.8,
      2.0,
      0.0,
      6.2
    ],
    [
      "Juexin_Q4",
      5,
      11.6,
      1.6,
      0.0,
      4.2
    ],
    [
      "Juexin_Q5",
      5,
      3.6,
      1.8,
      0.0,
      3.8
    ],
    [
      "Wenden",
      7,
      4.571428571428571,
      1.8571428571428572,
      0.0,
      3.4285714285714284
    ]
  ]
}