{
  "prompt": "Solve for x: 2x + 5 = 17",
  "completion": "To solve the equation 2*x +  5 =17, we need to isolate 'x'.\n\nSubtract 5 from both sides of the equation:\n\n2x = 9\n\nNow divide both sides by 2:\n\nx = $\\frac{9}{2}$\n\nSo",
  "model_id": "gemma3-4b-it",
  "preset": "ACTIVE_MANIFOLD",
  "completion_tokens": 60,
  "input_tokens": 24,
  "gen_time_sec": 13.77475094795227,
  "phi": 0.9963151812553406,
  "zone": "math",
  "zone_weights": {
    "math": 0.9997383950451325,
    "logic_a": 1.1930470712192352e-09,
    "logic_b": 3.164910016809409e-08,
    "creative": 0.0001925029125449858,
    "synthesis": 4.408879924271432e-10
  },
  "zone_entropy": 0.002654777125830105,
  "kurtosis": 2322.6787109375,
  "token_diversity_input": 0.75,
  "loops_run": 1,
  "entropy": 0.32421875
}