{
  "prompt": "What is 0.25 as a fraction?",
  "completion": "0.  25 can be written as the simplified fraction $\\frac{1}{4}$.\n\nTo convert a decimal to a fraction, we write it with a denominator of 100. Then we have:\n$0.   25 = \\frac{25}{10",
  "model_id": "gemma3-4b-it",
  "preset": "ACTIVE_MANIFOLD",
  "completion_tokens": 60,
  "input_tokens": 21,
  "gen_time_sec": 13.72590970993042,
  "phi": 0.874953031539917,
  "zone": "math",
  "zone_weights": {
    "math": 0.4050741693525032,
    "logic_a": 0.3484492555703172,
    "logic_b": 0.17780848900464583,
    "creative": 0.0667590832362187,
    "synthesis": 0.0019090023436337121
  },
  "zone_entropy": 1.7790556802720479,
  "kurtosis": 2287.713134765625,
  "token_diversity_input": 0.8095238095238095,
  "loops_run": 8,
  "entropy": 1.0625
}