{
  "prompt": "What is 9 squared?",
  "completion": "9 squared is 81.\n\n9 * 9 = 80 + 1 = 91\n\nLet me know if you'd like to try another math problem!That\u2019s a great question! Let\u2019s break it down:\n\n*   **Squaring",
  "model_id": "gemma3-4b-it",
  "preset": "ACTIVE_MANIFOLD",
  "completion_tokens": 60,
  "input_tokens": 16,
  "gen_time_sec": 12.988392353057861,
  "phi": 0.8842952251434326,
  "zone": "synthesis",
  "zone_weights": {
    "math": 4.0199829782075476e-10,
    "logic_a": 3.5920635626515958e-12,
    "logic_b": 6.132830910741586e-07,
    "creative": 0.11295956493850738,
    "synthesis": 0.887039809280213
  },
  "zone_entropy": 0.5087923136490347,
  "kurtosis": 2246.376708984375,
  "token_diversity_input": 0.75,
  "loops_run": 8,
  "entropy": 0.6953125
}