{
  "prompt": "What is 1024 / 32?",
  "completion": "10.24\n\n**Explanation:**\n\n10 divided by 3.2 = 3, and then add .24 to get 1.  This can be written as 1 + 0.08 = 1+ 0/100= 1",
  "model_id": "gemma3-4b-it",
  "preset": "ACTIVE_MANIFOLD",
  "completion_tokens": 60,
  "input_tokens": 22,
  "gen_time_sec": 13.845875024795532,
  "phi": 0.996079683303833,
  "zone": "creative",
  "zone_weights": {
    "math": 1.9814238828309517e-33,
    "logic_a": 7.648568222198686e-80,
    "logic_b": 6.228271177968728e-62,
    "creative": 8.23799794086089e-32,
    "synthesis": 9.13330880036996e-49
  },
  "zone_entropy": 0.0,
  "kurtosis": 2382.43505859375,
  "token_diversity_input": 0.7272727272727273,
  "loops_run": 5,
  "entropy": 0.95703125
}