{
  "prompt": "Write a toast given at the end of the universe.",
  "completion": "Okay, here's a toast for the end \u2013 aiming for something suitably epic and melancholic:\n\n**(Clears throat, adjusts microphone)**\n\nFriends, colleagues, survivors\u2026 if there are any left. \n\nIt\u2019s hard to believe we\u2019re here. Really *hard* to",
  "model_id": "gemma3-4b-it",
  "preset": "ACTIVE_MANIFOLD",
  "completion_tokens": 60,
  "input_tokens": 21,
  "gen_time_sec": 13.728770732879639,
  "phi": 0.8807675242424011,
  "zone": "math",
  "zone_weights": {
    "math": 0.9971621667055615,
    "logic_a": 0.0006851977905028748,
    "logic_b": 0.0004425308615717044,
    "creative": 0.0017092433114275505,
    "synthesis": 8.543630540881061e-07
  },
  "zone_entropy": 0.03195051502544504,
  "kurtosis": 2304.701171875,
  "token_diversity_input": 0.7619047619047619,
  "loops_run": 8,
  "entropy": 0.6875
}