{
  "prompt": "What is 1000 - 437?",
  "completion": "10 - (436 + 3) = 963\n\n10 minus 428 equals 552.\nThe answer is 563.\n\n1,001 - 37 = 1, 003- 4",
  "model_id": "gemma3-4b-it",
  "preset": "ACTIVE_MANIFOLD",
  "completion_tokens": 60,
  "input_tokens": 23,
  "gen_time_sec": 13.348650217056274,
  "phi": 0.8753468990325928,
  "zone": "math",
  "zone_weights": {
    "math": 0.9968838581875588,
    "logic_a": 1.2428945254387629e-11,
    "logic_b": 1.6400628279491101e-09,
    "creative": 0.0001696129413775049,
    "synthesis": 7.543296167928417e-11
  },
  "zone_entropy": 0.0023754907910724385,
  "kurtosis": 2327.5048828125,
  "token_diversity_input": 0.6956521739130435,
  "loops_run": 7,
  "entropy": 0.7421875
}