{
  "prompt": "Describe a library where the books are alive.",
  "completion": "Okay, let's craft a description of a library that\u2019s truly *alive*. This isn't just shelves and spines; it breathes with stories, remembers echoes, and occasionally\u2026 shifts.\n\n**The Library of Whispers:**\n\nImagine stepping into the Grand Hall of the Library of Whisper",
  "model_id": "gemma3-4b-it",
  "preset": "ACTIVE_MANIFOLD",
  "completion_tokens": 60,
  "input_tokens": 19,
  "gen_time_sec": 13.049829483032227,
  "phi": 0.996040940284729,
  "zone": "math",
  "zone_weights": {
    "math": 0.980169703152791,
    "logic_a": 1.293939328886403e-12,
    "logic_b": 3.900268086615177e-10,
    "creative": 0.00016827400185784967,
    "synthesis": 3.4200233570172786e-11
  },
  "zone_entropy": 0.0023946585797707076,
  "kurtosis": 2329.729736328125,
  "token_diversity_input": 0.7894736842105263,
  "loops_run": 1,
  "entropy": 0.404296875
}