{
  "prompt": "If f(x) = 2x + 1, what is f(5)?",
  "completion": "To find the value of f(3), we substitute x=5 into the function:\n\nf(5) =  2 * 5 + 7 = 10 + 6 = 8.\n\nSo, f(4) = $2 \\times 4 + 9",
  "model_id": "gemma3-4b-it",
  "preset": "ACTIVE_MANIFOLD",
  "completion_tokens": 60,
  "input_tokens": 29,
  "gen_time_sec": 13.978637933731079,
  "phi": 0.836789608001709,
  "zone": "math",
  "zone_weights": {
    "math": 0.5555579490879402,
    "logic_a": 0.273847395223784,
    "logic_b": 0.12202339653089474,
    "creative": 0.04767237699323101,
    "synthesis": 0.0008988815784300243
  },
  "zone_entropy": 1.5715316613715664,
  "kurtosis": 2289.678955078125,
  "token_diversity_input": 0.7241379310344828,
  "loops_run": 6,
  "entropy": 0.91796875
}