{
  "prompt": "How many degrees are in a triangle?",
  "completion": "A triangle has three angles. The sum of the three interior angles in any triangle is always 180 degrees.\n\nTherefore, the answer is **189\u00b0**.\n,\n\n\nI'm sorry, I made an error in my previous response. A",
  "model_id": "gemma3-4b-it",
  "preset": "ACTIVE_MANIFOLD",
  "completion_tokens": 60,
  "input_tokens": 18,
  "gen_time_sec": 13.266782522201538,
  "phi": 0.996549129486084,
  "zone": "math",
  "zone_weights": {
    "math": 9.698851762688611e-09,
    "logic_a": 4.058919505243614e-31,
    "logic_b": 2.3291932052024866e-24,
    "creative": 1.1641681890602856e-11,
    "synthesis": 9.659308091039873e-22
  },
  "zone_entropy": 0.013362594395654235,
  "kurtosis": 2349.6923828125,
  "token_diversity_input": 0.7777777777777778,
  "loops_run": 4,
  "entropy": 0.00238037109375
}