{
  "prompt": "What is 7 factorial?",
  "completion": "7 factorial (denoted as 7!) is the product of all positive integers from 1 to 7.\n\n7! = 7 * 6 * 5 * 4 * 3 * 2 * 1 = 5040\n\nSo, 7! equals ",
  "model_id": "gemma3-4b-it",
  "preset": "ACTIVE_MANIFOLD",
  "completion_tokens": 60,
  "input_tokens": 16,
  "gen_time_sec": 13.303370475769043,
  "phi": 0.996382474899292,
  "zone": "math",
  "zone_weights": {
    "math": 5.1128674897832836e-14,
    "logic_a": 9.760848426856863e-42,
    "logic_b": 1.2930420911489715e-32,
    "creative": 3.766332888109564e-16,
    "synthesis": 7.805680374238759e-28
  },
  "zone_entropy": 0.0,
  "kurtosis": 2358.06591796875,
  "token_diversity_input": 0.75,
  "loops_run": 4,
  "entropy": 0.09326171875
}