{
  "prompt": "What is the contrapositive of 'If P then Q'?",
  "completion": "The contrapositive statement of \"If P, then Q\" is \"If not Q, then not P\".\n\nHere's how it works:\n\n* **Original Statement:** If P, Then Q. (P implies Q)\n* **Contrapositive:** If not Q , then not  ",
  "model_id": "gemma3-4b-it",
  "preset": "ACTIVE_MANIFOLD",
  "completion_tokens": 60,
  "input_tokens": 22,
  "gen_time_sec": 14.094088315963745,
  "phi": 0.9964036345481873,
  "zone": "creative",
  "zone_weights": {
    "math": 2.424102017488657e-34,
    "logic_a": 1.306076580365018e-81,
    "logic_b": 2.7685849747489265e-63,
    "creative": 1.5881838191608918e-32,
    "synthesis": 1.0311793319701303e-49
  },
  "zone_entropy": 0.0,
  "kurtosis": 2383.421142578125,
  "token_diversity_input": 0.8181818181818182,
  "loops_run": 5,
  "entropy": 0.68359375
}