{
  "prompt": "Complete: J, F, M, A, M, ?",
  "completion": "The sequence is: J (January), F (February), M (March), A (April), M(May).\n\nThe next letter in the sequence is **J** (June).\n\nThis represents the first letters of the months of the year.\n,\n\n,",
  "model_id": "gemma3-4b-it",
  "preset": "ACTIVE_MANIFOLD",
  "completion_tokens": 60,
  "input_tokens": 23,
  "gen_time_sec": 14.318719387054443,
  "phi": 0.7583314776420593,
  "zone": "synthesis",
  "zone_weights": {
    "math": 0.00034890694342577816,
    "logic_a": 0.0014333068375834677,
    "logic_b": 0.044407485583031044,
    "creative": 0.46565702224592437,
    "synthesis": 0.4881532778425625
  },
  "zone_entropy": 1.2355739248492195,
  "kurtosis": 2266.717529296875,
  "token_diversity_input": 0.6086956521739131,
  "loops_run": 4,
  "entropy": 1.0859375
}