{
  "prompt": "Solve 5x = 25.",
  "completion": "To solve the equation 5*x =  25, we need to isolate x by dividing both sides of the equation by 5:\n\n5x / 5 = 10\n\nTherefore, x = 5.\n\n**Answer:** x = **5**\n\n",
  "model_id": "gemma3-4b-it",
  "preset": "ACTIVE_MANIFOLD",
  "completion_tokens": 60,
  "input_tokens": 19,
  "gen_time_sec": 13.531757116317749,
  "phi": 0.8108570575714111,
  "zone": "creative",
  "zone_weights": {
    "math": 0.003819357234672128,
    "logic_a": 0.022126011347901854,
    "logic_b": 0.18319874209511236,
    "creative": 0.5127763054206037,
    "synthesis": 0.27807958338892885
  },
  "zone_entropy": 1.6084606643629542,
  "kurtosis": 2271.333251953125,
  "token_diversity_input": 0.6842105263157895,
  "loops_run": 5,
  "entropy": 1.1640625
}