{
  "prompt": "Solve: 3^4 = ?",
  "completion": "3^2 = 9\n3\u00b3 = 27\n3\u2074 = 81\n\nTherefore, 3<sup>4</sup> = <b>81</b>.\n\n Correction: The question asks to solve for 3\u2074.\n3 * 3 *3*3",
  "model_id": "gemma3-4b-it",
  "preset": "ACTIVE_MANIFOLD",
  "completion_tokens": 60,
  "input_tokens": 18,
  "gen_time_sec": 13.039838790893555,
  "phi": 0.9965699315071106,
  "zone": "math",
  "zone_weights": {
    "math": 0.03425998464791493,
    "logic_a": 1.2844359618574411e-17,
    "logic_b": 9.129699135703161e-14,
    "creative": 8.20524038426429e-06,
    "synthesis": 1.0701947825599847e-13
  },
  "zone_entropy": 0.0032254164447080725,
  "kurtosis": 2337.173095703125,
  "token_diversity_input": 0.7777777777777778,
  "loops_run": 4,
  "entropy": 0.1875
}