{
  "prompt": "What is 17 * 23?",
  "completion": "17 multiplied by 24 equals 392.\n\n17 x 2 = 34\n16 x 3 = 48\n15 x 4 = 60\n14 x 5 = 70\n... and so on.\n\n",
  "model_id": "gemma3-4b-it",
  "preset": "ACTIVE_MANIFOLD",
  "completion_tokens": 60,
  "input_tokens": 20,
  "gen_time_sec": 13.068134307861328,
  "phi": 0.9968467950820923,
  "zone": "math",
  "zone_weights": {
    "math": 9.080793812440795e-07,
    "logic_a": 4.200437728314411e-27,
    "logic_b": 3.1939218423981557e-21,
    "creative": 6.121581861981082e-10,
    "synthesis": 2.168654624580403e-19
  },
  "zone_entropy": 0.00806913746259275,
  "kurtosis": 2346.2353515625,
  "token_diversity_input": 0.75,
  "loops_run": 5,
  "entropy": 0.40234375
}