{
  "prompt": "How do economic systems and ecological systems balance?",
  "completion": "Okay, let's break down how economic and ecological (or \"environmental\") systems interact and attempt to find a balance. It\u2019s a complex relationship with no easy answers, but here's a breakdown of the key concepts:\n\n**1. The Core Problem: Trade-offs & Limits",
  "model_id": "gemma3-4b-it",
  "preset": "ACTIVE_MANIFOLD",
  "completion_tokens": 60,
  "input_tokens": 19,
  "gen_time_sec": 13.641803503036499,
  "phi": 0.8699142336845398,
  "zone": "math",
  "zone_weights": {
    "math": 0.9826993899182384,
    "logic_a": 0.008690193390198863,
    "logic_b": 0.003799969481312742,
    "creative": 0.004802067098351071,
    "synthesis": 8.37800378500218e-06
  },
  "zone_entropy": 0.15191725840733328,
  "kurtosis": 2299.885498046875,
  "token_diversity_input": 0.7368421052631579,
  "loops_run": 8,
  "entropy": 0.306640625
}