{
  "prompt": "Complete: 1, 4, 9, 16, ?",
  "completion": "The next number in the sequence is 25.\n\nThis pattern represents squaring consecutive whole numbers.  Each term is the square of the previous one:\n\n*   1\u00b2 = 1\n*   2\u00b2 =4\n*    3\u00b2 =9\n*     4\u00b2=1",
  "model_id": "gemma3-4b-it",
  "preset": "ACTIVE_MANIFOLD",
  "completion_tokens": 60,
  "input_tokens": 26,
  "gen_time_sec": 14.19954776763916,
  "phi": 0.863767683506012,
  "zone": "math",
  "zone_weights": {
    "math": 0.9992765511723716,
    "logic_a": 2.3710696071052927e-05,
    "logic_b": 3.213984612677428e-05,
    "creative": 0.0006674737037499196,
    "synthesis": 7.457337047832796e-08
  },
  "zone_entropy": 0.008930203069096056,
  "kurtosis": 2310.100341796875,
  "token_diversity_input": 0.5769230769230769,
  "loops_run": 7,
  "entropy": 0.279296875
}