{
  "prompt": "If all Zorps are Frims, and no Frim is a Glip, can a Zorp be a Glip?",
  "completion": "No, a Zorb cannot be a Gleep.\n\nHere's the logic:\n\n* **Premise 1:** All Zorps (Zorps) are Frimes (Frims).\n* **Preimise 2:** No Frime (Frim) is a Glep",
  "model_id": "gemma3-4b-it",
  "preset": "ACTIVE_MANIFOLD",
  "completion_tokens": 60,
  "input_tokens": 36,
  "gen_time_sec": 15.302969455718994,
  "phi": 0.9961987137794495,
  "zone": "math",
  "zone_weights": {
    "math": 2.4639567565284106e-13,
    "logic_a": 2.262633176857427e-40,
    "logic_b": 1.4791683356659789e-31,
    "creative": 1.408908612616422e-15,
    "synthesis": 4.64373400279743e-27
  },
  "zone_entropy": 0.0,
  "kurtosis": 2357.04296875,
  "token_diversity_input": 0.7222222222222222,
  "loops_run": 5,
  "entropy": 0.59375
}