{
  "prompt": "What comes next in the sequence: 1, 1, 2, 3, 5, 8, ?",
  "completion": "The sequence is 1, 1, 2, 3, 5, 8.\n",
  "model_id": "gemma3-270m-it",
  "preset": "ACTIVE_MANIFOLD",
  "completion_tokens": 23,
  "input_tokens": 36,
  "gen_time_sec": 1.3073410987854004,
  "phi": 0.8448078632354736,
  "zone": "math",
  "zone_weights": {
    "math": 0.9310747428315927,
    "logic_a": 0.03915068073015481,
    "logic_b": 0.019575340365077406,
    "creative": 0.00041156089063618665,
    "synthesis": 0.009787670182538703
  },
  "zone_entropy": 0.45999809423963917,
  "kurtosis": 490.3852233886719,
  "token_diversity_input": 0.5833333333333334,
  "loops_run": 6,
  "entropy": 0.33203125
}