{
  "prompt": "Compare the structure of a symphony to the structure of a programming language.",
  "completion": "The structure of a symphony is a complex and multifaceted concept, encompassing a wide range of elements that contribute to its overall coherence and effectiveness. It's",
  "model_id": "gemma3-270m-it",
  "preset": "ACTIVE_MANIFOLD",
  "completion_tokens": 30,
  "input_tokens": 24,
  "gen_time_sec": 1.9844141006469727,
  "phi": 0.9028996229171753,
  "zone": "synthesis",
  "zone_weights": {
    "math": 0.1037597315012549,
    "logic_a": 0.051410345950000894,
    "logic_b": 0.035407747453975874,
    "creative": 0.3872547128396752,
    "synthesis": 0.422167461255093
  },
  "zone_entropy": 1.7851823909162279,
  "kurtosis": 286.886474609375,
  "token_diversity_input": 0.6666666666666666,
  "loops_run": 7,
  "entropy": 1.515625
}