{
  "scale": "270M",
  "model_id": "gemma3-270m-it",
  "preset": "ACTIVE_MANIFOLD",
  "prompts_per_cat": 4,
  "n_total": 16,
  "total_time_sec": 124.04911541938782,
  "results": [
    {
      "prompt": "What is 17 * 23?",
      "completion": "17 * 23 = 369",
      "model_id": "gemma3-270m-it",
      "preset": "ACTIVE_MANIFOLD",
      "completion_tokens": 12,
      "input_tokens": 20,
      "gen_time_sec": 0.7932116985321045,
      "phi": 0.9370098114013672,
      "zone": "math",
      "zone_weights": {
        "math": 0.7128813638586069,
        "logic_a": 0.15900153112143922,
        "logic_b": 0.07950076556071961,
        "creative": 0.008865951678874412,
        "synthesis": 0.039750382780359805
      },
      "zone_entropy": 1.3056940664771965,
      "kurtosis": 528.4053344726562,
      "token_diversity_input": 0.75,
      "loops_run": 3,
      "entropy": 0.90625,
      "category": "math",
      "elapsed_sec": 7.296196222305298
    },
    {
      "prompt": "Solve for x: 2x + 5 = 17",
      "completion": "Subtract 5 from both sides of the equation:\n2x + 5 - 5 = 17 - 5\n2x +",
      "model_id": "gemma3-270m-it",
      "preset": "ACTIVE_MANIFOLD",
      "completion_tokens": 30,
      "input_tokens": 24,
      "gen_time_sec": 2.0971617698669434,
      "phi": 0.9057751297950745,
      "zone": "math",
      "zone_weights": {
        "math": 0.8616086214421227,
        "logic_a": 0.0780702233459457,
        "logic_b": 0.03903511167297285,
        "creative": 0.0017684827024723726,
        "synthesis": 0.019517555836486424
      },
      "zone_entropy": 0.7820427393155892,
      "kurtosis": 514.9298706054688,
      "token_diversity_input": 0.75,
      "loops_run": 11,
      "entropy": 0.56640625,
      "category": "math",
      "elapsed_sec": 8.865384817123413
    },
    {
      "prompt": "What is the square root of 144?",
      "completion": "The square root of 144 is 12.\n",
      "model_id": "gemma3-270m-it",
      "preset": "ACTIVE_MANIFOLD",
      "completion_tokens": 15,
      "input_tokens": 21,
      "gen_time_sec": 1.0163719654083252,
      "phi": 0.8509358763694763,
      "zone": "math",
      "zone_weights": {
        "math": 0.7853405225866918,
        "logic_a": 0.12004132341615736,
        "logic_b": 0.06002066170807868,
        "creative": 0.004587156435032873,
        "synthesis": 0.03001033085403934
      },
      "zone_entropy": 1.0719370981856908,
      "kurtosis": 460.44281005859375,
      "token_diversity_input": 0.7619047619047619,
      "loops_run": 6,
      "entropy": 0.76953125,
      "category": "math",
      "elapsed_sec": 7.39922571182251
    },
    {
      "prompt": "Calculate 15% of 240.",
      "completion": "15% of 240 is 15.\n\n",
      "model_id": "gemma3-270m-it",
      "preset": "ACTIVE_MANIFOLD",
      "completion_tokens": 15,
      "input_tokens": 21,
      "gen_time_sec": 1.0764498710632324,
      "phi": 0.8972108364105225,
      "zone": "math",
      "zone_weights": {
        "math": 0.9660645733862051,
        "logic_a": 0.01907569184324911,
        "logic_b": 0.009537855510258417,
        "creative": 0.0005529562086756684,
        "synthesis": 0.004768922051609824
      },
      "zone_entropy": 0.26386187147882456,
      "kurtosis": 379.8517761230469,
      "token_diversity_input": 0.7619047619047619,
      "loops_run": 11,
      "entropy": 0.322265625,
      "category": "math",
      "elapsed_sec": 7.343506336212158
    },
    {
      "prompt": "If all roses are flowers, and some flowers fade quickly, can we conclude that some roses fade quickly?",
      "completion": "No, we cannot conclude that some roses fade quickly.\n\nThe statement \"If all roses are flowers, and some flowers fade quickly\" is false.",
      "model_id": "gemma3-270m-it",
      "preset": "ACTIVE_MANIFOLD",
      "completion_tokens": 30,
      "input_tokens": 31,
      "gen_time_sec": 2.0861871242523193,
      "phi": 0.9097752571105957,
      "zone": "math",
      "zone_weights": {
        "math": 0.826913015190389,
        "logic_a": 0.09727221457344733,
        "logic_b": 0.048636107286723664,
        "creative": 0.0028606043060782176,
        "synthesis": 0.024318053643361832
      },
      "zone_entropy": 0.9204480156919211,
      "kurtosis": 448.0447998046875,
      "token_diversity_input": 0.6774193548387096,
      "loops_run": 16,
      "entropy": 0.62109375,
      "category": "logic",
      "elapsed_sec": 8.499890565872192
    },
    {
      "prompt": "What comes next in the sequence: 1, 1, 2, 3, 5, 8, ?",
      "completion": "The sequence is 1, 1, 2, 3, 5, 8.\n",
      "model_id": "gemma3-270m-it",
      "preset": "ACTIVE_MANIFOLD",
      "completion_tokens": 23,
      "input_tokens": 36,
      "gen_time_sec": 1.3073410987854004,
      "phi": 0.8448078632354736,
      "zone": "math",
      "zone_weights": {
        "math": 0.9310747428315927,
        "logic_a": 0.03915068073015481,
        "logic_b": 0.019575340365077406,
        "creative": 0.00041156089063618665,
        "synthesis": 0.009787670182538703
      },
      "zone_entropy": 0.45999809423963917,
      "kurtosis": 490.3852233886719,
      "token_diversity_input": 0.5833333333333334,
      "loops_run": 6,
      "entropy": 0.33203125,
      "category": "logic",
      "elapsed_sec": 7.73211669921875
    },
    {
      "prompt": "If A implies B, and B implies C, what does A imply?",
      "completion": "A implies B\n",
      "model_id": "gemma3-270m-it",
      "preset": "ACTIVE_MANIFOLD",
      "completion_tokens": 5,
      "input_tokens": 25,
      "gen_time_sec": 0.5765993595123291,
      "phi": 0.9560427665710449,
      "zone": "math",
      "zone_weights": {
        "math": 0.6210203833216043,
        "logic_a": 0.20672877222526995,
        "logic_b": 0.10336438611263497,
        "creative": 0.017204260284173187,
        "synthesis": 0.05168219305631749
      },
      "zone_entropy": 1.557129514690946,
      "kurtosis": 532.6615600585938,
      "token_diversity_input": 0.68,
      "loops_run": 10,
      "entropy": 1.125,
      "category": "logic",
      "elapsed_sec": 6.943076133728027
    },
    {
      "prompt": "Is the statement 'I am lying' a paradox?",
      "completion": "The statement \"I am lying\" is a paradox. It's a statement that implies a contradiction.\n",
      "model_id": "gemma3-270m-it",
      "preset": "ACTIVE_MANIFOLD",
      "completion_tokens": 23,
      "input_tokens": 21,
      "gen_time_sec": 1.1567842960357666,
      "phi": 0.9165543913841248,
      "zone": "math",
      "zone_weights": {
        "math": 0.9205064153024696,
        "logic_a": 0.04319064786324412,
        "logic_b": 0.021591881307258323,
        "creative": 0.003921967221172752,
        "synthesis": 0.010789087305855205
      },
      "zone_entropy": 0.5271177223689654,
      "kurtosis": 360.9959716796875,
      "token_diversity_input": 0.8095238095238095,
      "loops_run": 15,
      "entropy": 0.6015625,
      "category": "logic",
      "elapsed_sec": 7.550479173660278
    },
    {
      "prompt": "Write a haiku about a forgotten robot.",
      "completion": "Chrome eyes gleam,\nSilent hum, a forgotten dream,\nA heart of code gone cold.\n",
      "model_id": "gemma3-270m-it",
      "preset": "ACTIVE_MANIFOLD",
      "completion_tokens": 23,
      "input_tokens": 19,
      "gen_time_sec": 1.2935261726379395,
      "phi": 0.9269808530807495,
      "zone": "math",
      "zone_weights": {
        "math": 0.45836308927223984,
        "logic_a": 0.2843133930251758,
        "logic_b": 0.1421566965125879,
        "creative": 0.044088467933702614,
        "synthesis": 0.07107834825629394
      },
      "zone_entropy": 1.9014974915190452,
      "kurtosis": 516.9431762695312,
      "token_diversity_input": 0.7368421052631579,
      "loops_run": 2,
      "entropy": 1.3671875,
      "category": "creative",
      "elapsed_sec": 7.606537342071533
    },
    {
      "prompt": "Describe the color of silence to someone who has never seen.",