{
  "prompt": "Write a haiku about a forgotten robot.",
  "completion": "Chrome eyes gleam,\nSilent hum, a forgotten dream,\nA heart of code gone cold.\n",
  "model_id": "gemma3-270m-it",
  "preset": "ACTIVE_MANIFOLD",
  "completion_tokens": 23,
  "input_tokens": 19,
  "gen_time_sec": 1.2935261726379395,
  "phi": 0.9269808530807495,
  "zone": "math",
  "zone_weights": {
    "math": 0.45836308927223984,
    "logic_a": 0.2843133930251758,
    "logic_b": 0.1421566965125879,
    "creative": 0.044088467933702614,
    "synthesis": 0.07107834825629394
  },
  "zone_entropy": 1.9014974915190452,
  "kurtosis": 516.9431762695312,
  "token_diversity_input": 0.7368421052631579,
  "loops_run": 2,
  "entropy": 1.3671875
}