{
  "prompt": "Is the statement 'I am lying' a paradox?",
  "completion": "The statement \"I am lying\" is a paradox. It's a statement that implies a contradiction.\n",
  "model_id": "gemma3-270m-it",
  "preset": "ACTIVE_MANIFOLD",
  "completion_tokens": 23,
  "input_tokens": 21,
  "gen_time_sec": 1.1567842960357666,
  "phi": 0.9165543913841248,
  "zone": "math",
  "zone_weights": {
    "math": 0.9205064153024696,
    "logic_a": 0.04319064786324412,
    "logic_b": 0.021591881307258323,
    "creative": 0.003921967221172752,
    "synthesis": 0.010789087305855205
  },
  "zone_entropy": 0.5271177223689654,
  "kurtosis": 360.9959716796875,
  "token_diversity_input": 0.8095238095238095,
  "loops_run": 15,
  "entropy": 0.6015625
}