{
  "prompt": "What is 17 * 23?",
  "completion": "17*23\n\n17 x 2 = 38\n\nSo, 10 times 2 + 3 + 8 = 16 + 11 = 27.  However, the question asks for 19.\n\nThe correct answer is ",
  "model_id": "gemma3-1b-it",
  "preset": "ACTIVE_MANIFOLD",
  "completion_tokens": 60,
  "input_tokens": 20,
  "gen_time_sec": 6.103183269500732,
  "phi": 0.9903452396392822,
  "zone": "math",
  "zone_weights": {
    "math": 0.4549801560703706,
    "logic_a": 0.0630188295112881,
    "logic_b": 0.21288004542457603,
    "creative": 0.2318177066612825,
    "synthesis": 0.037303261332482684
  },
  "zone_entropy": 1.9092384503416553,
  "kurtosis": 1113.6151123046875,
  "token_diversity_input": 0.75,
  "loops_run": 7,
  "entropy": 1.3828125
}