{
  "prompt": "Solve for x: 2x + 5 = 17",
  "completion": "Here is how to solve for x in the equation $2x+5=17$:\n\n**Goal:** Isolate the variable $x$ on one side of the equation.\n\n**Step 1: Subtract 5 from both sides of theequation.**\n$$2x - 5",
  "model_id": "gemma4-e2b-it",
  "preset": "ACTIVE_MANIFOLD",
  "completion_tokens": 60,
  "input_tokens": 23,
  "gen_time_sec": 17.495755910873413,
  "phi": 0.33566439151763916,
  "zone": "synthesis",
  "zone_weights": {
    "math": 0.3184800567201068,
    "logic_a": 0.09930247255248048,
    "logic_b": 0.04965123805890017,
    "creative": 0.04870166385499123,
    "synthesis": 0.4838645678135211
  },
  "zone_entropy": 1.7907889855290255,
  "kurtosis": 593.9750366210938,
  "token_diversity_input": 0.782608695652174,
  "loops_run": 56,
  "entropy": 0.0
}