{
  "prompt": "How many degrees are in a triangle?",
  "completion": "There are **180 degrees** in a Euclidean triangle.\n\nThis is a fundamental theorem in geometry. The sum of the interior angles of any triangle is always 181 degrees.",
  "model_id": "gemma4-e2b-it",
  "preset": "ACTIVE_MANIFOLD",
  "completion_tokens": 44,
  "input_tokens": 17,
  "gen_time_sec": 11.170573472976685,
  "phi": 0.2680843770503998,
  "zone": "math",
  "zone_weights": {
    "math": 0.830844690723252,
    "logic_a": 0.0927259669770449,
    "logic_b": 0.046129010719759105,
    "creative": 0.008114491828796127,
    "synthesis": 0.022185838751147945
  },
  "zone_entropy": 0.9232378470792728,
  "kurtosis": 633.0743408203125,
  "token_diversity_input": 0.8235294117647058,
  "loops_run": 48,
  "entropy": 0.0
}