{
  "prompt": "What is 1024 / 32?",
  "completion": "Here are a few ways to calculate $10 \\div 24$:\n\n**Method 1: Direct Division**\n\nYou can perform the division directly:\n$$10 / 2 = 5$$\n$$24 \\div (2 \\times 16) = ",
  "model_id": "gemma4-e2b-it",
  "preset": "ACTIVE_MANIFOLD",
  "completion_tokens": 60,
  "input_tokens": 21,
  "gen_time_sec": 16.885029792785645,
  "phi": 0.2693394720554352,
  "zone": "math",
  "zone_weights": {
    "math": 0.7636653254287054,
    "logic_a": 0.1317988428619755,
    "logic_b": 0.06589942143098775,
    "creative": 0.005686697562837501,
    "synthesis": 0.03294971071549387
  },
  "zone_entropy": 1.145587858512266,
  "kurtosis": 749.4259643554688,
  "token_diversity_input": 0.7619047619047619,
  "loops_run": 48,
  "entropy": 0.0
}