{
  "prompt": "What is the contrapositive of 'If P then Q'?",
  "completion": "The contrapositiveof \"If P, then Q\" is **\"If not Q, then not P\"**.\n\nHere's a quick explanation of why:\n\n* **Original Statement (Conditional):** If P, $\\text{then}$ Q ($\\text{P} \\rightarrow \\text",
  "model_id": "gemma4-e2b-it",
  "preset": "ACTIVE_MANIFOLD",
  "completion_tokens": 60,
  "input_tokens": 21,
  "gen_time_sec": 16.638503313064575,
  "phi": 0.2640913724899292,
  "zone": "math",
  "zone_weights": {
    "math": 0.5658097323935831,
    "logic_a": 0.2342537796614442,
    "logic_b": 0.1171268898307221,
    "creative": 0.02424615119888966,
    "synthesis": 0.05856344491536105
  },
  "zone_entropy": 1.6876004695935765,
  "kurtosis": 724.9136962890625,
  "token_diversity_input": 0.8571428571428571,
  "loops_run": 48,
  "entropy": 0.0
}