{
  "prompt": "What is the value of pi to 2 decimal places?",
  "completion": "The value of $\\pi$ to 3 decimal places is approximately $3.14159...$\n\nTo round this to **2 decimal** places, we look at the third decimal place:\n\n* The first two decimal places are **14**.\n* The third decimal digit",
  "model_id": "gemma4-e2b-it",
  "preset": "ACTIVE_MANIFOLD",
  "completion_tokens": 60,
  "input_tokens": 21,
  "gen_time_sec": 17.05921220779419,
  "phi": 0.26431578397750854,
  "zone": "math",
  "zone_weights": {
    "math": 0.6586742364020655,
    "logic_a": 0.1874245345788976,
    "logic_b": 0.0937122672894488,
    "creative": 0.01333282608486364,
    "synthesis": 0.0468561336447244
  },
  "zone_entropy": 1.4595397236536736,
  "kurtosis": 756.491455078125,
  "token_diversity_input": 0.8571428571428571,
  "loops_run": 48,
  "entropy": 0.0
}