{
  "prompt": "What is the derivative of x^2 + 3x?",
  "completion": "Here are the steps to find the derivative c\u1ee7a $x^2$ + $3x$:\n\n**1. Recall the rules of differentiation:**\n\n* **The Power Rule:** The derivative of $x^{n}$ is $nx^{n-1}$.\n* ** The Constant Multiple Rule:**",
  "model_id": "gemma4-e2b-it",
  "preset": "ACTIVE_MANIFOLD",
  "completion_tokens": 60,
  "input_tokens": 22,
  "gen_time_sec": 16.943230152130127,
  "phi": 0.2625318467617035,
  "zone": "math",
  "zone_weights": {
    "math": 0.4506453116277854,
    "logic_a": 0.28633647821106184,
    "logic_b": 0.17881620507871274,
    "creative": 0.05913138989856163,
    "synthesis": 0.02507061418387848
  },
  "zone_entropy": 1.8534814218177815,
  "kurtosis": 623.1856689453125,
  "token_diversity_input": 0.8636363636363636,
  "loops_run": 48,
  "entropy": 0.0
}