{
  "prompt": "If today is Wednesday, what day will it be 10 days from now?",
  "completion": "Here's how to figure that out:\n\n1. **Days in a week:** There are 7 days in a standard week.\n2. **Find the remainder:** Divide the number of days (10) by 7:\n   $$10 \\div 7 = ",
  "model_id": "gemma4-e2b-it",
  "preset": "ACTIVE_MANIFOLD",
  "completion_tokens": 60,
  "input_tokens": 26,
  "gen_time_sec": 18.629297494888306,
  "phi": 0.26461079716682434,
  "zone": "math",
  "zone_weights": {
    "math": 0.48201901979701844,
    "logic_a": 0.2737751741227215,
    "logic_b": 0.13688758706136075,
    "creative": 0.03887442347121386,
    "synthesis": 0.06844379354768532
  },
  "zone_entropy": 1.8588108678021467,
  "kurtosis": 564.0472412109375,
  "token_diversity_input": 0.8846153846153846,
  "loops_run": 48,
  "entropy": 0.0
}