{
  "prompt": "If A and B are both true, what is the truth value of A or B?",
  "completion": "Here's how to determine the truth values:\n\n* **Given:** A is True (T) and B is True ($\\text{T}$).\n* **Operation:** We need to find the truthvalue of \"A or B\" ($A \\lor B$).\n\nThe \"or\" ($\\",
  "model_id": "gemma4-e2b-it",
  "preset": "ACTIVE_MANIFOLD",
  "completion_tokens": 60,
  "input_tokens": 27,
  "gen_time_sec": 17.97552227973938,
  "phi": 0.2680184841156006,
  "zone": "math",
  "zone_weights": {
    "math": 0.5650554915935222,
    "logic_a": 0.23462256452344538,
    "logic_b": 0.11731128226172269,
    "creative": 0.024355018490448264,
    "synthesis": 0.058655641130861344
  },
  "zone_entropy": 1.689283263528778,
  "kurtosis": 760.5426025390625,
  "token_diversity_input": 0.8148148148148148,
  "loops_run": 48,
  "entropy": 0.0
}