{
  "prompt": "What is the next prime after 13?",
  "completion": "The next prime number after 7 is **11**.\n\nLet's list the numbers after 3:\n* 4 (not prime, divisible by 2)\n* **5** (prime)\n...\n* $\\dots$\n* $7$ (prime, the",
  "model_id": "gemma4-e2b-it",
  "preset": "ACTIVE_MANIFOLD",
  "completion_tokens": 60,
  "input_tokens": 19,
  "gen_time_sec": 16.34398126602173,
  "phi": 0.26657834649086,
  "zone": "math",
  "zone_weights": {
    "math": 0.7600917980915898,
    "logic_a": 0.13372924378072448,
    "logic_b": 0.06686462189036224,
    "creative": 0.0058820232921423755,
    "synthesis": 0.03343231094518112
  },
  "zone_entropy": 1.1574090715229286,
  "kurtosis": 749.6144409179688,
  "token_diversity_input": 0.8421052631578947,
  "loops_run": 48,
  "entropy": 0.0
}