{
  "prompt": "Complete: 1, 4, 9, 16, ?",
  "completion": "The next number in the sequence is **25**.\n\nHere's why:\n\nThis is a sequence of perfect squares:\n\n* $1 = 1^2$\n* $4 = 2^2\n* $\\text{9} = 3^2 $\n*",
  "model_id": "gemma4-e2b-it",
  "preset": "ACTIVE_MANIFOLD",
  "completion_tokens": 60,
  "input_tokens": 25,
  "gen_time_sec": 17.205009937286377,
  "phi": 0.26825541257858276,
  "zone": "math",
  "zone_weights": {
    "math": 0.8103783295574912,
    "logic_a": 0.1063609923182282,
    "logic_b": 0.0531804961591141,
    "creative": 0.003489931885609403,
    "synthesis": 0.02659024807955705
  },
  "zone_entropy": 0.9824182068167916,
  "kurtosis": 671.8485717773438,
  "token_diversity_input": 0.6,
  "loops_run": 48,
  "entropy": 0.0
}