{
  "prompt": "If f(x) = 2x + 1, what is f(5)?",
  "completion": "The given function is:\n$$f(x} = \n2x \\text{ + } 1$$\n\nTo find $f(5)$, we need to substitute $x=5$ into the function:\n$$\\begin{align*} f(\n5) &= 2(",
  "model_id": "gemma4-e2b-it",
  "preset": "ACTIVE_MANIFOLD",
  "completion_tokens": 60,
  "input_tokens": 28,
  "gen_time_sec": 17.626943111419678,
  "phi": 0.2688799798488617,
  "zone": "math",
  "zone_weights": {
    "math": 0.7641959973481006,
    "logic_a": 0.13151197855830146,
    "logic_b": 0.06575598927915073,
    "creative": 0.005658038174871804,
    "synthesis": 0.032877994639575366
  },
  "zone_entropy": 1.143824833663772,
  "kurtosis": 761.2770385742188,
  "token_diversity_input": 0.75,
  "loops_run": 48,
  "entropy": 0.0
}