{
  "prompt": "What is 2^10?",
  "completion": "Here's how to calculate $2^{10}$:\n\n$2^{9} = 512$\n$2^{\\mathbf{10}} = 2 \\times 2^{8} = ? \\quad (\\text{This is getting complicated})$\n\nLet's use",
  "model_id": "gemma4-e2b-it",
  "preset": "ACTIVE_MANIFOLD",
  "completion_tokens": 60,
  "input_tokens": 17,
  "gen_time_sec": 16.654882669448853,
  "phi": 0.2705698609352112,
  "zone": "math",
  "zone_weights": {
    "math": 0.7305370978266594,
    "logic_a": 0.1496022116199041,
    "logic_b": 0.07480110580995206,
    "creative": 0.007659029838508299,
    "synthesis": 0.03740055290497603
  },
  "zone_entropy": 1.251897593747477,
  "kurtosis": 534.916748046875,
  "token_diversity_input": 0.8235294117647058,
  "loops_run": 48,
  "entropy": 0.0
}