{
  "prompt": "What is 0.25 as a fraction?",
  "completion": "Here are a few ways to convert the decimal $0. \\text{25}$ to a fraction:\n\n**Method 1: Understanding Place Value**\n\n* The number $0.\\text{}25$ means \"twenty-five hundredths.\"\n* This can be written as",
  "model_id": "gemma4-e2b-it",
  "preset": "ACTIVE_MANIFOLD",
  "completion_tokens": 60,
  "input_tokens": 20,
  "gen_time_sec": 16.987901210784912,
  "phi": 0.26415327191352844,
  "zone": "math",
  "zone_weights": {
    "math": 0.44244684678464025,
    "logic_a": 0.2912188724857344,
    "logic_b": 0.1456094362428672,
    "creative": 0.04792012436532445,
    "synthesis": 0.0728047181214336
  },
  "zone_entropy": 1.9288258200817665,
  "kurtosis": 680.00927734375,
  "token_diversity_input": 0.85,
  "loops_run": 48,
  "entropy": 0.0
}