{
  "prompt": "If A implies B, and B implies C, what does A imply?",
  "completion": "If **A implies B** ($\\text{A} \\rightarrow \\text{B}$), and **B implies C** ($\\mathrm{B} \\Rightarrow \\mathrm{C}$), then by the rule of **transitivity**, we can conclude that **A also implies C**.\n\nIn logical",
  "model_id": "gemma4-e2b-it",
  "preset": "ACTIVE_MANIFOLD",
  "completion_tokens": 60,
  "input_tokens": 24,
  "gen_time_sec": 16.858123779296875,
  "phi": 0.3406027853488922,
  "zone": "synthesis",
  "zone_weights": {
    "math": 0.3787454731246822,
    "logic_a": 0.06756865144403996,
    "logic_b": 0.03378432572315362,
    "creative": 0.03686710429486741,
    "synthesis": 0.4830344444132484
  },
  "zone_entropy": 1.6409368857423714,
  "kurtosis": 588.3086547851562,
  "token_diversity_input": 0.7083333333333334,
  "loops_run": 56,
  "entropy": 0.0
}