{
  "prompt": "What is 9 squared?",
  "completion": "9 squared is **81**.\n\nThis means $9 \\times 9 = 81$.",
  "model_id": "gemma4-e2b-it",
  "preset": "ACTIVE_MANIFOLD",
  "completion_tokens": 25,
  "input_tokens": 15,
  "gen_time_sec": 6.6106016635894775,
  "phi": 0.26808807253837585,
  "zone": "math",
  "zone_weights": {
    "math": 0.680730962589357,
    "logic_a": 0.17594307772034717,
    "logic_b": 0.08797153886017359,
    "creative": 0.01136864940003543,
    "synthesis": 0.043985769430086794
  },
  "zone_entropy": 1.3989205568893144,
  "kurtosis": 521.2138061523438,
  "token_diversity_input": 0.8,
  "loops_run": 48,
  "entropy": 0.0
}