{
  "prompt": "If a triangle has sides 3, 4, 5, what is its area?",
  "completion": "Here's how to find the area of a triangle with sides 5 and 3 and 4:\n\n**1. Identify the type of triangle:**\n\n* **Check the Pythagorean theorem:** Does $a^2 + b^2 = c^2$?\n    * $3^",
  "model_id": "gemma4-e2b-it",
  "preset": "ACTIVE_MANIFOLD",
  "completion_tokens": 60,
  "input_tokens": 28,
  "gen_time_sec": 17.758692502975464,
  "phi": 0.26955291628837585,
  "zone": "math",
  "zone_weights": {
    "math": 0.6416763598768054,
    "logic_a": 0.19618740375835106,
    "logic_b": 0.09809370187917553,
    "creative": 0.014995681546080263,
    "synthesis": 0.049046850939587765
  },
  "zone_entropy": 1.5044927449104288,
  "kurtosis": 782.572265625,
  "token_diversity_input": 0.75,
  "loops_run": 48,
  "entropy": 0.0
}