{
  "prompt": "Calculate 15% of 240.",
  "completion": "Here are a few ways to calculate 10% and then 130% of $24\\text{0}$:\n\n**Method 1: Calculate 1% first**\n\n1. **Find 1\\% of 120:** To find 1\\%, divide by",
  "model_id": "gemma4-e2b-it",
  "preset": "ACTIVE_MANIFOLD",
  "completion_tokens": 60,
  "input_tokens": 20,
  "gen_time_sec": 16.743820667266846,
  "phi": 0.265958309173584,
  "zone": "math",
  "zone_weights": {
    "math": 0.7734576931595847,
    "logic_a": 0.1264972679153621,
    "logic_b": 0.06324863395768104,
    "creative": 0.005172085988531681,
    "synthesis": 0.03162431697884052
  },
  "zone_entropy": 1.1127352275863471,
  "kurtosis": 680.098876953125,
  "token_diversity_input": 0.8,
  "loops_run": 48,
  "entropy": 0.0
}