{
  "prompt": "Solve 5x = 25.",
  "completion": "Here's how to solve the equation $5x$ = $25$:\n\n**Goal:** Isolate the variable $x$.\n\n**Method:** To get $x$ by itself, you need to undo the multiplication by 5. You do this by performing the opposite operation, which",
  "model_id": "gemma4-e2b-it",
  "preset": "ACTIVE_MANIFOLD",
  "completion_tokens": 60,
  "input_tokens": 18,
  "gen_time_sec": 16.490227222442627,
  "phi": 0.26607516407966614,
  "zone": "math",
  "zone_weights": {
    "math": 0.6624552039493999,
    "logic_a": 0.18546503484564847,
    "logic_b": 0.09273251742282423,
    "creative": 0.012980983070715282,
    "synthesis": 0.04636625871141212
  },
  "zone_entropy": 1.4493343621255064,
  "kurtosis": 694.7700805664062,
  "token_diversity_input": 0.7222222222222222,
  "loops_run": 48,
  "entropy": 0.0
}