{
  "prompt": "All cats are mammals. Felix is a cat. What can we conclude?",
  "completion": "We can conclude that **Felix is a mammal**.\n\nHere's the breakdown using logic:\n\n1. **Premise 1:** All cats are **mammals**. (This sets up a general rule)\n2. **premise 2:** Felix is **a cat**. (Felix",
  "model_id": "gemma4-e2b-it",
  "preset": "ACTIVE_MANIFOLD",
  "completion_tokens": 60,
  "input_tokens": 24,
  "gen_time_sec": 17.793630838394165,
  "phi": 0.26744046807289124,
  "zone": "math",
  "zone_weights": {
    "math": 0.6262577095272077,
    "logic_a": 0.20406760384123201,
    "logic_b": 0.10203380192061601,
    "creative": 0.01662398175063616,
    "synthesis": 0.051016900960308004
  },
  "zone_entropy": 1.5439863438540156,
  "kurtosis": 758.0387573242188,
  "token_diversity_input": 0.8333333333333334,
  "loops_run": 48,
  "entropy": 0.0
}