{
  "prompt": "Compute the sum 1+2+...+100.",
  "completion": "Here are a few ways to compute the sum $1 + 2 + \\dots + 10^0$:\n\n**Method 1: Using the Arithmetic Series Formula**\n\nThe sum of an arithmetic series is given by the formula:\n$$S_n = \\frac{n}{",
  "model_id": "gemma4-e2b-it",
  "preset": "ACTIVE_MANIFOLD",
  "completion_tokens": 60,
  "input_tokens": 21,
  "gen_time_sec": 16.857702016830444,
  "phi": 0.266694575548172,
  "zone": "math",
  "zone_weights": {
    "math": 0.5658097323935831,
    "logic_a": 0.2342537796614442,
    "logic_b": 0.1171268898307221,
    "creative": 0.02424615119888966,
    "synthesis": 0.05856344491536105
  },
  "zone_entropy": 1.6876004695935765,
  "kurtosis": 787.8126831054688,
  "token_diversity_input": 0.7619047619047619,
  "loops_run": 48,
  "entropy": 0.0
}