{
  "prompt": "If all Zorps are Frims, and no Frim is a Glip, can a Zorp be a Glip?",
  "completion": "No, a Zorg cannot be a $\\text{Glip}$.\n\nHere's the reasoning:\n\n1. **Premise 1:** All Zorps ($\\text{Z}$) are Frim ($\\text{$\\text{F}$}$). ($\\text{$ \\text{All } \\text{\\",
  "model_id": "gemma4-e2b-it",
  "preset": "ACTIVE_MANIFOLD",
  "completion_tokens": 60,
  "input_tokens": 35,
  "gen_time_sec": 18.38037896156311,
  "phi": 0.2642226219177246,
  "zone": "math",
  "zone_weights": {
    "math": 0.6268841499048218,
    "logic_a": 0.20374876215772003,
    "logic_b": 0.10187438107886002,
    "creative": 0.016555514319168147,
    "synthesis": 0.05093719053943001
  },
  "zone_entropy": 1.5424051237373477,
  "kurtosis": 669.6038208007812,
  "token_diversity_input": 0.7428571428571429,
  "loops_run": 48,
  "entropy": 0.0
}