{
  "prompt": "What is 1000 - 437?",
  "completion": "Here are a couple of ways to solve $10 - (43)$:\n\n**Method 1: Standard Subtraction with Borrowing**\n\n   10 00\n-  4 37\n-------\n\nSince you can't subtract 7 from 0, you need",
  "model_id": "gemma4-e2b-it",
  "preset": "ACTIVE_MANIFOLD",
  "completion_tokens": 60,
  "input_tokens": 22,
  "gen_time_sec": 16.85287642478943,
  "phi": 0.2707991600036621,
  "zone": "math",
  "zone_weights": {
    "math": 0.703732344593589,
    "logic_a": 0.16384617160732806,
    "logic_b": 0.08192308580366403,
    "creative": 0.009536853093586855,
    "synthesis": 0.040961542901832015
  },
  "zone_entropy": 1.332831654229159,
  "kurtosis": 700.5831298828125,
  "token_diversity_input": 0.7272727272727273,
  "loops_run": 48,
  "entropy": 0.0
}