{
  "prompt": "What is 17 * 23?",
  "completion": "Here are a few ways to calculate $17 \\times 2\\text{3}$:\n\n**Method 1: Standard Multiplication**\n\n   ```\n     23\n   x 1 7\n   ----\n    161  (7 *imes 2 3)",
  "model_id": "gemma4-e2b-it",
  "preset": "ACTIVE_MANIFOLD",
  "completion_tokens": 60,
  "input_tokens": 19,
  "gen_time_sec": 17.21990180015564,
  "phi": 0.2701989412307739,
  "zone": "math",
  "zone_weights": {
    "math": 0.7600917980915898,
    "logic_a": 0.13372924378072448,
    "logic_b": 0.06686462189036224,
    "creative": 0.0058820232921423755,
    "synthesis": 0.03343231094518112
  },
  "zone_entropy": 1.1574090715229286,
  "kurtosis": 785.353759765625,
  "token_diversity_input": 0.7894736842105263,
  "loops_run": 48,
  "entropy": 0.0
}