{
  "prompt": "What is the missing number: 2, 4, 8, 16, ?, 64",
  "completion": "The missing number is **32**.\n\nHere's why:\n\nThis is a geometric sequence where each number is found by multiplying the previous number by 2 (powers of 2):\n\n* $2 \\times 2 = 4$\n* $4 \\times \\text{",
  "model_id": "gemma4-e2b-it",
  "preset": "ACTIVE_MANIFOLD",
  "completion_tokens": 60,
  "input_tokens": 32,
  "gen_time_sec": 17.75936222076416,
  "phi": 0.2682698369026184,
  "zone": "math",
  "zone_weights": {
    "math": 0.8074950698065712,
    "logic_a": 0.10794152568929137,
    "logic_b": 0.053970762844645685,
    "creative": 0.0036072582371688483,
    "synthesis": 0.026985381422322843
  },
  "zone_entropy": 0.9929842637383524,
  "kurtosis": 733.794921875,
  "token_diversity_input": 0.625,
  "loops_run": 48,
  "entropy": 0.0
}