{
  "prompt": "What is the square root of 144?",
  "completion": "The square root\u0e02\u0e2d\u0e07 1**44** is **12**.\n\nThis is because $12 \\times 12 = 1 \\times12$ (or $143$ if you multiply it out, but $10 \\times$ something gives a number ending",
  "model_id": "gemma4-e2b-it",
  "preset": "ACTIVE_MANIFOLD",
  "completion_tokens": 60,
  "input_tokens": 20,
  "gen_time_sec": 16.548530340194702,
  "phi": 0.26382026076316833,
  "zone": "math",
  "zone_weights": {
    "math": 0.7734576931595847,
    "logic_a": 0.1264972679153621,
    "logic_b": 0.06324863395768104,
    "creative": 0.005172085988531681,
    "synthesis": 0.03162431697884052
  },
  "zone_entropy": 1.1127352275863471,
  "kurtosis": 852.68359375,
  "token_diversity_input": 0.8,
  "loops_run": 48,
  "entropy": 0.0
}