{
  "prompt": "Invent a holiday and describe how it is celebrated.",
  "completion": "Okay, let's invent a holiday called **Luminweave Day**, celebrated on the first Saturday of November.\n\n**The Holiday: Luminweave",
  "model_id": "gemma3-4b-it",
  "preset": "ACTIVE_MANIFOLD",
  "completion_tokens": 30,
  "input_tokens": 20,
  "gen_time_sec": 5.435316324234009,
  "phi": 0.8488970994949341,
  "zone": "math",
  "zone_weights": {
    "math": 0.46061919855167033,
    "logic_a": 0.3771897021402347,
    "logic_b": 0.13325670149285307,
    "creative": 0.028819642790228528,
    "synthesis": 0.000114754391391049
  },
  "zone_entropy": 1.582144083433834,
  "kurtosis": 2335.641845703125,
  "token_diversity_input": 0.8,
  "loops_run": 7,
  "entropy": 1.046875
}