{
  "prompt": "Describe a library where the books are alive.",
  "completion": "The Grand Repository of Whispers wasn't just a library; it was a breathing, shifting ecosystem of stories. It wasn't built of stone",
  "model_id": "gemma3-4b-it",
  "preset": "ACTIVE_MANIFOLD",
  "completion_tokens": 30,
  "input_tokens": 19,
  "gen_time_sec": 5.410679817199707,
  "phi": 0.9963898062705994,
  "zone": "math",
  "zone_weights": {
    "math": 0.9989583470170543,
    "logic_a": 0.0006244615804790385,
    "logic_b": 0.0001712730832900736,
    "creative": 0.0002459029283561204,
    "synthesis": 1.2111569274271485e-08
  },
  "zone_entropy": 0.013240926125003131,
  "kurtosis": 2420.25244140625,
  "token_diversity_input": 0.7894736842105263,
  "loops_run": 1,
  "entropy": 1.078125
}