{
  "prompt": "What is 17 * 23?",
  "completion": "17 multiplied by 23 is 391.\n\nHere's how to calculate it:\n\n*   17 * 2",
  "model_id": "gemma3-4b-it",
  "preset": "ACTIVE_MANIFOLD",
  "completion_tokens": 30,
  "input_tokens": 20,
  "gen_time_sec": 5.579723834991455,
  "phi": 0.8533912301063538,
  "zone": "logic_a",
  "zone_weights": {
    "math": 0.3564748907106109,
    "logic_a": 0.43149015827298576,
    "logic_b": 0.17396856777692915,
    "creative": 0.0378595263437325,
    "synthesis": 0.00020685631604068367
  },
  "zone_entropy": 1.6739954741642105,
  "kurtosis": 2328.861572265625,
  "token_diversity_input": 0.75,
  "loops_run": 7,
  "entropy": 0.99609375
}