{
  "prompt": "What is the difference between necessary and sufficient conditions?",
  "completion": "Okay, let's break down the difference between necessary and sufficient conditions. They're fundamental concepts in logic and reasoning, and understanding them is key",
  "model_id": "gemma3-4b-it",
  "preset": "ACTIVE_MANIFOLD",
  "completion_tokens": 30,
  "input_tokens": 20,
  "gen_time_sec": 5.491369724273682,
  "phi": 0.8720616698265076,
  "zone": "logic_a",
  "zone_weights": {
    "math": 0.12777728528642016,
    "logic_a": 0.46211971387829526,
    "logic_b": 0.3238976183628899,
    "creative": 0.08493674576150072,
    "synthesis": 0.001268636248051675
  },
  "zone_entropy": 1.7350768929404896,
  "kurtosis": 2306.510009765625,
  "token_diversity_input": 0.8,
  "loops_run": 8,
  "entropy": 1.3359375
}