{
  "prompt": "Compute the sum 1+2+...+100.",
  "completion": "The sum 1 + 2 + 3 + ... + 100 is the sum of the first 100 natural numbers.",
  "model_id": "gemma3-4b-it",
  "preset": "ACTIVE_MANIFOLD",
  "completion_tokens": 30,
  "input_tokens": 22,
  "gen_time_sec": 5.40115213394165,
  "phi": 0.9965384602546692,
  "zone": "math",
  "zone_weights": {
    "math": 0.9995094760225334,
    "logic_a": 0.00025234103285097064,
    "logic_b": 7.731594852655247e-05,
    "creative": 0.00016085725801752332,
    "synthesis": 4.993239323808336e-09
  },
  "zone_entropy": 0.0068068599621134915,
  "kurtosis": 2428.318115234375,
  "token_diversity_input": 0.7272727272727273,
  "loops_run": 1,
  "entropy": 0.9140625
}