{
  "prompt": "What is the relationship between mathematics and music?",
  "completion": "The relationship between mathematics and music is surprisingly deep and complex, with a long history of interconnectedness. It's not just a superficial similarity; there",
  "model_id": "gemma3-4b-it",
  "preset": "ACTIVE_MANIFOLD",
  "completion_tokens": 30,
  "input_tokens": 19,
  "gen_time_sec": 5.497353792190552,
  "phi": 0.8579522371292114,
  "zone": "logic_b",
  "zone_weights": {
    "math": 0.017843306994435155,
    "logic_a": 0.19840467557023395,
    "logic_b": 0.4808695573650758,
    "creative": 0.2843812762568527,
    "synthesis": 0.018501183314531173
  },
  "zone_entropy": 1.6969439796379011,
  "kurtosis": 2271.20654296875,
  "token_diversity_input": 0.7894736842105263,
  "loops_run": 7,
  "entropy": 1.3984375
}