{
  "prompt": "What is the smell of a forgotten promise?",
  "completion": "That's a beautiful and evocative question! Trying to capture the smell of a forgotten promise is a really interesting challenge, because it's not a",
  "model_id": "gemma3-4b-it",
  "preset": "ACTIVE_MANIFOLD",
  "completion_tokens": 30,
  "input_tokens": 19,
  "gen_time_sec": 5.500898599624634,
  "phi": 0.8512753248214722,
  "zone": "logic_a",
  "zone_weights": {
    "math": 0.36758424412758495,
    "logic_a": 0.4262898438664975,
    "logic_b": 0.1691831374143054,
    "creative": 0.03674899013595556,
    "synthesis": 0.00019378387012832502
  },
  "zone_entropy": 1.666329542650261,
  "kurtosis": 2329.628173828125,
  "token_diversity_input": 0.7894736842105263,
  "loops_run": 7,
  "entropy": 1.4609375
}