{
  "prompt": "What is the derivative of x^2 + 3x?",
  "completion": "The derivative of x\u00b2 + 3x is 2x + 3.\n\nHere's how to find the derivative:\n\n*   ",
  "model_id": "gemma3-4b-it",
  "preset": "ACTIVE_MANIFOLD",
  "completion_tokens": 30,
  "input_tokens": 23,
  "gen_time_sec": 5.344572067260742,
  "phi": 0.9966120719909668,
  "zone": "math",
  "zone_weights": {
    "math": 0.9966996965928566,
    "logic_a": 0.002268513843733928,
    "logic_b": 0.0005504704420425176,
    "creative": 0.00048127021890054066,
    "synthesis": 4.684026669165362e-08
  },
  "zone_entropy": 0.0359452961877415,
  "kurtosis": 2408.106689453125,
  "token_diversity_input": 0.8260869565217391,
  "loops_run": 1,
  "entropy": 0.52734375
}