{
  "prompt": "Describe a city built entirely of music.",
  "completion": "Let's call it Cadenza. It\u2019s not a city of buildings, but a city *composed* of sound. Imagine a metropolis where",
  "model_id": "gemma3-4b-it",
  "preset": "ACTIVE_MANIFOLD",
  "completion_tokens": 30,
  "input_tokens": 18,
  "gen_time_sec": 5.3140788078308105,
  "phi": 0.9963769912719727,
  "zone": "math",
  "zone_weights": {
    "math": 0.9921870669393872,
    "logic_a": 0.005688002162168375,
    "logic_b": 0.0013031160100565751,
    "creative": 0.0008216806191625711,
    "synthesis": 1.3271056629515063e-07
  },
  "zone_entropy": 0.07456124157026883,
  "kurtosis": 2398.8720703125,
  "token_diversity_input": 0.7777777777777778,
  "loops_run": 1,
  "entropy": 1.1796875
}