{
  "prompt": "Write a short poem about the last star going out.",
  "completion": "Okay, here's a short poem about the last star fading:\n\nA final flicker, soft and slow,\nA diamond shattered, letting go",
  "model_id": "gemma3-4b-it",
  "preset": "ACTIVE_MANIFOLD",
  "completion_tokens": 30,
  "input_tokens": 21,
  "gen_time_sec": 5.355666637420654,
  "phi": 0.9629649519920349,
  "zone": "creative",
  "zone_weights": {
    "math": 0.0005491874362808627,
    "logic_a": 0.008829428110593208,
    "logic_b": 0.1716687348412404,
    "creative": 0.6228839998021596,
    "synthesis": 0.19606864918212202
  },
  "zone_entropy": 1.3889094158114828,
  "kurtosis": 2228.8486328125,
  "token_diversity_input": 0.8095238095238095,
  "loops_run": 1,
  "entropy": 1.4375
}