{
  "prompt": "What is the value of pi to 2 decimal places?",
  "completion": "The value of pi (\u03c0) to two decimal places is approximately **3.14**.\n\nPi is an irrational number, meaning its decimal representation",
  "model_id": "gemma3-4b-it",
  "preset": "ACTIVE_MANIFOLD",
  "completion_tokens": 30,
  "input_tokens": 22,
  "gen_time_sec": 5.4970386028289795,
  "phi": 0.8560944199562073,
  "zone": "math",
  "zone_weights": {
    "math": 0.6715725410186948,
    "logic_a": 0.24266038275198065,
    "logic_b": 0.06981585628915132,
    "creative": 0.015916984568129615,
    "synthesis": 3.423463150886015e-05
  },
  "zone_entropy": 1.2451922379726907,
  "kurtosis": 2348.52783203125,
  "token_diversity_input": 0.8181818181818182,
  "loops_run": 7,
  "entropy": 1.2890625
}