{
  "prompt": "What is the connection between a poem and a mathematical proof?",
  "completion": "You've hit upon a fascinating and surprisingly deep connection between poetry and mathematical proofs! At first glance, they seem like entirely different disciplines, but a",
  "model_id": "gemma3-4b-it",
  "preset": "ACTIVE_MANIFOLD",
  "completion_tokens": 30,
  "input_tokens": 22,
  "gen_time_sec": 5.5902698040008545,
  "phi": 0.8697689771652222,
  "zone": "synthesis",
  "zone_weights": {
    "math": 5.042119711373504e-09,
    "logic_a": 5.824462283890191e-09,
    "logic_b": 6.636107412172609e-05,
    "creative": 0.18931421422927447,
    "synthesis": 0.8106194128401606
  },
  "zone_entropy": 0.70103164108882,
  "kurtosis": 2141.1025390625,
  "token_diversity_input": 0.7727272727272727,
  "loops_run": 7,
  "entropy": 1.375
}