{
  "prompt": "What comes next in the sequence: 1, 1, 2, 3, 5, 8, ?",
  "completion": "The next number in the sequence is 13.\n\nThis is the Fibonacci sequence, where each number is the sum of the two preceding numbers:",
  "model_id": "gemma3-4b-it",
  "preset": "ACTIVE_MANIFOLD",
  "completion_tokens": 30,
  "input_tokens": 36,
  "gen_time_sec": 5.693805932998657,
  "phi": 0.8445772528648376,
  "zone": "math",
  "zone_weights": {
    "math": 0.5074538135750962,
    "logic_a": 0.34956532020971315,
    "logic_b": 0.11739183427522772,
    "creative": 0.025500309732300906,
    "synthesis": 8.872155026449278e-05
  },
  "zone_entropy": 1.5256762579201928,
  "kurtosis": 2338.499267578125,
  "token_diversity_input": 0.5833333333333334,
  "loops_run": 7,
  "entropy": 1.15625
}