{
  "prompt": "How does the structure of DNA relate to information theory?",
  "completion": "The structure of DNA is remarkably well-suited to function as a highly efficient and robust information storage system, and this connection is deeply rooted in information theory",
  "model_id": "gemma3-4b-it",
  "preset": "ACTIVE_MANIFOLD",
  "completion_tokens": 30,
  "input_tokens": 21,
  "gen_time_sec": 5.726327896118164,
  "phi": 0.8834945559501648,
  "zone": "math",
  "zone_weights": {
    "math": 0.5790060981109807,
    "logic_a": 0.30462226837085643,
    "logic_b": 0.09530735277374482,
    "creative": 0.021004742432044535,
    "synthesis": 5.95376189554645e-05
  },
  "zone_entropy": 1.4199688559610126,
  "kurtosis": 2342.80224609375,
  "token_diversity_input": 0.8095238095238095,
  "loops_run": 9,
  "entropy": 1.453125
}