{
  "prompt": "How do economic systems and ecological systems balance?",
  "completion": "You've hit on a hugely complex and fascinating question! The idea of \"balancing\" economic and ecological systems is a relatively recent area of study,",
  "model_id": "gemma3-4b-it",
  "preset": "ACTIVE_MANIFOLD",
  "completion_tokens": 30,
  "input_tokens": 19,
  "gen_time_sec": 5.527515411376953,
  "phi": 0.9963087439537048,
  "zone": "math",
  "zone_weights": {
    "math": 0.9990454514813353,
    "logic_a": 0.0005640218705886877,
    "logic_b": 0.00015648450040300037,
    "creative": 0.00023402779806925406,
    "synthesis": 1.0937155585581943e-08
  },
  "zone_entropy": 0.012264497314775531,
  "kurtosis": 2421.17626953125,
  "token_diversity_input": 0.7368421052631579,
  "loops_run": 1,
  "entropy": 1.0234375
}