{
  "prompt": "What can the study of crystals teach us about patterns in music?",
  "completion": "The study of crystals and music is a fascinating and surprisingly complex field that's gained traction in recent years. While the scientific evidence for a direct,",
  "model_id": "gemma3-4b-it",
  "preset": "ACTIVE_MANIFOLD",
  "completion_tokens": 30,
  "input_tokens": 23,
  "gen_time_sec": 5.628356218338013,
  "phi": 0.9962469339370728,
  "zone": "math",
  "zone_weights": {
    "math": 0.8358339198722862,
    "logic_a": 0.1248607170091608,
    "logic_b": 0.031188806855070323,
    "creative": 0.008107104382020853,
    "synthesis": 9.451041591664139e-06
  },
  "zone_entropy": 0.803529839461423,
  "kurtosis": 2360.9638671875,
  "token_diversity_input": 0.8260869565217391,
  "loops_run": 1,
  "entropy": 1.125
}