{
  "prompt": "What would a conversation between two shadows look like?",
  "completion": "Okay, let's imagine a conversation between two shadows. Here's a possible dialogue, playing with their unique perspective and limitations:\n\n**Setting",
  "model_id": "gemma3-4b-it",
  "preset": "ACTIVE_MANIFOLD",
  "completion_tokens": 30,
  "input_tokens": 20,
  "gen_time_sec": 5.457344055175781,
  "phi": 0.9961044192314148,
  "zone": "math",
  "zone_weights": {
    "math": 0.9844422668830998,
    "logic_a": 0.011655176339099797,
    "logic_b": 0.002606113792071479,
    "creative": 0.001296125860909271,
    "synthesis": 3.1583098933518394e-07
  },
  "zone_entropy": 0.13193870653146297,
  "kurtosis": 2391.2392578125,
  "token_diversity_input": 0.8,
  "loops_run": 1,
  "entropy": 1.328125
}