{
  "prompt": "What is the perimeter of a square with side 7?",
  "completion": "The perimeter of a square is found by adding up the lengths of all four sides. Since a square has four equal sides, the perimeter is 4",
  "model_id": "gemma3-4b-it",
  "preset": "ACTIVE_MANIFOLD",
  "completion_tokens": 30,
  "input_tokens": 22,
  "gen_time_sec": 5.4686009883880615,
  "phi": 0.996285080909729,
  "zone": "math",
  "zone_weights": {
    "math": 0.9588300158306078,
    "logic_a": 0.0315009616341371,
    "logic_b": 0.00706431948445784,
    "creative": 0.002603542557242204,
    "synthesis": 1.1594448507193814e-06
  },
  "zone_entropy": 0.28814852530672197,
  "kurtosis": 2379.815673828125,
  "token_diversity_input": 0.8181818181818182,
  "loops_run": 1,
  "entropy": 1.25
}