{
  "prompt": "All cats are mammals. Felix is a cat. What can we conclude?",
  "completion": "We can conclude that Felix is a mammal. \n\nThis is a classic example of a deductive argument, specifically a syllogism:\n\n*   ",
  "model_id": "gemma3-4b-it",
  "preset": "ACTIVE_MANIFOLD",
  "completion_tokens": 30,
  "input_tokens": 25,
  "gen_time_sec": 5.665421724319458,
  "phi": 0.9960772395133972,
  "zone": "math",
  "zone_weights": {
    "math": 0.9699310820556519,
    "logic_a": 0.022901393593726654,
    "logic_b": 0.005104082140854867,
    "creative": 0.0020626879594207144,
    "synthesis": 7.531351888921082e-07
  },
  "zone_entropy": 0.22477812155318352,
  "kurtosis": 2383.609375,
  "token_diversity_input": 0.8,
  "loops_run": 1,
  "entropy": 1.3359375
}