{
  "prompt": "Describe the color of silence to someone who has never seen.",
  "completion": "Okay, this is a fascinating challenge! Describing the color of silence to someone who has never seen is about evoking a feeling and a sensation, rather",
  "model_id": "gemma3-4b-it",
  "preset": "ACTIVE_MANIFOLD",
  "completion_tokens": 30,
  "input_tokens": 22,
  "gen_time_sec": 5.542535781860352,
  "phi": 0.8803427815437317,
  "zone": "synthesis",
  "zone_weights": {
    "math": 2.145899937429958e-06,
    "logic_a": 1.5528002145538746e-05,
    "logic_b": 0.005881914013864224,
    "creative": 0.4199636154077351,
    "synthesis": 0.5741367960536661
  },
  "zone_entropy": 1.0291395136901813,
  "kurtosis": 2183.191162109375,
  "token_diversity_input": 0.8181818181818182,
  "loops_run": 8,
  "entropy": 1.3125
}