{
  "prompt": "Describe a tree that grows dreams instead of leaves.",
  "completion": "Okay, let's craft a description of a tree that grows dreams instead of leaves. Here's a detailed account, aiming for a sense of",
  "model_id": "gemma3-4b-it",
  "preset": "ACTIVE_MANIFOLD",
  "completion_tokens": 30,
  "input_tokens": 20,
  "gen_time_sec": 5.393608570098877,
  "phi": 0.8527060151100159,
  "zone": "math",
  "zone_weights": {
    "math": 0.664832739305363,
    "logic_a": 0.24729475337812967,
    "logic_b": 0.07157079889839106,
    "creative": 0.01626598213661244,
    "synthesis": 3.572554446814284e-05
  },
  "zone_entropy": 1.259485774881881,
  "kurtosis": 2348.09619140625,
  "token_diversity_input": 0.8,
  "loops_run": 7,
  "entropy": 1.2421875
}