{
  "prompt": "How do rivers shape civilizations?",
  "completion": "Rivers have profoundly shaped civilizations throughout human history, acting as more than just waterways \u2013 they've been the very foundation of societies, economies, and cultures",
  "model_id": "gemma3-4b-it",
  "preset": "ACTIVE_MANIFOLD",
  "completion_tokens": 30,
  "input_tokens": 16,
  "gen_time_sec": 5.46892786026001,
  "phi": 0.8556585907936096,
  "zone": "logic_a",
  "zone_weights": {
    "math": 0.07719992475803739,
    "logic_a": 0.41111264674267284,
    "logic_b": 0.3889584198421443,
    "creative": 0.11999108843088065,
    "synthesis": 0.0027379197775938197
  },
  "zone_entropy": 1.732724799442838,
  "kurtosis": 2296.6884765625,
  "token_diversity_input": 0.75,
  "loops_run": 7,
  "entropy": 1.4296875
}