{
  "prompt": "If today is Wednesday, what day will it be 10 days from now?",
  "completion": "If today is Wednesday, then 10 days from now will be Wednesday + 10 days = Wednesday + 6 days + 4 days",
  "model_id": "gemma3-4b-it",
  "preset": "ACTIVE_MANIFOLD",
  "completion_tokens": 30,
  "input_tokens": 27,
  "gen_time_sec": 5.739617824554443,
  "phi": 0.8348907232284546,
  "zone": "logic_b",
  "zone_weights": {
    "math": 0.017480939890137267,
    "logic_a": 0.19570170907631795,
    "logic_b": 0.4806815235847302,
    "creative": 0.2872115936910982,
    "synthesis": 0.0189242332576425
  },
  "zone_entropy": 1.6958436393705547,
  "kurtosis": 2270.885986328125,
  "token_diversity_input": 0.8518518518518519,
  "loops_run": 6,
  "entropy": 1.3359375
}