{
  "prompt": "How does the architecture of a city reflect the values of its culture?",
  "completion": "You've hit on a fascinating and incredibly complex topic! The architecture of a city is far more than just bricks and mortar; it's a",
  "model_id": "gemma3-4b-it",
  "preset": "ACTIVE_MANIFOLD",
  "completion_tokens": 30,
  "input_tokens": 24,
  "gen_time_sec": 5.5465919971466064,
  "phi": 0.9962793588638306,
  "zone": "math",
  "zone_weights": {
    "math": 0.8511026904616542,
    "logic_a": 0.11348978885181377,
    "logic_b": 0.027971980425492354,
    "creative": 0.007427511294997601,
    "synthesis": 8.028113586439237e-06
  },
  "zone_entropy": 0.7512499300357832,
  "kurtosis": 2362.474853515625,
  "token_diversity_input": 0.75,
  "loops_run": 1,
  "entropy": 1.2890625
}