{
  "prompt": "What can physics learn from biology?",
  "completion": "That's a fantastic and increasingly popular question! There's a growing field called **biophysics** (and related disciplines like systems biology and bio",
  "model_id": "gemma3-4b-it",
  "preset": "ACTIVE_MANIFOLD",
  "completion_tokens": 30,
  "input_tokens": 17,
  "gen_time_sec": 5.5274434089660645,
  "phi": 0.8747091293334961,
  "zone": "synthesis",
  "zone_weights": {
    "math": 7.07378255994292e-08,
    "logic_a": 2.0224724122975938e-07,
    "logic_b": 0.0005037324138875117,
    "creative": 0.26970700254819335,
    "synthesis": 0.729788991309267
  },
  "zone_entropy": 0.8470668157406336,
  "kurtosis": 2158.9384765625,
  "token_diversity_input": 0.7647058823529411,
  "loops_run": 7,
  "entropy": 1.4765625
}