{
  "prompt": "If a triangle has sides 3, 4, 5, what is its area?",
  "completion": "The given triangle has sides of length 3, 4, and 5. We can recognize this as a right triangle, since $3^",
  "model_id": "gemma3-4b-it",
  "preset": "ACTIVE_MANIFOLD",
  "completion_tokens": 30,
  "input_tokens": 29,
  "gen_time_sec": 5.412938594818115,
  "phi": 0.995941162109375,
  "zone": "math",
  "zone_weights": {
    "math": 0.7930360131055644,
    "logic_a": 0.1563765931355535,
    "logic_b": 0.040532320436199455,
    "creative": 0.010040950987878739,
    "synthesis": 1.4121525341245775e-05
  },
  "zone_entropy": 0.9382408364137231,
  "kurtosis": 2357.19189453125,
  "token_diversity_input": 0.7241379310344828,
  "loops_run": 1,
  "entropy": 1.359375
}