{
  "prompt": "Describe the texture of a lie.",
  "completion": "Okay, this is a fascinating and surprisingly complex question! Describing the \"texture\" of a lie is tricky because it's not a physical texture",
  "model_id": "gemma3-4b-it",
  "preset": "ACTIVE_MANIFOLD",
  "completion_tokens": 30,
  "input_tokens": 17,
  "gen_time_sec": 5.357417583465576,
  "phi": 0.9961729049682617,
  "zone": "math",
  "zone_weights": {
    "math": 0.9672558489785893,
    "logic_a": 0.0249751328705295,
    "logic_b": 0.005572677557232754,
    "creative": 0.0021954938766196143,
    "synthesis": 8.456209269083142e-07
  },
  "zone_entropy": 0.24054047709657614,
  "kurtosis": 2382.591796875,
  "token_diversity_input": 0.7647058823529411,
  "loops_run": 1,
  "entropy": 0.984375
}