{
  "prompt": "Compare a forest ecosystem to a market economy.",
  "completion": "Okay, this is a fascinating and surprisingly insightful comparison! Let's break down how a forest ecosystem functions similarly to a market economy. Here's",
  "model_id": "gemma3-4b-it",
  "preset": "ACTIVE_MANIFOLD",
  "completion_tokens": 30,
  "input_tokens": 19,
  "gen_time_sec": 5.33930516242981,
  "phi": 0.9961729049682617,
  "zone": "math",
  "zone_weights": {
    "math": 0.997795737762758,
    "logic_a": 0.001458353760750056,
    "logic_b": 0.0003671690424435645,
    "creative": 0.00037870795079151056,
    "synthesis": 2.908726253507913e-08
  },
  "zone_entropy": 0.02541158943149324,
  "kurtosis": 2412.363525390625,
  "token_diversity_input": 0.7368421052631579,
  "loops_run": 1,
  "entropy": 1.328125
}