{
  "prompt": "What is the contrapositive of 'If P then Q'?",
  "completion": "The contrapositive of a conditional statement \"If P then Q\" is \"If not Q, then not P\".\n\nHere's how it works",
  "model_id": "gemma3-4b-it",
  "preset": "ACTIVE_MANIFOLD",
  "completion_tokens": 30,
  "input_tokens": 22,
  "gen_time_sec": 5.380979061126709,
  "phi": 0.9964596033096313,
  "zone": "math",
  "zone_weights": {
    "math": 0.9638927020122418,
    "logic_a": 0.027581067645305817,
    "logic_b": 0.00616522211668746,
    "creative": 0.00236004032293801,
    "synthesis": 9.668276140826804e-07
  },
  "zone_entropy": 0.25989279329523407,
  "kurtosis": 2381.414306640625,
  "token_diversity_input": 0.8181818181818182,
  "loops_run": 1,
  "entropy": 0.95703125
}