{
  "prompt": "If some birds cannot fly, can we say all birds fly?",
  "completion": "That's a classic trick question! The statement \"If some birds cannot fly, can we say all birds fly?\" is designed to make you think",
  "model_id": "gemma3-4b-it",
  "preset": "ACTIVE_MANIFOLD",
  "completion_tokens": 30,
  "input_tokens": 23,
  "gen_time_sec": 5.557912349700928,
  "phi": 0.9955013394355774,
  "zone": "math",
  "zone_weights": {
    "math": 0.7354812030160496,
    "logic_a": 0.19788114337937318,
    "logic_b": 0.05387673492551113,
    "creative": 0.01273870213707588,
    "synthesis": 2.2215767062132043e-05
  },
  "zone_entropy": 1.096076742306924,
  "kurtosis": 2352.826416015625,
  "token_diversity_input": 0.7391304347826086,
  "loops_run": 1,
  "entropy": 1.3671875
}