{
  "prompt": "What is 7 factorial?",
  "completion": "7 factorial (written as 7!) is the product of all positive integers less than or equal to 7.  It's calculated as follows",
  "model_id": "gemma3-4b-it",
  "preset": "ACTIVE_MANIFOLD",
  "completion_tokens": 30,
  "input_tokens": 16,
  "gen_time_sec": 5.525525808334351,
  "phi": 0.9960494041442871,
  "zone": "math",
  "zone_weights": {
    "math": 0.9317837877000961,
    "logic_a": 0.05235736783214504,
    "logic_b": 0.012004598686437608,
    "creative": 0.003851857516859526,
    "synthesis": 2.387303893666954e-06
  },
  "zone_entropy": 0.4253142027629786,
  "kurtosis": 2373.429931640625,
  "token_diversity_input": 0.75,
  "loops_run": 1,
  "entropy": 0.94140625
}