{
  "prompt": "Compare the role of ritual in religion and in software development.",
  "completion": "Okay, this is a fascinating comparison! At first glance, religion and software development seem worlds apart. However, a closer look reveals surprisingly similar patterns in",
  "model_id": "gemma3-4b-it",
  "preset": "ACTIVE_MANIFOLD",
  "completion_tokens": 30,
  "input_tokens": 22,
  "gen_time_sec": 5.4119086265563965,
  "phi": 0.8718866109848022,
  "zone": "logic_b",
  "zone_weights": {
    "math": 0.040141084913236584,
    "logic_a": 0.31711017829462723,
    "logic_b": 0.45353690137464664,
    "creative": 0.18233818779353275,
    "synthesis": 0.006873647164897188
  },
  "zone_entropy": 1.7260747199331066,
  "kurtosis": 2284.7041015625,
  "token_diversity_input": 0.7727272727272727,
  "loops_run": 8,
  "entropy": 1.390625
}