{
  "prompt": "What would a museum of lost thoughts look like?",
  "completion": "Okay, this is a fantastic and evocative prompt! A museum of lost thoughts is a wonderfully melancholic and intriguing concept. Here's a breakdown of",
  "model_id": "gemma3-4b-it",
  "preset": "ACTIVE_MANIFOLD",
  "completion_tokens": 30,
  "input_tokens": 20,
  "gen_time_sec": 5.436737298965454,
  "phi": 0.9962139129638672,
  "zone": "math",
  "zone_weights": {
    "math": 0.9992101896195695,
    "logic_a": 0.00045106519219869853,
    "logic_b": 0.00012845452663232465,
    "creative": 0.00021027816919584212,
    "synthesis": 8.76252395445028e-09
  },
  "zone_entropy": 0.010381639312498792,
  "kurtosis": 2423.188232421875,
  "token_diversity_input": 0.8,
  "loops_run": 1,
  "entropy": 1.265625
}