{
  "prompt": "How many degrees are in a triangle?",
  "completion": "A triangle has 180 degrees.\n\nThis is a fundamental property of triangles. The sum of the three interior angles in any triangle always equals",
  "model_id": "gemma3-4b-it",
  "preset": "ACTIVE_MANIFOLD",
  "completion_tokens": 30,
  "input_tokens": 18,
  "gen_time_sec": 5.431318283081055,
  "phi": 0.8585773706436157,
  "zone": "logic_b",
  "zone_weights": {
    "math": 0.019676679939827368,
    "logic_a": 0.21156613796990556,
    "logic_b": 0.4811697530727143,
    "creative": 0.27100482328574693,
    "synthesis": 0.01658260523859304
  },
  "zone_entropy": 1.7019543554616967,
  "kurtosis": 2272.7490234375,
  "token_diversity_input": 0.7777777777777778,
  "loops_run": 7,
  "entropy": 1.3984375
}