{
  "prompt": "Write a toast given at the end of the universe.",
  "completion": "Okay, here's a toast for the end of the universe, aiming for a tone that's both melancholic and strangely beautiful:\n\n**(",
  "model_id": "gemma3-4b-it",
  "preset": "ACTIVE_MANIFOLD",
  "completion_tokens": 30,
  "input_tokens": 21,
  "gen_time_sec": 5.403561115264893,
  "phi": 0.9964199066162109,
  "zone": "math",
  "zone_weights": {
    "math": 0.8982041432087716,
    "logic_a": 0.07800903205365618,
    "logic_b": 0.018435683516533154,
    "creative": 0.005346772316814859,
    "synthesis": 4.368001774376212e-06
  },
  "zone_entropy": 0.5728531101261258,
  "kurtosis": 2368.023193359375,
  "token_diversity_input": 0.7619047619047619,
  "loops_run": 1,
  "entropy": 1.234375
}