{
  "prompt": "Calculate 15% of 240.",
  "completion": "15% of 240 is calculated as follows:\n\n*   **Convert the percentage to a decimal:** 15% = ",
  "model_id": "gemma3-4b-it",
  "preset": "ACTIVE_MANIFOLD",
  "completion_tokens": 30,
  "input_tokens": 21,
  "gen_time_sec": 5.3950371742248535,
  "phi": 0.8676392436027527,
  "zone": "logic_a",
  "zone_weights": {
    "math": 0.17602409573039177,
    "logic_a": 0.4767265836085632,
    "logic_b": 0.279010379363207,
    "creative": 0.06748325232493181,
    "synthesis": 0.0007556884879443871
  },
  "zone_entropy": 1.73478182319214,
  "kurtosis": 2313.0439453125,
  "token_diversity_input": 0.7619047619047619,
  "loops_run": 8,
  "entropy": 1.2265625
}