{
  "prompt": "What is the connection between color theory and emotional states?",
  "completion": "You've hit on a fascinating and surprisingly complex topic! The connection between color theory and emotional states is a well-established area of study, and",
  "model_id": "gemma3-4b-it",
  "preset": "ACTIVE_MANIFOLD",
  "completion_tokens": 30,
  "input_tokens": 21,
  "gen_time_sec": 5.395016670227051,
  "phi": 0.9650583267211914,
  "zone": "creative",
  "zone_weights": {
    "math": 0.0017874244941842568,
    "logic_a": 0.028833489759831573,
    "logic_b": 0.288328338324582,
    "creative": 0.565502977299105,
    "synthesis": 0.11554776951154999
  },
  "zone_entropy": 1.5059707771050719,
  "kurtosis": 2241.02587890625,
  "token_diversity_input": 0.8095238095238095,
  "loops_run": 1,
  "entropy": 1.2890625
}