{
  "prompt": "Imagine a door that opens onto yesterday.",
  "completion": "The air shimmers, not with heat, but with a peculiar stillness. It smells of rain-soaked earth and woodsmoke, a scent both familiar",
  "model_id": "gemma3-4b-it",
  "preset": "ACTIVE_MANIFOLD",
  "completion_tokens": 30,
  "input_tokens": 18,
  "gen_time_sec": 5.473904371261597,
  "phi": 0.8497217893600464,
  "zone": "math",
  "zone_weights": {
    "math": 0.6572842359164605,
    "logic_a": 0.25246393776474907,
    "logic_b": 0.07355399087774979,
    "creative": 0.016660382312959115,
    "synthesis": 3.745239494521071e-05
  },
  "zone_entropy": 1.2751881054204257,
  "kurtosis": 2347.616455078125,
  "token_diversity_input": 0.7777777777777778,
  "loops_run": 7,
  "entropy": 1.234375
}