{
  "prompt": "What is 9 squared?",
  "completion": "9 squared is 9 * 9 = 81.\n\nSo, 9 squared is 81.",
  "model_id": "gemma3-4b-it",
  "preset": "ACTIVE_MANIFOLD",
  "completion_tokens": 25,
  "input_tokens": 16,
  "gen_time_sec": 4.498571157455444,
  "phi": 0.8850946426391602,
  "zone": "math",
  "zone_weights": {
    "math": 0.41787165400087284,
    "logic_a": 0.4008486280436947,
    "logic_b": 0.14893468308705218,
    "creative": 0.032199591640587596,
    "synthesis": 0.0001454426161117925
  },
  "zone_entropy": 1.6253347251268861,
  "kurtosis": 2332.953369140625,
  "token_diversity_input": 0.75,
  "loops_run": 9,
  "entropy": 1.171875
}