{
  "prompt": "If f(x) = 2x + 1, what is f(5)?",
  "completion": "To find f(5), we substitute x = 5 into the function f(x) = 2x + 1.\nf(",
  "model_id": "gemma3-4b-it",
  "preset": "ACTIVE_MANIFOLD",
  "completion_tokens": 30,
  "input_tokens": 29,
  "gen_time_sec": 5.381083250045776,
  "phi": 0.9966451525688171,
  "zone": "math",
  "zone_weights": {
    "math": 0.9996900634637547,
    "logic_a": 0.00013943452986860854,
    "logic_b": 4.638016509430455e-05,
    "creative": 0.00012411282662737062,
    "synthesis": 2.8660761345354367e-09
  },
  "zone_entropy": 0.004511232421257788,
  "kurtosis": 2433.4189453125,
  "token_diversity_input": 0.7241379310344828,
  "loops_run": 1,
  "entropy": 0.68359375
}