{
  "prompt": "What does loneliness sound like as a piece of music?",
  "completion": "Okay, this is a really interesting and evocative question! Describing loneliness as music is a beautiful challenge. Here's a breakdown of what loneliness might",
  "model_id": "gemma3-4b-it",
  "preset": "ACTIVE_MANIFOLD",
  "completion_tokens": 30,
  "input_tokens": 21,
  "gen_time_sec": 5.430142402648926,
  "phi": 0.9960083365440369,
  "zone": "math",
  "zone_weights": {
    "math": 0.981823329995943,
    "logic_a": 0.013682397933441877,
    "logic_b": 0.0030513772069207727,
    "creative": 0.0014425073596302017,
    "synthesis": 3.862580046075452e-07
  },
  "zone_entropy": 0.1498184160000372,
  "kurtosis": 2389.471435546875,
  "token_diversity_input": 0.8095238095238095,
  "loops_run": 1,
  "entropy": 1.3671875
}