{
  "prompt": "What is the connection between memory and identity?",
  "completion": "The connection between memory and identity is incredibly deep and complex \u2013 they're intertwined in ways we're only beginning to fully understand. Here's",
  "model_id": "gemma3-4b-it",
  "preset": "ACTIVE_MANIFOLD",
  "completion_tokens": 30,
  "input_tokens": 19,
  "gen_time_sec": 5.392096281051636,
  "phi": 0.996131420135498,
  "zone": "math",
  "zone_weights": {
    "math": 0.9966311687271696,
    "logic_a": 0.0023196123021043988,
    "logic_b": 0.0005619091286814848,
    "creative": 0.00048725979703848754,
    "synthesis": 4.799781925511797e-08
  },
  "zone_entropy": 0.036582654465826744,
  "kurtosis": 2407.88916015625,
  "token_diversity_input": 0.7894736842105263,
  "loops_run": 1,
  "entropy": 1.359375
}