{
  "prompt": "How do games and stories share narrative structure?",
  "completion": "You've hit on a fascinating and increasingly studied topic! Games and stories, despite their different mediums, often share a remarkably similar narrative structure. While",
  "model_id": "gemma3-4b-it",
  "preset": "ACTIVE_MANIFOLD",
  "completion_tokens": 30,
  "input_tokens": 19,
  "gen_time_sec": 5.558906316757202,
  "phi": 0.8685489296913147,
  "zone": "synthesis",
  "zone_weights": {
    "math": 4.261929048175877e-08,
    "logic_a": 1.0366234640899455e-07,
    "logic_b": 0.0003440730952631021,
    "creative": 0.25196783182038235,
    "synthesis": 0.7476879480253649
  },
  "zone_entropy": 0.8186965219742164,
  "kurtosis": 2155.46435546875,
  "token_diversity_input": 0.7894736842105263,
  "loops_run": 7,
  "entropy": 1.421875
}