{
  "prompt": "Imagine a letter written by a river to the sea.",
  "completion": "Okay, here's a letter written by a river to the sea, aiming for a tone that's both weary and wistful, with a",
  "model_id": "gemma3-4b-it",
  "preset": "ACTIVE_MANIFOLD",
  "completion_tokens": 30,
  "input_tokens": 21,
  "gen_time_sec": 5.542137384414673,
  "phi": 0.8775016665458679,
  "zone": "creative",
  "zone_weights": {
    "math": 2.6355164877256092e-05,
    "logic_a": 0.0003103686817038986,
    "logic_b": 0.03075656397191111,
    "creative": 0.5508708810480825,
    "synthesis": 0.41803583052038557
  },
  "zone_entropy": 1.158388795871928,
  "kurtosis": 2202.3984375,
  "token_diversity_input": 0.7619047619047619,
  "loops_run": 8,
  "entropy": 1.5
}