{
  "prompt": "Describe the color of silence to someone who has never seen.",
  "completion": "Okay, this is a really interesting challenge \u2013 describing a sensation that\u2019s inherently visual! Since you've never experienced sight, let's try to convey \"the color of silent\" through touch, sound, and feeling. Here's my attempt:\n\n**It\u2019s not about *",
  "model_id": "gemma3-4b-it",
  "preset": "ACTIVE_MANIFOLD",
  "completion_tokens": 60,
  "input_tokens": 22,
  "gen_time_sec": 13.301766872406006,
  "phi": 0.8500165939331055,
  "zone": "math",
  "zone_weights": {
    "math": 0.999637999723721,
    "logic_a": 0.00017115961073209363,
    "logic_b": 5.5294055014166016e-05,
    "creative": 0.00013553753200999072,
    "synthesis": 3.4649393710842556e-09
  },
  "zone_entropy": 0.005187384685124752,
  "kurtosis": 2395.58154296875,
  "token_diversity_input": 0.8181818181818182,
  "loops_run": 7,
  "entropy": 0.1943359375
}