{
  "prompt": "Solve for x: 2x + 5 = 17",
  "completion": "To solve the equation 2*x +5 =17, we need to isolate 'x' on one side of the equation.\n\nHere are the steps:\n\n1. **Subtract 5 from both sides:**\n   2x+5 - 5= 12\n\n2",
  "model_id": "gemma3-4b-it",
  "preset": "ACTIVE_MANIFOLD",
  "completion_tokens": 60,
  "input_tokens": 24,
  "gen_time_sec": 12.74070692062378,
  "phi": 0.7964035272598267,
  "zone": "logic_a",
  "zone_weights": {
    "math": 0.07837986254693213,
    "logic_a": 0.4130193193599804,
    "logic_b": 0.38714383509118083,
    "creative": 0.11877978647846667,
    "synthesis": 0.002677196074662744
  },
  "zone_entropy": 1.7328004937299701,
  "kurtosis": 2290.789794921875,
  "token_diversity_input": 0.75,
  "loops_run": 5,
  "entropy": 1.171875
}