{
  "prompt": "What comes next in the sequence: 1, 1, 2, 3, 5, 8, ?",
  "completion": "The sequence is 1. 1 = 2. 3 = 5. 8 = ...\n\nThis sequence is based on adding the previous number to get the next one. This is the Fibonacci Sequence!\n\n*   1 + 1= 2\n*   2+ ",
  "model_id": "gemma3-4b-it",
  "preset": "ACTIVE_MANIFOLD",
  "completion_tokens": 60,
  "input_tokens": 36,
  "gen_time_sec": 14.680922508239746,
  "phi": 0.8700241446495056,
  "zone": "math",
  "zone_weights": {
    "math": 0.552867196144948,
    "logic_a": 0.3213800673824605,
    "logic_b": 0.10310499363904703,
    "creative": 0.022578749912635823,
    "synthesis": 6.89922406330641e-05
  },
  "zone_entropy": 1.461399451702204,
  "kurtosis": 2325.21875,
  "token_diversity_input": 0.5833333333333334,
  "loops_run": 8,
  "entropy": 0.8515625
}