{
  "mean_phi": 0.990540032585462,
  "mean_H": 1.4538931822879828,
  "mean_C": 0.9996214608351389,
  "loops_range": [
    2,
    7
  ],
  "n": 12,
  "recorded_at": "2026-06-19 07:11:30"
}