{
  "prompt": "Invent a new color and describe its emotional weight.",
  "completion": "Okay, let's invent a new color: **Lumiflora**.\n\n**Description:** Lumiflora is a color that defies easy categorization. It\u2019",
  "model_id": "gemma3-4b-it",
  "preset": "ACTIVE_MANIFOLD",
  "completion_tokens": 30,
  "input_tokens": 20,
  "gen_time_sec": 5.416158676147461,
  "phi": 0.8630365133285522,
  "zone": "logic_b",
  "zone_weights": {
    "math": 0.030195755273367222,
    "logic_a": 0.27362229490872114,
    "logic_b": 0.4707293930651856,
    "creative": 0.2155156205117455,
    "synthesis": 0.00993693577025117
  },
  "zone_entropy": 1.7190650946075978,
  "kurtosis": 2324.678466796875,
  "token_diversity_input": 0.8,
  "loops_run": 7,
  "entropy": 1.1875
}