{
  "prompt": "If some birds cannot fly, can we say all birds fly?",
  "completion": "That's a really insightful question! The answer is **no, we cannot say all birds fly.**\n\nHere's why:\n\n* **",
  "model_id": "gemma3-4b-it",
  "preset": "ACTIVE_MANIFOLD",
  "completion_tokens": 30,
  "input_tokens": 23,
  "gen_time_sec": 6.000368595123291,
  "phi": 0.8744392395019531,
  "zone": "logic_b",
  "zone_weights": {
    "math": 0.030195755273367222,
    "logic_a": 0.27362229490872114,
    "logic_b": 0.4707293930651856,
    "creative": 0.2155156205117455,
    "synthesis": 0.00993693577025117
  },
  "zone_entropy": 1.7190650946075978,
  "kurtosis": 2405.5087890625,
  "token_diversity_input": 0.7391304347826086,
  "loops_run": 8,
  "entropy": 1.1875
}