{
  "prompt": "What is 7 factorial?",
  "completion": "7 factorial (written as 7!) is calculated as follows:\n\n7! = 7 * 6 * 5 * 4 * ",
  "model_id": "gemma3-4b-it",
  "preset": "ACTIVE_MANIFOLD",
  "completion_tokens": 30,
  "input_tokens": 16,
  "gen_time_sec": 5.447089433670044,
  "phi": 0.8799552917480469,
  "zone": "logic_b",
  "zone_weights": {
    "math": 0.030195755273367222,
    "logic_a": 0.27362229490872114,
    "logic_b": 0.4707293930651856,
    "creative": 0.2155156205117455,
    "synthesis": 0.00993693577025117
  },
  "zone_entropy": 1.7190650946075978,
  "kurtosis": 2352.528076171875,
  "token_diversity_input": 0.75,
  "loops_run": 8,
  "entropy": 1.1875
}