{
  "prompt": "How do economic systems and ecological systems balance?",
  "completion": "That's a really complex and fascinating question! The idea of \"balancing\" economic and ecological systems is a central challenge of the 21st",
  "model_id": "gemma3-4b-it",
  "preset": "ACTIVE_MANIFOLD",
  "completion_tokens": 30,
  "input_tokens": 19,
  "gen_time_sec": 5.574750900268555,
  "phi": 0.8639422059059143,
  "zone": "logic_b",
  "zone_weights": {
    "math": 0.030195755273367222,
    "logic_a": 0.27362229490872114,
    "logic_b": 0.4707293930651856,
    "creative": 0.2155156205117455,
    "synthesis": 0.00993693577025117
  },
  "zone_entropy": 1.7190650946075978,
  "kurtosis": 2329.311767578125,
  "token_diversity_input": 0.7368421052631579,
  "loops_run": 7,
  "entropy": 1.1875
}