{
  "prompt": "Imagine a door that opens onto yesterday.",
  "completion": "The air shimmered, not with heat, but with a subtle, almost painful stillness. It wasn't a grand, theatrical portal, no swirling",
  "model_id": "gemma3-4b-it",
  "preset": "ACTIVE_MANIFOLD",
  "completion_tokens": 30,
  "input_tokens": 18,
  "gen_time_sec": 5.738989353179932,
  "phi": 0.8668199181556702,
  "zone": "logic_b",
  "zone_weights": {
    "math": 0.030195755273367222,
    "logic_a": 0.27362229490872114,
    "logic_b": 0.4707293930651856,
    "creative": 0.2155156205117455,
    "synthesis": 0.00993693577025117
  },
  "zone_entropy": 1.7190650946075978,
  "kurtosis": 2317.922119140625,
  "token_diversity_input": 0.7777777777777778,
  "loops_run": 8,
  "entropy": 1.1875
}