{
  "prompt": "Describe a tree that grows dreams instead of leaves.",
  "completion": "The Somnium Arbor, as it\u2019s known, isn\u2019t like any tree you\u2019ve ever seen. It stands in a perpetual twilight",
  "model_id": "gemma3-4b-it",
  "preset": "ACTIVE_MANIFOLD",
  "completion_tokens": 30,
  "input_tokens": 20,
  "gen_time_sec": 5.714033126831055,
  "phi": 0.8675805926322937,
  "zone": "logic_b",
  "zone_weights": {
    "math": 0.030195755273367222,
    "logic_a": 0.27362229490872114,
    "logic_b": 0.4707293930651856,
    "creative": 0.2155156205117455,
    "synthesis": 0.00993693577025117
  },
  "zone_entropy": 1.7190650946075978,
  "kurtosis": 2385.635986328125,
  "token_diversity_input": 0.8,
  "loops_run": 8,
  "entropy": 1.1875
}