{
  "prompt": "How do rivers shape civilizations?",
  "completion": "Rivers have profoundly shaped civilizations throughout human history, acting as more than just waterways \u2013 they've been the very foundation upon which societies grew, developed,",
  "model_id": "gemma3-4b-it",
  "preset": "ACTIVE_MANIFOLD",
  "completion_tokens": 30,
  "input_tokens": 16,
  "gen_time_sec": 5.5025224685668945,
  "phi": 0.854685366153717,
  "zone": "logic_b",
  "zone_weights": {
    "math": 0.030195755273367222,
    "logic_a": 0.27362229490872114,
    "logic_b": 0.4707293930651856,
    "creative": 0.2155156205117455,
    "synthesis": 0.00993693577025117
  },
  "zone_entropy": 1.7190650946075978,
  "kurtosis": 2338.344970703125,
  "token_diversity_input": 0.75,
  "loops_run": 7,
  "entropy": 1.1875
}