{
  "prompt": "Compare the structure of a symphony to the structure of a programming language.",
  "completion": "Okay, this is a fascinating comparison! You're right to draw parallels between a symphony and a programming language \u2013 they both rely on carefully constructed structures",
  "model_id": "gemma3-4b-it",
  "preset": "ACTIVE_MANIFOLD",
  "completion_tokens": 30,
  "input_tokens": 24,
  "gen_time_sec": 5.796795845031738,
  "phi": 0.8757385611534119,
  "zone": "logic_b",
  "zone_weights": {
    "math": 0.030195755273367222,
    "logic_a": 0.27362229490872114,
    "logic_b": 0.4707293930651856,
    "creative": 0.2155156205117455,
    "synthesis": 0.00993693577025117
  },
  "zone_entropy": 1.7190650946075978,
  "kurtosis": 2312.837890625,
  "token_diversity_input": 0.6666666666666666,
  "loops_run": 8,
  "entropy": 1.1875
}