{
  "prompt": "Compare a forest ecosystem to a market economy.",
  "completion": "Okay, this is a fascinating comparison! You're right to draw parallels between a forest ecosystem and a market economy \u2013 they both operate with surprisingly similar",
  "model_id": "gemma3-4b-it",
  "preset": "ACTIVE_MANIFOLD",
  "completion_tokens": 30,
  "input_tokens": 19,
  "gen_time_sec": 5.711612224578857,
  "phi": 0.8609902858734131,
  "zone": "logic_b",
  "zone_weights": {
    "math": 0.030195755273367222,
    "logic_a": 0.27362229490872114,
    "logic_b": 0.4707293930651856,
    "creative": 0.2155156205117455,
    "synthesis": 0.00993693577025117
  },
  "zone_entropy": 1.7190650946075978,
  "kurtosis": 2310.5205078125,
  "token_diversity_input": 0.7368421052631579,
  "loops_run": 7,
  "entropy": 1.1875
}