{
  "prompt": "Describe the color of silence to someone who has never seen.",
  "completion": "Okay, this is a fascinating challenge! Describing a color to someone who has never experienced sight is incredibly difficult, as color is inherently visual. Here",
  "model_id": "gemma3-4b-it",
  "preset": "ACTIVE_MANIFOLD",
  "completion_tokens": 30,
  "input_tokens": 22,
  "gen_time_sec": 5.5660974979400635,
  "phi": 0.8793660402297974,
  "zone": "logic_b",
  "zone_weights": {
    "math": 0.030195755273367222,
    "logic_a": 0.27362229490872114,
    "logic_b": 0.4707293930651856,
    "creative": 0.2155156205117455,
    "synthesis": 0.00993693577025117
  },
  "zone_entropy": 1.7190650946075978,
  "kurtosis": 2132.693603515625,
  "token_diversity_input": 0.8181818181818182,
  "loops_run": 8,
  "entropy": 1.1875
}