{
  "prompt": "What comes next in the sequence: 1, 1, 2, 3, 5, 8, ?",
  "completion": "The sequence is the Fibonacci sequence. Each number is the sum of the two preceding numbers.\n\n*   1 + 1 = 2\n*",
  "model_id": "gemma3-4b-it",
  "preset": "ACTIVE_MANIFOLD",
  "completion_tokens": 30,
  "input_tokens": 36,
  "gen_time_sec": 6.219212532043457,
  "phi": 0.8379519581794739,
  "zone": "logic_b",
  "zone_weights": {
    "math": 0.030195755273367222,
    "logic_a": 0.27362229490872114,
    "logic_b": 0.4707293930651856,
    "creative": 0.2155156205117455,
    "synthesis": 0.00993693577025117
  },
  "zone_entropy": 1.7190650946075978,
  "kurtosis": 2363.112060546875,
  "token_diversity_input": 0.5833333333333334,
  "loops_run": 6,
  "entropy": 1.1875
}