{
  "prompt": "What is the connection between memory and identity?",
  "completion": "The connection between memory and identity is incredibly deep and complex. It's not just that memories *shape* our identity; they are fundamentally *constit",
  "model_id": "gemma3-4b-it",
  "preset": "ACTIVE_MANIFOLD",
  "completion_tokens": 30,
  "input_tokens": 19,
  "gen_time_sec": 5.525216102600098,
  "phi": 0.8524415493011475,
  "zone": "logic_b",
  "zone_weights": {
    "math": 0.030195755273367222,
    "logic_a": 0.27362229490872114,
    "logic_b": 0.4707293930651856,
    "creative": 0.2155156205117455,
    "synthesis": 0.00993693577025117
  },
  "zone_entropy": 1.7190650946075978,
  "kurtosis": 2322.62255859375,
  "token_diversity_input": 0.7894736842105263,
  "loops_run": 7,
  "entropy": 1.1875
}