{
  "prompt": "What can physics learn from biology?",
  "completion": "That's a fantastic question! The relationship between physics and biology is becoming increasingly recognized as a rich area of mutual learning. For a long time,",
  "model_id": "gemma3-4b-it",
  "preset": "ACTIVE_MANIFOLD",
  "completion_tokens": 30,
  "input_tokens": 17,
  "gen_time_sec": 5.664833307266235,
  "phi": 0.8606953620910645,
  "zone": "logic_b",
  "zone_weights": {
    "math": 0.030195755273367222,
    "logic_a": 0.27362229490872114,
    "logic_b": 0.4707293930651856,
    "creative": 0.2155156205117455,
    "synthesis": 0.00993693577025117
  },
  "zone_entropy": 1.7190650946075978,
  "kurtosis": 2401.670166015625,
  "token_diversity_input": 0.7647058823529411,
  "loops_run": 7,
  "entropy": 1.1875
}