{
  "prompt": "What is the logical negation of 'All swans are white'?",
  "completion": "The logical negation of \"All swans are white\" is \"There exists at least one black swan.\"\n\nHere's why:\n\n* **Original",
  "model_id": "gemma3-4b-it",
  "preset": "ACTIVE_MANIFOLD",
  "completion_tokens": 30,
  "input_tokens": 22,
  "gen_time_sec": 6.00888204574585,
  "phi": 0.8720066547393799,
  "zone": "logic_b",
  "zone_weights": {
    "math": 0.030195755273367222,
    "logic_a": 0.27362229490872114,
    "logic_b": 0.4707293930651856,
    "creative": 0.2155156205117455,
    "synthesis": 0.00993693577025117
  },
  "zone_entropy": 1.7190650946075978,
  "kurtosis": 2363.234130859375,
  "token_diversity_input": 0.8181818181818182,
  "loops_run": 8,
  "entropy": 1.1875
}