{
  "prompt": "Describe a library where the books are alive.",
  "completion": "The Grand Repository of Whispers wasn't just a library; it was a breathing, murmuring, shifting ecosystem of stories. It wasn't",
  "model_id": "gemma3-4b-it",
  "preset": "ACTIVE_MANIFOLD",
  "completion_tokens": 30,
  "input_tokens": 19,
  "gen_time_sec": 5.702316522598267,
  "phi": 0.8764153718948364,
  "zone": "logic_b",
  "zone_weights": {
    "math": 0.030195755273367222,
    "logic_a": 0.27362229490872114,
    "logic_b": 0.4707293930651856,
    "creative": 0.2155156205117455,
    "synthesis": 0.00993693577025117
  },
  "zone_entropy": 1.7190650946075978,
  "kurtosis": 2407.297607421875,
  "token_diversity_input": 0.7894736842105263,
  "loops_run": 8,
  "entropy": 1.1875
}