{
  "prompt": "All cats are mammals. Felix is a cat. What can we conclude?",
  "completion": "We can conclude that Felix is a mammal. \n\nThis is a classic example of a deductive argument. The premise \"All cats are mammals\" establishes",
  "model_id": "gemma3-4b-it",
  "preset": "ACTIVE_MANIFOLD",
  "completion_tokens": 30,
  "input_tokens": 25,
  "gen_time_sec": 6.254968643188477,
  "phi": 0.8654398918151855,
  "zone": "logic_b",
  "zone_weights": {
    "math": 0.030195755273367222,
    "logic_a": 0.27362229490872114,
    "logic_b": 0.4707293930651856,
    "creative": 0.2155156205117455,
    "synthesis": 0.00993693577025117
  },
  "zone_entropy": 1.7190650946075978,
  "kurtosis": 2320.6728515625,
  "token_diversity_input": 0.8,
  "loops_run": 8,
  "entropy": 1.1875
}