{
  "prompt": "What does loneliness sound like as a piece of music?",
  "completion": "This is a fascinating question! Describing loneliness as a piece of music is a really evocative exercise. Here's a breakdown of what loneliness *could",
  "model_id": "gemma3-4b-it",
  "preset": "ACTIVE_MANIFOLD",
  "completion_tokens": 30,
  "input_tokens": 21,
  "gen_time_sec": 5.543638706207275,
  "phi": 0.8659312725067139,
  "zone": "logic_b",
  "zone_weights": {
    "math": 0.030195755273367222,
    "logic_a": 0.27362229490872114,
    "logic_b": 0.4707293930651856,
    "creative": 0.2155156205117455,
    "synthesis": 0.00993693577025117
  },
  "zone_entropy": 1.7190650946075978,
  "kurtosis": 2322.79931640625,
  "token_diversity_input": 0.8095238095238095,
  "loops_run": 7,
  "entropy": 1.1875
}