{
  "prompt": "Invent a holiday and describe how it is celebrated.",
  "completion": "Okay, let's invent a holiday called **Echo Bloom Day**. It\u2019s celebrated annually on the first day of Spring (March 20",
  "model_id": "gemma3-4b-it",
  "preset": "ACTIVE_MANIFOLD",
  "completion_tokens": 30,
  "input_tokens": 20,
  "gen_time_sec": 5.516644716262817,
  "phi": 0.8785393238067627,
  "zone": "logic_b",
  "zone_weights": {
    "math": 0.030195755273367222,
    "logic_a": 0.27362229490872114,
    "logic_b": 0.4707293930651856,
    "creative": 0.2155156205117455,
    "synthesis": 0.00993693577025117
  },
  "zone_entropy": 1.7190650946075978,
  "kurtosis": 2332.748779296875,
  "token_diversity_input": 0.8,
  "loops_run": 8,
  "entropy": 1.1875
}