{
  "prompt": "What is the contrapositive of 'If P then Q'?",
  "completion": "The contrapositive of a conditional statement \"If P then Q\" is \"If not Q, then not P\".\n\nLet's break that down",
  "model_id": "gemma3-4b-it",
  "preset": "ACTIVE_MANIFOLD",
  "completion_tokens": 30,
  "input_tokens": 22,
  "gen_time_sec": 5.770647764205933,
  "phi": 0.8796005249023438,
  "zone": "logic_b",
  "zone_weights": {
    "math": 0.030195755273367222,
    "logic_a": 0.27362229490872114,
    "logic_b": 0.4707293930651856,
    "creative": 0.2155156205117455,
    "synthesis": 0.00993693577025117
  },
  "zone_entropy": 1.7190650946075978,
  "kurtosis": 2384.630859375,
  "token_diversity_input": 0.8181818181818182,
  "loops_run": 8,
  "entropy": 1.1875
}