{
  "prompt": "If the butler and the gardener both claim innocence, and only one is lying, who did it?",
  "completion": "This is a classic logic puzzle! Here's how to solve it:\n\nThe solution is the **gardener**.\n\nHere's the reasoning",
  "model_id": "gemma3-4b-it",
  "preset": "ACTIVE_MANIFOLD",
  "completion_tokens": 30,
  "input_tokens": 30,
  "gen_time_sec": 5.941415071487427,
  "phi": 0.840728223323822,
  "zone": "logic_b",
  "zone_weights": {
    "math": 0.030195755273367222,
    "logic_a": 0.27362229490872114,
    "logic_b": 0.4707293930651856,
    "creative": 0.2155156205117455,
    "synthesis": 0.00993693577025117
  },
  "zone_entropy": 1.7190650946075978,
  "kurtosis": 2366.314208984375,
  "token_diversity_input": 0.7666666666666667,
  "loops_run": 6,
  "entropy": 1.1875
}