{
  "prompt": "How does the structure of DNA relate to information theory?",
  "completion": "The structure of DNA is remarkably well-described through the lens of information theory, revealing a deep connection between the physical arrangement of its components and the information",
  "model_id": "gemma3-4b-it",
  "preset": "ACTIVE_MANIFOLD",
  "completion_tokens": 30,
  "input_tokens": 21,
  "gen_time_sec": 6.062749147415161,
  "phi": 0.8624098896980286,
  "zone": "logic_b",
  "zone_weights": {
    "math": 0.030195755273367222,
    "logic_a": 0.27362229490872114,
    "logic_b": 0.4707293930651856,
    "creative": 0.2155156205117455,
    "synthesis": 0.00993693577025117
  },
  "zone_entropy": 1.7190650946075978,
  "kurtosis": 2263.512939453125,
  "token_diversity_input": 0.8095238095238095,
  "loops_run": 7,
  "entropy": 1.1875
}