{
  "prompt": "What is the perimeter of a square with side 7?",
  "completion": "The perimeter of a square is found by adding up the lengths of all four sides. Since a square has four equal sides, the perimeter is 4",
  "model_id": "gemma3-4b-it",
  "preset": "ACTIVE_MANIFOLD",
  "completion_tokens": 30,
  "input_tokens": 22,
  "gen_time_sec": 5.688464403152466,
  "phi": 0.8403298854827881,
  "zone": "logic_b",
  "zone_weights": {
    "math": 0.030195755273367222,
    "logic_a": 0.27362229490872114,
    "logic_b": 0.4707293930651856,
    "creative": 0.2155156205117455,
    "synthesis": 0.00993693577025117
  },
  "zone_entropy": 1.7190650946075978,
  "kurtosis": 2379.815673828125,
  "token_diversity_input": 0.8181818181818182,
  "loops_run": 6,
  "entropy": 1.1875
}