{
  "prompt": "What is 0.25 as a fraction?",
  "completion": "0.25 as a fraction is 1/4.\n\nHere's how to convert a decimal to a fraction:\n\n*   **",
  "model_id": "gemma3-4b-it",
  "preset": "ACTIVE_MANIFOLD",
  "completion_tokens": 30,
  "input_tokens": 21,
  "gen_time_sec": 5.478199243545532,
  "phi": 0.8529500365257263,
  "zone": "logic_b",
  "zone_weights": {
    "math": 0.030195755273367222,
    "logic_a": 0.27362229490872114,
    "logic_b": 0.4707293930651856,
    "creative": 0.2155156205117455,
    "synthesis": 0.00993693577025117
  },
  "zone_entropy": 1.7190650946075978,
  "kurtosis": 2372.29443359375,
  "token_diversity_input": 0.8095238095238095,
  "loops_run": 7,
  "entropy": 1.1875
}