{
  "prompt": "Write the opening line of a novel set inside a dream.",
  "completion": "The rain tasted of cinnamon and regret, and I hadn\u2019t realized I was falling until the cobblestones beneath me dissolved into swirling, iridescent smoke.",
  "model_id": "gemma3-4b-it",
  "preset": "ACTIVE_MANIFOLD",
  "completion_tokens": 30,
  "input_tokens": 22,
  "gen_time_sec": 5.73835301399231,
  "phi": 0.8759559988975525,
  "zone": "logic_b",
  "zone_weights": {
    "math": 0.030195755273367222,
    "logic_a": 0.27362229490872114,
    "logic_b": 0.4707293930651856,
    "creative": 0.2155156205117455,
    "synthesis": 0.00993693577025117
  },
  "zone_entropy": 1.7190650946075978,
  "kurtosis": 2331.65478515625,
  "token_diversity_input": 0.7727272727272727,
  "loops_run": 8,
  "entropy": 1.1875
}