{
  "prompt": "Compare the role of ritual in religion and in software development.",
  "completion": "That's a fascinating comparison! At first glance, religion and software development seem worlds apart, but a closer look reveals surprisingly similar patterns in the use",
  "model_id": "gemma3-4b-it",
  "preset": "ACTIVE_MANIFOLD",
  "completion_tokens": 30,
  "input_tokens": 22,
  "gen_time_sec": 5.701957702636719,
  "phi": 0.8720735311508179,
  "zone": "logic_b",
  "zone_weights": {
    "math": 0.030195755273367222,
    "logic_a": 0.27362229490872114,
    "logic_b": 0.4707293930651856,
    "creative": 0.2155156205117455,
    "synthesis": 0.00993693577025117
  },
  "zone_entropy": 1.7190650946075978,
  "kurtosis": 2106.39794921875,
  "token_diversity_input": 0.7727272727272727,
  "loops_run": 8,
  "entropy": 1.1875
}