{
  "prompt": "What is the smell of a forgotten promise?",
  "completion": "This is a beautiful and evocative question! Trying to capture the \"smell of a forgotten promise\" is a wonderfully challenging exercise in sensory description. Here",
  "model_id": "gemma3-4b-it",
  "preset": "ACTIVE_MANIFOLD",
  "completion_tokens": 30,
  "input_tokens": 19,
  "gen_time_sec": 5.558661937713623,
  "phi": 0.8611368536949158,
  "zone": "logic_b",
  "zone_weights": {
    "math": 0.030195755273367222,
    "logic_a": 0.27362229490872114,
    "logic_b": 0.4707293930651856,
    "creative": 0.2155156205117455,
    "synthesis": 0.00993693577025117
  },
  "zone_entropy": 1.7190650946075978,
  "kurtosis": 2108.958984375,
  "token_diversity_input": 0.7894736842105263,
  "loops_run": 7,
  "entropy": 1.1875
}