{
  "prompt": "What if gravity reversed for one hour each day?",
  "completion": "Okay, this is a fascinating thought experiment! Let's explore the implications of a daily hour-long reversal of gravity. It's a scenario",
  "model_id": "gemma3-4b-it",
  "preset": "ACTIVE_MANIFOLD",
  "completion_tokens": 30,
  "input_tokens": 20,
  "gen_time_sec": 5.5498480796813965,
  "phi": 0.8620253205299377,
  "zone": "logic_b",
  "zone_weights": {
    "math": 0.030195755273367222,
    "logic_a": 0.27362229490872114,
    "logic_b": 0.4707293930651856,
    "creative": 0.2155156205117455,
    "synthesis": 0.00993693577025117
  },
  "zone_entropy": 1.7190650946075978,
  "kurtosis": 2348.904296875,
  "token_diversity_input": 0.8,
  "loops_run": 7,
  "entropy": 1.1875
}