{
  "prompt": "If A implies B, and B implies C, what does A imply?",
  "completion": "If A implies B, and B implies C, then A implies C. This is a fundamental principle of logic called the transitive property of implication.\n\n",
  "model_id": "gemma3-4b-it",
  "preset": "ACTIVE_MANIFOLD",
  "completion_tokens": 30,
  "input_tokens": 25,
  "gen_time_sec": 6.073914289474487,
  "phi": 0.8358438014984131,
  "zone": "logic_b",
  "zone_weights": {
    "math": 0.030195755273367222,
    "logic_a": 0.27362229490872114,
    "logic_b": 0.4707293930651856,
    "creative": 0.2155156205117455,
    "synthesis": 0.00993693577025117
  },
  "zone_entropy": 1.7190650946075978,
  "kurtosis": 2198.952392578125,
  "token_diversity_input": 0.68,
  "loops_run": 6,
  "entropy": 1.1875
}