{
  "prompt": "Complete: J, F, M, A, M, ?",
  "completion": "J, F, M, A, M, **J**\n\nThis is the first letter of each month of the year: January, February,",
  "model_id": "gemma3-4b-it",
  "preset": "ACTIVE_MANIFOLD",
  "completion_tokens": 30,
  "input_tokens": 23,
  "gen_time_sec": 6.266314506530762,
  "phi": 0.8786880373954773,
  "zone": "logic_b",
  "zone_weights": {
    "math": 0.030195755273367222,
    "logic_a": 0.27362229490872114,
    "logic_b": 0.4707293930651856,
    "creative": 0.2155156205117455,
    "synthesis": 0.00993693577025117
  },
  "zone_entropy": 1.7190650946075978,
  "kurtosis": 2357.940673828125,
  "token_diversity_input": 0.6086956521739131,
  "loops_run": 8,
  "entropy": 1.1875
}