{
  "prompt": "What is 9 squared?",
  "completion": "9 squared (9\u00b2) is 81.\n\nThis is calculated as 9 * 9 = 81.",
  "model_id": "gemma3-4b-it",
  "preset": "ACTIVE_MANIFOLD",
  "completion_tokens": 26,
  "input_tokens": 16,
  "gen_time_sec": 4.516944885253906,
  "phi": 0.9937666654586792,
  "zone": "logic_b",
  "zone_weights": {
    "math": 0.030195755273367222,
    "logic_a": 0.27362229490872114,
    "logic_b": 0.4707293930651856,
    "creative": 0.2155156205117455,
    "synthesis": 0.00993693577025117
  },
  "zone_entropy": 1.7190650946075978,
  "kurtosis": 2282.91796875,
  "token_diversity_input": 0.75,
  "loops_run": 2,
  "entropy": 1.1875
}