{
  "prompt": "What is 1000 - 437?",
  "completion": "1000 - 437 = 563\n\nSo the answer is $\\boxed{563}$.\n",
  "model_id": "gemma3-4b-it",
  "preset": "ACTIVE_MANIFOLD",
  "completion_tokens": 28,
  "input_tokens": 23,
  "gen_time_sec": 5.738900184631348,
  "phi": 0.8771205544471741,
  "zone": "logic_b",
  "zone_weights": {
    "math": 0.030195755273367222,
    "logic_a": 0.27362229490872114,
    "logic_b": 0.4707293930651856,
    "creative": 0.2155156205117455,
    "synthesis": 0.00993693577025117
  },
  "zone_entropy": 1.7190650946075978,
  "kurtosis": 2380.68505859375,
  "token_diversity_input": 0.6956521739130435,
  "loops_run": 8,
  "entropy": 1.1875
}