{
  "prompt": "How does the architecture of a city reflect the values of its culture?",
  "completion": "The architecture of a city is a fascinating mirror reflecting the values, beliefs, and priorities of its culture. It\u2019s not just about aesthetics; it",
  "model_id": "gemma3-4b-it",
  "preset": "ACTIVE_MANIFOLD",
  "completion_tokens": 30,
  "input_tokens": 24,
  "gen_time_sec": 5.877521276473999,
  "phi": 0.8729739785194397,
  "zone": "logic_b",
  "zone_weights": {
    "math": 0.030195755273367222,
    "logic_a": 0.27362229490872114,
    "logic_b": 0.4707293930651856,
    "creative": 0.2155156205117455,
    "synthesis": 0.00993693577025117
  },
  "zone_entropy": 1.7190650946075978,
  "kurtosis": 2249.500244140625,
  "token_diversity_input": 0.75,
  "loops_run": 8,
  "entropy": 1.1875
}