{
  "prompt": "What is the relationship between language and thought?",
  "completion": "The relationship between language and thought is a hugely complex and debated topic in philosophy, psychology, and linguistics. There's no single, universally agreed-",
  "model_id": "gemma3-4b-it",
  "preset": "ACTIVE_MANIFOLD",
  "completion_tokens": 30,
  "input_tokens": 19,
  "gen_time_sec": 5.597309827804565,
  "phi": 0.87850421667099,
  "zone": "logic_b",
  "zone_weights": {
    "math": 0.030195755273367222,
    "logic_a": 0.27362229490872114,
    "logic_b": 0.4707293930651856,
    "creative": 0.2155156205117455,
    "synthesis": 0.00993693577025117
  },
  "zone_entropy": 1.7190650946075978,
  "kurtosis": 2389.94677734375,
  "token_diversity_input": 0.7894736842105263,
  "loops_run": 8,
  "entropy": 1.1875
}