{
  "prompt": "What is the value of pi to 2 decimal places?",
  "completion": "The value of pi to 2 decimal places is 3.14.\n",
  "model_id": "gemma3-4b-it",
  "preset": "ACTIVE_MANIFOLD",
  "completion_tokens": 18,
  "input_tokens": 22,
  "gen_time_sec": 3.409074306488037,
  "phi": 0.8559345006942749,
  "zone": "logic_b",
  "zone_weights": {
    "math": 0.030195755273367222,
    "logic_a": 0.27362229490872114,
    "logic_b": 0.4707293930651856,
    "creative": 0.2155156205117455,
    "synthesis": 0.00993693577025117
  },
  "zone_entropy": 1.7190650946075978,
  "kurtosis": 2404.415771484375,
  "token_diversity_input": 0.8181818181818182,
  "loops_run": 7,
  "entropy": 1.1875
}