{
  "prompt": "How do cooking and chemistry relate?",
  "completion": "That's a fantastic question! Cooking and chemistry are deeply intertwined. At its core, cooking *is* a series of chemical reactions. Here'",
  "model_id": "gemma3-4b-it",
  "preset": "ACTIVE_MANIFOLD",
  "completion_tokens": 30,
  "input_tokens": 17,
  "gen_time_sec": 5.262415409088135,
  "phi": 0.9937307238578796,
  "zone": "logic_b",
  "zone_weights": {
    "math": 0.030195755273367222,
    "logic_a": 0.27362229490872114,
    "logic_b": 0.4707293930651856,
    "creative": 0.2155156205117455,
    "synthesis": 0.00993693577025117
  },
  "zone_entropy": 1.7190650946075978,
  "kurtosis": 2230.70068359375,
  "token_diversity_input": 0.7647058823529411,
  "loops_run": 2,
  "entropy": 1.1875
}