{
  "prompt": "Write a short poem about the last star going out.",
  "completion": "Okay, here's a short poem about the last star fading:\n\nThe velvet dark descends so deep,\nAnd one by one, the embers",
  "model_id": "gemma3-4b-it",
  "preset": "ACTIVE_MANIFOLD",
  "completion_tokens": 30,
  "input_tokens": 21,
  "gen_time_sec": 5.714227676391602,
  "phi": 0.8757470846176147,
  "zone": "logic_b",
  "zone_weights": {
    "math": 0.030195755273367222,
    "logic_a": 0.27362229490872114,
    "logic_b": 0.4707293930651856,
    "creative": 0.2155156205117455,
    "synthesis": 0.00993693577025117
  },
  "zone_entropy": 1.7190650946075978,
  "kurtosis": 2278.084228515625,
  "token_diversity_input": 0.8095238095238095,
  "loops_run": 8,
  "entropy": 1.1875
}