{
  "prompt": "What is 2^10?",
  "completion": "2^10 = 1024\n\nTherefore, the answer is 1024.",
  "model_id": "gemma3-4b-it",
  "preset": "ACTIVE_MANIFOLD",
  "completion_tokens": 23,
  "input_tokens": 18,
  "gen_time_sec": 4.070289850234985,
  "phi": 0.8621556758880615,
  "zone": "logic_b",
  "zone_weights": {
    "math": 0.030195755273367222,
    "logic_a": 0.27362229490872114,
    "logic_b": 0.4707293930651856,
    "creative": 0.2155156205117455,
    "synthesis": 0.00993693577025117
  },
  "zone_entropy": 1.7190650946075978,
  "kurtosis": 2367.7490234375,
  "token_diversity_input": 0.7777777777777778,
  "loops_run": 7,
  "entropy": 1.1875
}