{
  "prompt": "What is the connection between a poem and a mathematical proof?",
  "completion": "That's a fascinating question! At first glance, a poem and a mathematical proof seem worlds apart \u2013 one is about emotion, imagery, and sound",
  "model_id": "gemma3-4b-it",
  "preset": "ACTIVE_MANIFOLD",
  "completion_tokens": 30,
  "input_tokens": 22,
  "gen_time_sec": 5.649108171463013,
  "phi": 0.8739923238754272,
  "zone": "logic_b",
  "zone_weights": {
    "math": 0.030195755273367222,
    "logic_a": 0.27362229490872114,
    "logic_b": 0.4707293930651856,
    "creative": 0.2155156205117455,
    "synthesis": 0.00993693577025117
  },
  "zone_entropy": 1.7190650946075978,
  "kurtosis": 2203.58837890625,
  "token_diversity_input": 0.7727272727272727,
  "loops_run": 8,
  "entropy": 1.1875
}