{
  "prompt": "What is the relationship between sleep and creativity?",
  "completion": "The relationship between sleep and creativity is surprisingly complex and fascinating. Research increasingly suggests a strong link, with sleep playing a crucial, often underestimated, role in",
  "model_id": "gemma3-4b-it",
  "preset": "ACTIVE_MANIFOLD",
  "completion_tokens": 30,
  "input_tokens": 19,
  "gen_time_sec": 5.475573539733887,
  "phi": 0.8643327355384827,
  "zone": "logic_b",
  "zone_weights": {
    "math": 0.030195755273367222,
    "logic_a": 0.27362229490872114,
    "logic_b": 0.4707293930651856,
    "creative": 0.2155156205117455,
    "synthesis": 0.00993693577025117
  },
  "zone_entropy": 1.7190650946075978,
  "kurtosis": 2346.769775390625,
  "token_diversity_input": 0.7894736842105263,
  "loops_run": 7,
  "entropy": 1.1875
}