{
  "prompt": "If P is false, what is the truth value of 'P or Q'?",
  "completion": "The truth value of 'P or Q' depends on the truth value of Q. Here's a breakdown:\n\n*   **P is false",
  "model_id": "gemma3-4b-it",
  "preset": "ACTIVE_MANIFOLD",
  "completion_tokens": 30,
  "input_tokens": 26,
  "gen_time_sec": 6.174533843994141,
  "phi": 0.8726221323013306,
  "zone": "logic_b",
  "zone_weights": {
    "math": 0.030195755273367222,
    "logic_a": 0.27362229490872114,
    "logic_b": 0.4707293930651856,
    "creative": 0.2155156205117455,
    "synthesis": 0.00993693577025117
  },
  "zone_entropy": 1.7190650946075978,
  "kurtosis": 2365.065673828125,
  "token_diversity_input": 0.8076923076923077,
  "loops_run": 8,
  "entropy": 1.1875
}