{
  "prompt": "What is the relationship between mathematics and music?",
  "completion": "The relationship between mathematics and music is surprisingly deep and intricate, stretching back centuries. It's not just a superficial connection; they're fundamentally intertwined",
  "model_id": "gemma3-4b-it",
  "preset": "ACTIVE_MANIFOLD",
  "completion_tokens": 30,
  "input_tokens": 19,
  "gen_time_sec": 5.3248374462127686,
  "phi": 0.8571415543556213,
  "zone": "logic_b",
  "zone_weights": {
    "math": 0.030195755273367222,
    "logic_a": 0.27362229490872114,
    "logic_b": 0.4707293930651856,
    "creative": 0.2155156205117455,
    "synthesis": 0.00993693577025117
  },
  "zone_entropy": 1.7190650946075978,
  "kurtosis": 2320.474365234375,
  "token_diversity_input": 0.7894736842105263,
  "loops_run": 7,
  "entropy": 1.1875
}