{
  "prompt": "If it rains, the ground gets wet. The ground is wet. Did it rain?",
  "completion": "This is a classic example of a logical fallacy called **affirming the consequent**.\n\nHere's why it's a fallacy:\n\n* **Prem",
  "model_id": "gemma3-4b-it",
  "preset": "ACTIVE_MANIFOLD",
  "completion_tokens": 30,
  "input_tokens": 28,
  "gen_time_sec": 6.130098104476929,
  "phi": 0.8312339186668396,
  "zone": "logic_b",
  "zone_weights": {
    "math": 0.030195755273367222,
    "logic_a": 0.27362229490872114,
    "logic_b": 0.4707293930651856,
    "creative": 0.2155156205117455,
    "synthesis": 0.00993693577025117
  },
  "zone_entropy": 1.7190650946075978,
  "kurtosis": 2365.98486328125,
  "token_diversity_input": 0.7142857142857143,
  "loops_run": 6,
  "entropy": 1.1875
}