{
  "prompt": "What is the syllogism called when the conclusion is hidden in the premises?",
  "completion": "That type of syllogism is called a **stratified syllogism**.\n\nHere's a breakdown of what it is and why it'",
  "model_id": "gemma3-4b-it",
  "preset": "ACTIVE_MANIFOLD",
  "completion_tokens": 30,
  "input_tokens": 26,
  "gen_time_sec": 6.204376935958862,
  "phi": 0.8742897510528564,
  "zone": "logic_b",
  "zone_weights": {
    "math": 0.030195755273367222,
    "logic_a": 0.27362229490872114,
    "logic_b": 0.4707293930651856,
    "creative": 0.2155156205117455,
    "synthesis": 0.00993693577025117
  },
  "zone_entropy": 1.7190650946075978,
  "kurtosis": 2315.77490234375,
  "token_diversity_input": 0.7307692307692307,
  "loops_run": 8,
  "entropy": 1.1875
}