{
  "prompt": "How does the structure of a cell resemble a city?",
  "completion": "That's a fantastic and surprisingly apt analogy! The structure of a cell is remarkably similar to a bustling city. Here's a breakdown of the",
  "model_id": "gemma3-4b-it",
  "preset": "ACTIVE_MANIFOLD",
  "completion_tokens": 30,
  "input_tokens": 21,
  "gen_time_sec": 5.68781590461731,
  "phi": 0.8601757287979126,
  "zone": "logic_b",
  "zone_weights": {
    "math": 0.030195755273367222,
    "logic_a": 0.27362229490872114,
    "logic_b": 0.4707293930651856,
    "creative": 0.2155156205117455,
    "synthesis": 0.00993693577025117
  },
  "zone_entropy": 1.7190650946075978,
  "kurtosis": 2372.740478515625,
  "token_diversity_input": 0.7619047619047619,
  "loops_run": 7,
  "entropy": 1.1875
}