{
  "prompt": "Complete: 1, 4, 9, 16, ?",
  "completion": "25\n\nThis is the sequence of perfect squares:\n\n*   1 = 1\u00b2\n*   4 = 2\u00b2\n*   ",
  "model_id": "gemma3-4b-it",
  "preset": "ACTIVE_MANIFOLD",
  "completion_tokens": 30,
  "input_tokens": 26,
  "gen_time_sec": 5.770368814468384,
  "phi": 0.8385470509529114,
  "zone": "logic_b",
  "zone_weights": {
    "math": 0.030195755273367222,
    "logic_a": 0.27362229490872114,
    "logic_b": 0.4707293930651856,
    "creative": 0.2155156205117455,
    "synthesis": 0.00993693577025117
  },
  "zone_entropy": 1.7190650946075978,
  "kurtosis": 2319.760498046875,
  "token_diversity_input": 0.5769230769230769,
  "loops_run": 6,
  "entropy": 1.1875
}