{
  "prompt": "Describe the texture of a lie.",
  "completion": "Okay, this is a fascinating and surprisingly complex question. Describing the \"texture\" of a lie is less about a physical sensation and more about a",
  "model_id": "gemma3-4b-it",
  "preset": "ACTIVE_MANIFOLD",
  "completion_tokens": 30,
  "input_tokens": 17,
  "gen_time_sec": 5.312909841537476,
  "phi": 0.863982617855072,
  "zone": "logic_b",
  "zone_weights": {
    "math": 0.030195755273367222,
    "logic_a": 0.27362229490872114,
    "logic_b": 0.4707293930651856,
    "creative": 0.2155156205117455,
    "synthesis": 0.00993693577025117
  },
  "zone_entropy": 1.7190650946075978,
  "kurtosis": 2349.92333984375,
  "token_diversity_input": 0.7647058823529411,
  "loops_run": 7,
  "entropy": 1.1875
}