{
  "prompt": "Describe a city built entirely of music.",
  "completion": "Let's imagine Cadenza, a city built not of stone and steel, but of sound and rhythm. It\u2019s a place where the very",
  "model_id": "gemma3-4b-it",
  "preset": "ACTIVE_MANIFOLD",
  "completion_tokens": 30,
  "input_tokens": 18,
  "gen_time_sec": 5.421994209289551,
  "phi": 0.857761025428772,
  "zone": "logic_b",
  "zone_weights": {
    "math": 0.030195755273367222,
    "logic_a": 0.27362229490872114,
    "logic_b": 0.4707293930651856,
    "creative": 0.2155156205117455,
    "synthesis": 0.00993693577025117
  },
  "zone_entropy": 1.7190650946075978,
  "kurtosis": 2300.552734375,
  "token_diversity_input": 0.7777777777777778,
  "loops_run": 7,
  "entropy": 1.1875
}