{
  "prompt": "Invent a word for the feeling of a Sunday afternoon in autumn.",
  "completion": "Okay, this is a fun challenge! Let's invent a word for the feeling of a Sunday afternoon in autumn. Here are a few options,",
  "model_id": "gemma3-4b-it",
  "preset": "ACTIVE_MANIFOLD",
  "completion_tokens": 30,
  "input_tokens": 23,
  "gen_time_sec": 5.431681156158447,
  "phi": 0.8745432496070862,
  "zone": "logic_b",
  "zone_weights": {
    "math": 0.030195755273367222,
    "logic_a": 0.27362229490872114,
    "logic_b": 0.4707293930651856,
    "creative": 0.2155156205117455,
    "synthesis": 0.00993693577025117
  },
  "zone_entropy": 1.7190650946075978,
  "kurtosis": 2425.4599609375,
  "token_diversity_input": 0.782608695652174,
  "loops_run": 8,
  "entropy": 1.1875
}