{
  "prompt": "What is the derivative of x^2 + 3x?",
  "completion": "The derivative of x^2 + 3x is 2x + 3.\n\nHere's how we find it using the power rule",
  "model_id": "gemma3-4b-it",
  "preset": "ACTIVE_MANIFOLD",
  "completion_tokens": 30,
  "input_tokens": 23,
  "gen_time_sec": 5.703865051269531,
  "phi": 0.8708873391151428,
  "zone": "logic_b",
  "zone_weights": {
    "math": 0.030195755273367222,
    "logic_a": 0.27362229490872114,
    "logic_b": 0.4707293930651856,
    "creative": 0.2155156205117455,
    "synthesis": 0.00993693577025117
  },
  "zone_entropy": 1.7190650946075978,
  "kurtosis": 2338.353759765625,
  "token_diversity_input": 0.8260869565217391,
  "loops_run": 8,
  "entropy": 1.1875
}