{
  "prompt": "Write a toast given at the end of the universe.",
  "completion": "(A single spotlight illuminates a figure, ancient and weary, standing before a silent, swirling void. They hold a single, perfect, iridescent seed.)",
  "model_id": "gemma3-4b-it",
  "preset": "ACTIVE_MANIFOLD",
  "completion_tokens": 30,
  "input_tokens": 21,
  "gen_time_sec": 5.644808530807495,
  "phi": 0.8677490949630737,
  "zone": "logic_b",
  "zone_weights": {
    "math": 0.030195755273367222,
    "logic_a": 0.27362229490872114,
    "logic_b": 0.4707293930651856,
    "creative": 0.2155156205117455,
    "synthesis": 0.00993693577025117
  },
  "zone_entropy": 1.7190650946075978,
  "kurtosis": 2392.409423828125,
  "token_diversity_input": 0.7619047619047619,
  "loops_run": 8,
  "entropy": 1.1875
}