{
  "prompt": "What is the square root of 144?",
  "completion": "The square root of 144 is 12.\n\nThis is because 12 * 12 = 144.",
  "model_id": "gemma3-4b-it",
  "preset": "ACTIVE_MANIFOLD",
  "completion_tokens": 30,
  "input_tokens": 21,
  "gen_time_sec": 5.757259130477905,
  "phi": 0.8804014921188354,
  "zone": "logic_b",
  "zone_weights": {
    "math": 0.030195755273367222,
    "logic_a": 0.27362229490872114,
    "logic_b": 0.4707293930651856,
    "creative": 0.2155156205117455,
    "synthesis": 0.00993693577025117
  },
  "zone_entropy": 1.7190650946075978,
  "kurtosis": 2384.587158203125,
  "token_diversity_input": 0.7619047619047619,
  "loops_run": 8,
  "entropy": 1.1875
}