{
  "prompt": "If f(x) = 2x + 1, what is f(5)?",
  "completion": "To find f(5), we substitute x = 5 into the function f(x) = 2x + 1.\nf(",
  "model_id": "gemma3-4b-it",
  "preset": "ACTIVE_MANIFOLD",
  "completion_tokens": 30,
  "input_tokens": 29,
  "gen_time_sec": 6.118366718292236,
  "phi": 0.8309434056282043,
  "zone": "logic_b",
  "zone_weights": {
    "math": 0.030195755273367222,
    "logic_a": 0.27362229490872114,
    "logic_b": 0.4707293930651856,
    "creative": 0.2155156205117455,
    "synthesis": 0.00993693577025117
  },
  "zone_entropy": 1.7190650946075978,
  "kurtosis": 2433.4189453125,
  "token_diversity_input": 0.7241379310344828,
  "loops_run": 6,
  "entropy": 1.1875
}