{
  "prompt": "What would a conversation between two shadows look like?",
  "completion": "Okay, this is a fun one! Here's a possible conversation between two shadows, leaning into a slightly melancholic, philosophical vibe. I'",
  "model_id": "gemma3-4b-it",
  "preset": "ACTIVE_MANIFOLD",
  "completion_tokens": 30,
  "input_tokens": 20,
  "gen_time_sec": 5.721776247024536,
  "phi": 0.8718454241752625,
  "zone": "logic_b",
  "zone_weights": {
    "math": 0.030195755273367222,
    "logic_a": 0.27362229490872114,
    "logic_b": 0.4707293930651856,
    "creative": 0.2155156205117455,
    "synthesis": 0.00993693577025117
  },
  "zone_entropy": 1.7190650946075978,
  "kurtosis": 2282.54833984375,
  "token_diversity_input": 0.8,
  "loops_run": 8,
  "entropy": 1.1875
}