{
  "prompt": "Write three sentences about a snowflake that refuses to melt.",
  "completion": "Here are three sentences about a snowflake that refuses to melt:\n\n1.  Unlike its brethren, this particular snowflake held its delicate, crystalline form,",
  "model_id": "gemma3-4b-it",
  "preset": "ACTIVE_MANIFOLD",
  "completion_tokens": 30,
  "input_tokens": 21,
  "gen_time_sec": 5.685506343841553,
  "phi": 0.8454037308692932,
  "zone": "logic_b",
  "zone_weights": {
    "math": 0.030195755273367222,
    "logic_a": 0.27362229490872114,
    "logic_b": 0.4707293930651856,
    "creative": 0.2155156205117455,
    "synthesis": 0.00993693577025117
  },
  "zone_entropy": 1.7190650946075978,
  "kurtosis": 2374.548095703125,
  "token_diversity_input": 0.8095238095238095,
  "loops_run": 6,
  "entropy": 1.1875
}