{
  "prompt": "What is the missing number: 2, 4, 8, 16, ?, 64",
  "completion": "The missing number is 32.\n\nThe sequence is doubling each time:\n\n*   2 x 2 = 4\n*   4",
  "model_id": "gemma3-4b-it",
  "preset": "ACTIVE_MANIFOLD",
  "completion_tokens": 30,
  "input_tokens": 33,
  "gen_time_sec": 5.916850328445435,
  "phi": 0.8498162627220154,
  "zone": "logic_b",
  "zone_weights": {
    "math": 0.030195755273367222,
    "logic_a": 0.27362229490872114,
    "logic_b": 0.4707293930651856,
    "creative": 0.2155156205117455,
    "synthesis": 0.00993693577025117
  },
  "zone_entropy": 1.7190650946075978,
  "kurtosis": 2376.42919921875,
  "token_diversity_input": 0.6060606060606061,
  "loops_run": 7,
  "entropy": 1.1875
}