{
  "prompt": "Write a haiku about a forgotten robot.",
  "completion": "Steel shell, silent now,\nDust motes dance in the gloom,\nLost memories sleep. \n\n---\n\nThis haiku captures the feeling of a forgotten robot. \n\nWould you like me to try a different style or focus on a different aspect?\u0d23\u0d41ance\u0d23\u0d41ance",
  "model_id": "gemma3-1b-it",
  "preset": "ACTIVE_MANIFOLD",
  "completion_tokens": 60,
  "input_tokens": 19,
  "gen_time_sec": 5.70793080329895,
  "phi": 0.9934173822402954,
  "zone": "math",
  "zone_weights": {
    "math": 0.5880605463552683,
    "logic_a": 0.22328269254938327,
    "logic_b": 0.11164134627469163,
    "creative": 0.021194739683311096,
    "synthesis": 0.055820673137345816
  },
  "zone_entropy": 1.6367644297119885,
  "kurtosis": 1051.276611328125,
  "token_diversity_input": 0.7368421052631579,
  "loops_run": 7,
  "entropy": 1.1640625
}